title,brand,model,transmission,fuel_type,price,year_of_manufacture,energy_capacity,kilometers_run,car_age
Toyota Corolla CR 13.REG 1999.MODEL 1996,Toyota,Corolla,Automatic,"CNG, Octane","Tk 530,000",1996,"1,500 cc","89,000 km",30
Toyota Corolla Cross 2023,Toyota,Corolla Cross,Automatic,"Hybrid, Octane","Tk 5,500,000",2025,"1,800 cc","15,500 km",1
Toyota RAV4 CR 13.REG 2011.MODEL 2005,Toyota,RAV4,Automatic,"Octane, LPG","Tk 1,370,000",2005,"1,800 cc","87,000 km",21
Toyota Allion CR 23.REG 2010.MODEL 2004,Toyota,Allion,Automatic,"CNG, Octane","Tk 1,350,000",2004,"1,500 cc","89,000 km",22
Toyota Hiace 2015,Toyota,Hiace,Automatic,"CNG, Octane","Tk 2,750,000",2020,"2,000 cc","190,000 km",6
Toyota Premio F 2014,Toyota,Premio,Automatic,Octane,"Tk 2,480,000",2014,"1,500 cc","63,000 km",12
Toyota Axio EX 2020,Toyota,Axio,Automatic,Octane,"Tk 2,400,000",2020,"1,500 cc","50,868 km",6
Toyota Axio 2017,Toyota,Axio,Automatic,"Hybrid, Octane","Tk 2,000,000",2023,"1,500 cc","86,000 km",3
Toyota Axio X 2013,Toyota,Axio,Automatic,Octane,"Tk 1,670,000",2013,"1,500 cc","64,000 km",13
Toyota Fielder G Edition Top Trim 2007,Toyota,Fielder,Automatic,Octane,"Tk 1,320,000",2007,"1,500 cc","290,000 km",19
Toyota Premio Super FreshCondition 2003,Toyota,Premio,Automatic,"CNG, Octane","Tk 1,370,000",2003,"1,500 cc","98,000 km",23
Toyota Noah TownAce Only Octane 2011,Toyota,Noah,Automatic,Octane,"Tk 750,000",2011,"1,500 cc","65,000 km",15
Toyota Probox GL 4-Door auto 2003,Toyota,Probox,Automatic,"CNG, Octane","Tk 730,000",2003,"1,500 cc","93,000 km",23
Toyota Allion Super FreshCondition 2006,Toyota,Allion,Automatic,"CNG, Octane","Tk 1,580,000",2006,"1,500 cc","83,000 km",20
Toyota Corolla X New Shape 2004,Toyota,Corolla,Automatic,Octane,"Tk 1,080,000",2004,"1,500 cc","140,000 km",22
Toyota Corolla 40th anniversary 2005,Toyota,Corolla,Automatic,"CNG, Octane","Tk 1,295,000",2005,"1,500 cc","83,000 km",21
Toyota Fielder 40th anniversary 2005,Toyota,Fielder,Automatic,"Octane, LPG","Tk 1,295,000",2005,"1,500 cc","93,000 km",21
Toyota Allion Super FreshCondition 2010,Toyota,Allion,Automatic,"Octane, LPG","Tk 2,130,000",2010,"1,500 cc","76,000 km",16
Toyota Axio Fresh condition 2010,Toyota,Axio,Automatic,"CNG, Octane","Tk 1,480,000",2010,"1,500 cc","92,000 km",16
Toyota Axio Doctor used 2013,Toyota,Axio,Automatic,"Octane, LPG","Tk 1,680,000",2013,"1,500 cc","87,000 km",13
Hyundai Dagon Jeep 2004,Hyundai,Other Model,Automatic,"Octane, LPG","Tk 1,200,000",2004,"3,497 cc","500,000 km",22
Toyota Noah Sparky 2000,Toyota,Noah,Automatic,Octane,"Tk 530,000",2000,"1,299 cc","150,000 km",26
Mahindra Jeep 2017,Mahindra,Other Model,Automatic,Diesel,"Tk 995,000",2017,"1,500 cc","60,000 km",9
Toyota Prado Land Cruiser TX 2017,Toyota,Prado,Automatic,Octane,"Tk 10,900,001",2017,"2,700 cc","52,291 km",9
DFSK Glory I-Auto 2020,DFSK,Glory I-Auto,Automatic,"Octane, LPG","Tk 2,300,000",2020,"1,500 cc","35,500 km",6
Toyota Sienta HYBRID 2016,Toyota,Sienta,Automatic,"Hybrid, Octane","Tk 1,850,000",2016,"1,500 cc","67,000 km",10
Toyota Sienta G QUERO TV 2020,Toyota,Sienta,Automatic,Hybrid,"Tk 2,750,000",2020,"1,500 cc","69,000 km",6
Toyota Axio EX PUSH START 2020,Toyota,Axio,Automatic,Hybrid,"Tk 2,550,000",2020,"1,500 cc","39,000 km",6
Toyota Prius A PREMIUM 2020,Toyota,Prius,Automatic,Hybrid,"Tk 3,250,000",2020,"1,800 cc","21,000 km",6
Toyota Voxy SZ 2023,Toyota,Voxy,Automatic,Hybrid,"Tk 4,800,000",2023,"1,800 cc","41,000 km",3
Toyota Corolla WXB BODYKIT 4 2021,Toyota,Corolla,Automatic,Hybrid,"Tk 3,400,000",2021,"1,800 cc","61,000 km",5
Toyota Harrier z leather 5 2021,Toyota,Harrier,Automatic,"Petrol, Octane","Tk 8,190,000",2021,"2,000 cc","38,000 km",5
Toyota Corolla Cross 2023,Toyota,Corolla Cross,Automatic,Octane,"Tk 5,300,000",2023,"1,800 cc",18 km,3
Toyota Corolla AE 101 1993,Toyota,Corolla,Automatic,"CNG, Octane","Tk 480,000",1993,"1,331 cc","150,000 km",33
Toyota Premio FL PKG Octane 2015,Toyota,Premio,Automatic,Octane,"Tk 2,695,000",2015,"1,500 cc","81,000 km",11
Toyota Allion G 2016,Toyota,Allion,Automatic,Octane,"Tk 3,070,000",2016,"1,500 cc","61,000 km",10
Toyota Land Cruiser V8 2004,Toyota,Land Cruiser,Automatic,"Petrol, Octane","Tk 7,000,000",2004,"4,600 cc","10,000 km",22
Toyota Allion . 2010,Toyota,Allion,Automatic,Octane,"Tk 2,080,000",2010,"1,500 cc","85,306 km",16
Nissan X-Trail 2018,Nissan,X-Trail,Automatic,"Hybrid, Octane","Tk 2,490,000",2023,"2,000 cc","110,000 km",3
Toyota Kluger . 2005,Toyota,Kluger,Automatic,"Octane, LPG","Tk 2,080,000",2005,"2,400 cc","87,814 km",21
Land Rover Defender 1993,Land Rover,Defender,Automatic,Diesel,"Tk 1,850,000",1993,"2,500 cc","78,000 km",33
Toyota Esquire GI PREMIUM 2014,Toyota,Esquire,Automatic,Octane,"Tk 3,500,000",2014,"2,000 cc","137,000 km",12
Nissan X-Trail . 2015,Nissan,X-Trail,Automatic,Hybrid,"Tk 2,300,000",2015,"2,000 cc","85,000 km",11
Toyota Premio Fex 2013,Toyota,Premio,Automatic,"Octane, LPG","Tk 2,420,000",2013,"1,500 cc","72,000 km",13
Toyota Allion . 2014,Toyota,Allion,Automatic,Octane,"Tk 2,430,000",2014,"1,500 cc","77,849 km",12
Toyota Premio auto push start 2014,Toyota,Premio,Automatic,"Octane, LPG","Tk 2,550,000",2014,"1,500 cc","75,000 km",12
Toyota Allion octane 2012,Toyota,Allion,Automatic,Octane,"Tk 2,085,000",2012,"1,500 cc","67,000 km",14
Toyota Corolla Fresh 2004,Toyota,Corolla,Automatic,"CNG, Octane","Tk 1,230,000",2004,"1,500 cc","95,000 km",22
Toyota Fielder Ex Push Start New 2020,Toyota,Fielder,Automatic,"Hybrid, Octane","Tk 2,370,000",2020,"1,500 cc","58,000 km",6
Toyota Axio Ex Hybrid Push Start 2020,Toyota,Axio,Automatic,"Hybrid, Octane","Tk 2,290,000",2020,"1,500 cc","73,000 km",6
Toyota Premio G PAKAGE 2012,Toyota,Premio,Automatic,"Petrol, LPG","Tk 2,330,000",2012,"1,500 cc","85,000 km",14
Toyota Corolla Fielder New Shape 2006,Toyota,Corolla,Automatic,"CNG, Octane","Tk 1,290,000",2006,"1,500 cc","69,114 km",20
Hyundai Sonata Luxury Sunroof 2016,Hyundai,Sonata,Automatic,Octane,"Tk 2,350,000",2016,"2,000 cc","26,000 km",10
Toyota Fielder 2018 G package,Toyota,Fielder,Automatic,Hybrid,"Tk 2,050,000",2018,"1,500 cc","123,500 km",8
Toyota Fielder X LIMITED 2003,Toyota,Fielder,Automatic,"CNG, Octane","Tk 1,050,000",2003,"1,500 cc","98,320 km",23
Toyota Corolla AE110 1996,Toyota,Corolla,Automatic,"CNG, Octane","Tk 580,000",1996,"1,500 cc","112,520 km",30
Toyota Allion Push Start 2010,Toyota,Allion,Automatic,"CNG, Octane","Tk 1,965,000",2010,"1,500 cc","89,000 km",16
Toyota Corolla 110 Reveri Saloom 2000,Toyota,Corolla,Automatic,"CNG, Octane","Tk 695,000",2000,"1,500 cc","100,000 km",26
Toyota Wagon 100  2000,Toyota,Wagon 100,Automatic,"CNG, Octane","Tk 440,000",2000,"1,331 cc","80,000 km",26
Toyota Probox . 2004,Toyota,Probox,Automatic,"CNG, Octane","Tk 655,000",2004,"1,500 cc","120,000 km",22
Honda Civic JDM 2018,Honda,Civic,Automatic,Octane,"Tk 3,200,000",2018,"1,500 cc","47,500 km",8
Toyota Premio G 2004,Toyota,Premio,Automatic,"CNG, Octane","Tk 1,490,000",2004,"1,500 cc","78,114 km",22
Toyota Axio 2010,Toyota,Axio,Automatic,"CNG, Octane","Tk 1,490,000",2015,"1,500 cc","68,114 km",11
Toyota Corolla G PERL NEW SHAPE 2006,Toyota,Corolla,Automatic,"CNG, Octane","Tk 1,350,000",2006,"1,500 cc","96,521 km",20
Toyota Voxy Hybrid Mica-Blue 2016,Toyota,Voxy,Automatic,"Hybrid, Octane","Tk 2,480,000",2016,"1,800 cc","85,252 km",10
Toyota Corolla X 2006,Toyota,Corolla,Manual,CNG,"Tk 1,250,000",2006,"1,500 cc","100,000 km",20
Toyota Premio F G Superior 2008,Toyota,Premio,Automatic,"Octane, LPG","Tk 1,975,000",2008,"1,500 cc","91,000 km",18
Toyota Axio X Octane Driven 2013,Toyota,Axio,Automatic,Octane,"Tk 1,675,000",2013,"1,500 cc","58,114 km",13
Toyota Noah X 2012,Toyota,Noah,Automatic,"CNG, Octane","Tk 2,200,000",2012,"1,998 cc","137,000 km",14
Toyota Prius S Touring 2016,Toyota,Prius,Automatic,"Hybrid, Octane","Tk 2,380,000",2016,"1,800 cc","132,000 km",10
Nissan X-Trail Premium 2015,Nissan,X-Trail,Automatic,Octane,"Tk 2,490,000",2015,"2,000 cc","70,000 km",11
Toyota Premio FEX PackageFacelift 2014,Toyota,Premio,Automatic,Octane,"Tk 2,700,000",2014,"1,500 cc","72,345 km",12
Toyota Prado Auto Sunroof 2000,Toyota,Prado,Automatic,"Octane, LPG","Tk 1,780,000",2000,"2,700 cc","75,540 km",26
Toyota Land Cruiser Prado with Sunroof 2004,Toyota,Land Cruiser,Automatic,Octane,"Tk 2,950,000",2004,"2,700 cc","73,538 km",22
Toyota Harrier Z leather Package 2020,Toyota,Harrier,Automatic,"Petrol, Hybrid, Octane","Tk 7,400,000",2020,"2,500 cc","88,000 km",6
Toyota Prius CX 7 Seat 2015,Toyota,Prius,Automatic,Hybrid,"Tk 2,090,000",2015,"1,800 cc","72,000 km",11
Toyota Corolla .G 2002,Toyota,Corolla,Automatic,"CNG, Octane","Tk 910,000",2002,"1,500 cc","150,000 km",24
Audi A3 2008,Audi,A3,Automatic,"Petrol, Octane","Tk 3,600,000",2008,"1,390 cc","5,500 km",18
Toyota ist G 2003,Toyota,ist,Automatic,"CNG, Octane","Tk 810,000",2003,"1,300 cc","69,000 km",23
Honda Vezel jat package 2014,Honda,Vezel,Automatic,"Hybrid, Octane","Tk 1,560,000",2014,"1,500 cc","59,000 km",12
Toyota Corolla 100 STATION WAGON 1996,Toyota,Corolla,Automatic,"Octane, LPG","Tk 295,000",1996,"1,331 cc","170,000 km",30
Toyota Starlet soliel 1995,Toyota,Starlet,Automatic,"CNG, Octane","Tk 450,000",1995,"1,331 cc","120,458 km",31
Toyota Corolla 100 STATION WAGON 2003,Toyota,Corolla,Automatic,"CNG, Octane","Tk 465,000",2003,"1,500 cc","176,120 km",23
Toyota Corolla 100 SPRINTER 1991,Toyota,Corolla,Automatic,"CNG, Octane","Tk 370,000",1991,"1,500 cc","159,406 km",35
Honda CR-V Sun Roof 2002,Honda,CR-V,Automatic,Octane,"Tk 1,095,000",2002,"2,000 cc","127,861 km",24
Honda H-RV Hard Jeep 2004,Honda,H-RV,Automatic,"CNG, Octane","Tk 630,000",2004,"1,600 cc","162,390 km",22
Toyota Hiace GL 2018,Toyota,Hiace,Automatic,"CNG, Octane","Tk 3,100,000",2018,"2,000 cc","164,601 km",8
Nissan X-Trail Octane Drive 2010,Nissan,X-Trail,Automatic,Octane,"Tk 1,650,000",2010,"2,000 cc","65,000 km",16
Nissan X-Trail 7Seater Sunroof 2016,Nissan,X-Trail,Automatic,Octane,"Tk 3,180,000",2016,"2,000 cc","48,000 km",10
Toyota Corolla X 2006,Toyota,Corolla,Automatic,"CNG, Octane","Tk 1,300,000",2006,"1,500 cc","94,000 km",20
Honda HR-V MTORS 2021,Honda,HR-V,Automatic,Octane,"Tk 3,095,000",2021,"1,500 cc","31,000 km",5
Toyota Corolla G New shape 2005,Toyota,Corolla,Automatic,"CNG, Octane","Tk 1,250,000",2005,"1,500 cc","96,000 km",21
Hyundai Sonata Full Fresh Sunroof 2012,Hyundai,Sonata,Automatic,Octane,"Tk 1,650,000",2012,"2,000 cc","79,078 km",14
Toyota Corolla 2005,Toyota,Corolla,Automatic,"CNG, Octane","Tk 1,270,000",2008,"1,500 cc","150,000 km",18
Toyota Premio FEX 2015,Toyota,Premio,Automatic,Octane,"Tk 2,800,000",2015,150 cc,"60,000 km",11
Toyota Corolla Cross Z Leather Packaga 2021,Toyota,Corolla Cross,Automatic,Octane,"Tk 4,980,000",2021,"1,800 cc","36,962 km",5
Toyota RAV4 . 2004,Toyota,RAV4,Automatic,"Petrol, CNG, Octane","Tk 1,050,000",2004,"1,998 cc","145,000 km",22
Toyota Noah 2020,Toyota,Noah,Automatic,Octane,"Tk 3,500,000",2020,"2,000 cc","126,013 km",6
Toyota ist 2005,Toyota,ist,Automatic,Octane,"Tk 850,000",2011,"1,300 cc","65,000 km",15
Toyota Allion . 2004,Toyota,Allion,Automatic,"CNG, Octane","Tk 1,300,000",2004,"1,500 cc","146,215 km",22
Toyota Axio 2010,Toyota,Axio,Automatic,"CNG, Octane","Tk 1,460,000",2010,"1,500 cc","115,360 km",16
Toyota Premio 2014,Toyota,Premio,Automatic,LPG,"Tk 2,550,000",2018,"1,500 cc","89,000 km",8
Toyota Noah X 2012,Toyota,Noah,Automatic,"CNG, Octane","Tk 2,550,000",2012,"2,000 cc","89,400 km",14
Toyota Axio 2011,Toyota,Axio,Automatic,"Petrol, CNG","Tk 1,550,000",2017,"1,500 cc","189,842 km",9
Toyota Fielder 2014,Toyota,Fielder,Automatic,"Hybrid, Octane","Tk 1,600,000",2014,"1,500 cc","97,000 km",12
Nissan X-Trail 7 Seater-Non Hybrid 2016,Nissan,X-Trail,Automatic,Octane,"Tk 2,650,000",2016,"2,000 cc","58,840 km",10
Toyota Axio x 2010,Toyota,Axio,Automatic,"CNG, Octane","Tk 1,370,000",2010,"1,500 cc","200,000 km",16
Toyota Axio 2008,Toyota,Axio,Automatic,"CNG, Octane","Tk 1,250,000",2012,"1,500 cc","100,300 km",14
Toyota Rush 2006,Toyota,Rush,Manual,Octane,"Tk 1,200,000",2011,"1,500 cc","120,000 km",15
Toyota Noah Esqure Gi Premium 2018,Toyota,Noah,Automatic,"Hybrid, Octane","Tk 3,180,000",2018,"1,800 cc","71,000 km",8
Nissan X-Trail Mode Premier 2015,Nissan,X-Trail,Automatic,Hybrid,"Tk 2,850,000",2015,"2,000 cc","79,500 km",11
Toyota Starlet  1990,Toyota,Starlet,Automatic,"Octane, LPG","Tk 380,000",1990,"1,331 cc","117,000 km",36
Toyota Noah  2012,Toyota,Noah,Automatic,"Octane, LPG","Tk 2,150,000",2012,"2,000 cc","75,259 km",14
Toyota Esquire . 2016,Toyota,Esquire,Automatic,"Octane, LPG","Tk 2,990,000",2016,"2,000 cc","98,000 km",10
Toyota Allion 2013,Toyota,Allion,Automatic,Octane,"Tk 2,288,000",2018,"1,500 cc","93,000 km",8
Toyota T100 . 1997,Toyota,T100,Automatic,"CNG, Octane","Tk 600,000",1997,"1,331 cc","75,000 km",29
Toyota Noah . 2002,Toyota,Noah,Automatic,"CNG, Octane","Tk 1,200,000",2002,"2,000 cc","262,000 km",24
Toyota Carina TI 1999,Toyota,Carina,Automatic,"Octane, LPG","Tk 820,000",1999,"1,500 cc","186,000 km",27
Toyota Corolla 1994,Toyota,Corolla,Automatic,"CNG, Octane","Tk 430,000",1998,"1,500 cc","180,000 km",28
Toyota Axio 2007,Toyota,Axio,Automatic,"Petrol, LPG","Tk 1,300,000",2010,"1,500 cc","40,000 km",16
Toyota Corolla SE limited 1992,Toyota,Corolla,Automatic,"CNG, Octane","Tk 400,000",1992,"1,500 cc",70 km,34
Toyota Noah 2004,Toyota,Noah,Automatic,"Octane, LPG","Tk 1,300,000",2007,"2,000 cc","100,000 km",19
Toyota Corolla 1993,Toyota,Corolla,Automatic,"CNG, Octane","Tk 380,000",2009,"1,500 cc","250,000 km",17
Toyota Raum  2003,Toyota,Raum,Automatic,"Octane, LPG","Tk 1,080,000",2003,"1,500 cc",10 km,23
Toyota Corolla X 2004,Toyota,Corolla,Automatic,"CNG, Octane","Tk 1,020,000",2004,"1,500 cc","95,000 km",22
"Toyota Noah KR42 NOAH, GL 2005",Toyota,Noah,Automatic,"Petrol, CNG","Tk 950,000",2005,"1,800 cc","10,253 km",21
Toyota Harrier Beige Interior 2005,Toyota,Harrier,Automatic,Octane,"Tk 2,575,000",2005,"2,400 cc","140,000 km",21
Toyota Allion A 15 2015,Toyota,Allion,Automatic,Octane,"Tk 2,575,000",2015,"1,500 cc","65,000 km",11
Mazda Axela 3 2004,Mazda,Axela,Automatic,"Petrol, CNG, Octane","Tk 765,000",2004,"1,500 cc","45,000 km",22
Toyota Allion . 2005,Toyota,Allion,Automatic,"Octane, LPG","Tk 1,500,000",2005,"1,500 cc","105,000 km",21
Toyota Allion 2013,Toyota,Allion,Automatic,Octane,"Tk 2,300,000",2013,"1,500 cc","88,000 km",13
Toyota Noah Car 2010,Toyota,Noah,Automatic,"CNG, Octane","Tk 1,890,000",2010,"2,000 cc","150,000 km",16
Toyota Fielder G edition Push Start 2012,Toyota,Fielder,Automatic,"Octane, LPG","Tk 1,615,000",2012,"1,500 cc","89,000 km",14
Toyota Allion A15 2007,Toyota,Allion,Automatic,"CNG, Octane","Tk 1,950,000",2007,"1,500 cc","66,000 km",19
Toyota Allion . 2005,Toyota,Allion,Automatic,"CNG, Octane","Tk 1,550,000",2005,"1,500 cc","1,000 km",21
Nissan X-Trail . 2016,Nissan,X-Trail,Automatic,"Hybrid, Octane","Tk 2,250,000",2016,"2,000 cc","91,656 km",10
Toyota Fielder WXB 2014,Toyota,Fielder,Automatic,"Hybrid, Octane","Tk 1,620,000",2014,"1,500 cc","106,813 km",12
Toyota Axio 2013,Toyota,Axio,Automatic,"CNG, Octane","Tk 1,600,000",2018,"1,500 cc","100,000 km",8
Toyota Hiace . 2016,Toyota,Hiace,Automatic,CNG,"Tk 2,450,000",2016,"2,000 cc","50,000 km",10
Toyota Noah 2013,Toyota,Noah,Automatic,"CNG, Octane","Tk 900,000",2019,"1,500 cc","158,896 km",7
Mitsubishi Pajero V6 1993,Mitsubishi,Pajero,Automatic,Diesel,"Tk 775,000",1993,"2,470 cc","98,000 km",33
Toyota Prado . 2000,Toyota,Prado,Automatic,Octane,"Tk 2,500,000",2000,"2,690 cc","267,031 km",26
Toyota Axio G 2015,Toyota,Axio,Automatic,Octane,"Tk 2,100,000",2015,"1,500 cc","48,100 km",11
Toyota Axio HYBRID 2014,Toyota,Axio,Automatic,"Hybrid, Octane","Tk 1,470,000",2014,"1,500 cc","70,000 km",12
Toyota Axio Corolla 2013,Toyota,Axio,Automatic,"Octane, LPG","Tk 1,630,000",2013,"1,500 cc","105,000 km",13
Toyota Corolla 111 1999,Toyota,Corolla,Automatic,"CNG, Octane","Tk 640,000",1999,"1,500 cc","100,000 km",27
Toyota Starlet Soleil 1995,Toyota,Starlet Soleil,Automatic,Octane,"Tk 450,000",1995,"1,300 cc","80,000 km",31
Toyota Probox . 2008,Toyota,Probox,Automatic,CNG,"Tk 900,000",2008,"1,500 cc","100,020 km",18
Toyota Axio G Hybrid 2015,Toyota,Axio,Automatic,Hybrid,"Tk 1,850,000",2015,"1,500 cc","167,000 km",11
Nissan X-Trail Octane Draive 2017,Nissan,X-Trail,Automatic,Octane,"Tk 3,630,000",2017,"2,000 cc","44,265 km",9
Toyota Fielder 202 2010,Toyota,Fielder,Automatic,Octane,"Tk 1,570,000",2010,"1,500 cc","72,180 km",16
Toyota Corolla Cross Z LEATHER PANA. ROOF 2023,Toyota,Corolla Cross,Automatic,Hybrid,"Tk 5,020,000",2023,"1,800 cc","11,000 km",3
Honda Accord OCTANEOVERFRIESH 2006,Honda,Accord,Automatic,Octane,"Tk 1,380,000",2006,"2,400 cc","67,900 km",20
Toyota Harrier OCTANEOVERFRIESH 2006,Toyota,Harrier,Automatic,Octane,"Tk 2,630,000",2006,"2,400 cc","9,099 km",20
Toyota Harrier Z LEATHER OCTEN DRI. 2020,Toyota,Harrier,Automatic,Petrol,"Tk 7,850,000",2020,"2,000 cc","46,000 km",6
Toyota Noah Non hybrid 2020,Toyota,Noah,Automatic,"Petrol, Octane","Tk 3,500,000",2020,"2,000 cc","68,351 km",6
Toyota Hiace GL 2020,Toyota,Hiace,Automatic,Octane,"Tk 3,610,000",2020,"2,000 cc","65,000 km",6
Toyota Corolla Cross HYBRID Z LEATHER 2022,Toyota,Corolla Cross,Automatic,"Petrol, Hybrid, Octane","Tk 4,580,000",2022,"1,800 cc","9,500 km",4
Toyota Corolla Hybrid G-X 2020,Toyota,Corolla,Automatic,"Petrol, Hybrid, Octane","Tk 2,900,000",2020,"1,800 cc","77,000 km",6
Toyota Premio F 2020,Toyota,Premio,Automatic,Octane,"Tk 4,150,000",2020,"1,490 cc","86,700 km",6
Suzuki Vitara JLX 4WD 1996,Suzuki,Vitara,Manual,"Petrol, CNG, Octane","Tk 550,000",1996,"1,600 cc","72,000 km",30
Toyota Axio Hybrid EX 2020,Toyota,Axio,Automatic,"Hybrid, Octane","Tk 2,950,000",2020,"1,490 cc","45,900 km",6
Toyota Starlet owner first 1992,Toyota,Starlet,Automatic,"CNG, Octane","Tk 480,000",1992,"1,331 cc","86,598 km",34
Toyota Premio F FL pakage 2018,Toyota,Premio,Automatic,Octane,"Tk 3,399,000",2018,"1,500 cc","96,000 km",8
Toyota Prado Tx-L 7Seat Sunroof 2017,Toyota,Prado,Automatic,"Petrol, Octane","Tk 8,900,000",2017,"2,700 cc","54,000 km",9
Range Rover Vogue SV SERENITY P460E 2025,Range Rover,Vogue,Automatic,"Petrol, Octane","Tk 90,000,000",2025,"3,000 cc",0 km,1
Toyota Land Cruiser Prado TXL Limited 2023,Toyota,Land Cruiser,Automatic,"Petrol, Octane","Tk 17,600,000",2023,"2,700 cc","16,000 km",3
Toyota Noah SI GRADE PUSH 2013,Toyota,Noah,Automatic,"Petrol, Octane, LPG","Tk 2,450,000",2013,"2,000 cc","68,000 km",13
Nissan Bluebird sylphy 2006,Nissan,Bluebird,Automatic,"CNG, Octane","Tk 1,050,000",2006,"1,500 cc","85,000 km",20
Toyota Axio X 2015,Toyota,Axio,Automatic,"Octane, LPG","Tk 2,040,000",2015,"1,500 cc","71,800 km",11
Toyota Rush G 2006,Toyota,Rush,Automatic,Octane,"Tk 1,340,000",2006,"1,500 cc","73,000 km",20
Toyota Noah Non hybrid 2020,Toyota,Noah,Automatic,"Petrol, Octane","Tk 3,620,000",2020,"2,000 cc","78,254 km",6
Toyota Aqua GS STYLE VERSION 2014,Toyota,Aqua,Automatic,"Hybrid, Octane","Tk 1,350,000",2014,"1,500 cc","63,000 km",12
Honda CR-V JDM EX MUGEN KIT 2019,Honda,CR-V,Automatic,"Petrol, Octane","Tk 5,000,000",2019,"1,500 cc","39,000 km",7
Toyota Avanza 7Seats Dual Ac 1.5L 2010,Toyota,Avanza,Automatic,"Octane, LPG","Tk 1,360,000",2010,"1,500 cc","48,000 km",16
Nissan X-Trail 20Xi Xtt Leather Pkg 2012,Nissan,X-Trail,Automatic,"Petrol, Octane","Tk 1,980,000",2012,"2,000 cc","52,000 km",14
Mitsubishi Outlander Roadest 7 seats 2010,Mitsubishi,Outlander,Automatic,Octane,"Tk 1,999,000",2010,"2,000 cc","82,000 km",16
Toyota Premio F 2004,Toyota,Premio,Automatic,"Octane, LPG","Tk 1,545,000",2004,"1,500 cc","81,265 km",22
Toyota Axio NON HYBRID- 4 POINT 2020,Toyota,Axio,Automatic,"Petrol, Octane","Tk 2,700,000",2020,"1,500 cc","75,351 km",6
Toyota Corolla Cross Hybrid-Z-Leather 2022,Toyota,Corolla Cross,Automatic,"Petrol, Hybrid, Octane","Tk 4,500,000",2022,"1,800 cc","10,000 km",4
Toyota Esquire GI PB Dhaka Ready 2020,Toyota,Esquire,Automatic,"Hybrid, Octane","Tk 3,980,000",2020,"1,800 cc","46,000 km",6
Toyota Corolla Cross Hybrid Z Leather. 2022,Toyota,Corolla Cross,Automatic,"Petrol, Hybrid, Octane","Tk 4,750,000",2022,"1,800 cc","10,000 km",4
Toyota Noah X Smart Non Hybrid 2022,Toyota,Noah,Automatic,"Petrol, Octane","Tk 4,500,000",2022,"2,000 cc","98,000 km",4
Toyota Corolla Cross Z 2025,Toyota,Corolla Cross,Automatic,"Hybrid, Octane","Tk 5,700,000",2025,"1,790 cc","12,400 km",1
Toyota Esquire GIP PKG 2020,Toyota,Esquire,Automatic,"Hybrid, Octane","Tk 4,200,000",2020,"1,790 cc","40,035 km",6
Maxus D90 2023,Other brand,Other model,Automatic,"Hybrid, Octane","Tk 7,000,000",2023,"2,000 cc","7,500 km",3
Mitsubishi Pajero SUNROOF 2008,Mitsubishi,Pajero,Automatic,Octane,"Tk 2,750,000",2008,"3,000 cc","125,658 km",18
Toyota Noah hybrid 2019,Toyota,Noah,Automatic,"Hybrid, Octane","Tk 2,890,000",2019,"2,000 cc","52,000 km",7
Toyota Esquire GI Prm Dhaka ready 2020,Toyota,Esquire,Automatic,"Hybrid, Octane","Tk 3,950,000",2020,"1,800 cc","71,000 km",6
Toyota Hiace 12 setter 2016,Toyota,Hiace,Automatic,Octane,"Tk 2,400,000",2016,"2,000 cc","95,000 km",10
Toyota Land Cruiser TX Prado 2009,Toyota,Land Cruiser,Automatic,Octane,"Tk 5,750,000",2009,"2,700 cc","108,500 km",17
Toyota Mark II 35Th Anniversary 2003,Toyota,Mark II,Automatic,Octane,"Tk 1,450,000",2003,"2,000 cc","72,000 km",23
Toyota Allion A15 2010,Toyota,Allion,Automatic,"Octane, LPG","Tk 2,030,000",2010,"1,500 cc","76,145 km",16
Toyota Corolla Cross Hybrid S 2021,Toyota,Corolla Cross,Automatic,"Petrol, Hybrid, Octane","Tk 3,950,000",2021,"1,800 cc",123 km,5
Toyota C-HR Hybrid S 2021,Toyota,C-HR,Automatic,"Petrol, Hybrid, Octane","Tk 3,050,000",2021,"1,800 cc","76,864 km",5
Toyota Harrier black 2000,Toyota,Harrier,Automatic,Octane,"Tk 950,000",2000,"2,400 cc","86,000 km",26
Toyota Fielder 5 Seater 2012,Toyota,Fielder,Automatic,"CNG, Octane","Tk 1,550,000",2012,"1,500 cc","75,000 km",14
Toyota Corolla Cross HY Z LEATHER MOONROF 2022,Toyota,Corolla Cross,Automatic,"Petrol, Hybrid, Octane","Tk 4,870,000",2022,"1,800 cc","36,000 km",4
Toyota Corolla Cross Z-LEATHER MOONROOF.. 2022,Toyota,Corolla Cross,Automatic,"Petrol, Hybrid, Octane","Tk 5,100,000",2022,"1,800 cc","45,000 km",4
Toyota Fielder . 2020,Toyota,Fielder,Automatic,Octane,"Tk 2,650,000",2020,"1,500 cc","76,000 km",6
Toyota Corolla G Super condition 2005,Toyota,Corolla,Automatic,"CNG, Octane","Tk 1,295,000",2005,"1,500 cc","87,000 km",21
Toyota Prado Brand New 2023,Toyota,Prado,Automatic,Octane,"Tk 17,500,000",2023,"2,700 cc",0 km,3
Toyota Hiace GL 2015,Toyota,Hiace,Automatic,"Octane, LPG","Tk 2,490,000",2015,"2,000 cc","157,548 km",11
Jaguar XJ L Long Wheel Base 2015,Jaguar,XJ,Automatic,"Petrol, Octane","Tk 8,200,000",2015,"2,000 cc","25,000 km",11
Toyota Aqua Hybrid S Style 2020,Toyota,Aqua,Automatic,"Petrol, Hybrid, Octane","Tk 1,860,000",2020,"1,500 cc","65,767 km",6
Toyota Probox gl 2008,Toyota,Probox,Automatic,"CNG, Octane","Tk 850,000",2008,"1,500 cc","85,000 km",18
Toyota Corolla A100 1994,Toyota,Corolla,Automatic,"CNG, Octane","Tk 1,320,000",1994,"1,500 cc","89,000 km",32
Toyota Esquire Hybrid-Gi-Premium. 2020,Toyota,Esquire,Automatic,"Petrol, Hybrid, Octane","Tk 4,000,000",2020,"1,800 cc","80,000 km",6
Toyota Prado DIESEL 2009,Toyota,Prado,Manual,Diesel,"Tk 5,400,000",2009,"3,000 cc","45,000 km",17
Toyota Corolla Cross Z- 2025,Toyota,Corolla Cross,Automatic,"Hybrid, Octane","Tk 5,800,000",2025,"1,790 cc",55 km,1
Hyundai H1 . 2010,Hyundai,H1,Automatic,Octane,"Tk 1,299,000",2010,"2,400 cc","56,000 km",16
Nissan X-Trail  aCaa a.aaaaRaaa 2012,Nissan,X-Trail,Automatic,Octane,"Tk 2,360,000",2012,"2,000 cc","71,251 km",14
Toyota Allion A15 2002,Toyota,Allion,Automatic,"CNG, Octane","Tk 1,280,000",2002,"1,500 cc","91,245 km",24
Toyota Axio X 2013,Toyota,Axio,Automatic,"Petrol, CNG, Octane","Tk 1,650,000",2013,"1,500 cc","72,413 km",13
Honda Vezel 5 Seater 2016,Honda,Vezel,Automatic,Octane,"Tk 2,280,000",2016,"1,500 cc","75,000 km",10
Toyota Premio 5 Seater 2016,Toyota,Premio,Automatic,Octane,"Tk 2,500,000",2016,"1,500 cc","68,000 km",10
Toyota Corolla Cross HYBRID G 4 GRADE 2022,Toyota,Corolla Cross,Automatic,"Petrol, Hybrid, Octane","Tk 4,250,000",2022,"1,800 cc","38,000 km",4
Toyota C-HR G PKG 2020,Toyota,C-HR,Automatic,"Hybrid, Octane","Tk 3,700,000",2020,"1,790 cc","19,799 km",6
Toyota Cross Z 2025,Toyota,Cross,Automatic,"Hybrid, Octane","Tk 6,550,000",2025,"1,790 cc",10 km,1
Toyota Cross Z 2025,Toyota,Cross,Automatic,"Hybrid, Octane","Tk 5,800,000",2025,"1,790 cc",50 km,1
Toyota Corolla Cross Z PKG 2022,Toyota,Corolla Cross,Automatic,"Hybrid, Octane","Tk 4,700,000",2022,"1,790 cc","28,895 km",4
Toyota Corolla Cross Z PKG 2022,Toyota,Corolla Cross,Automatic,"Hybrid, Octane","Tk 4,725,000",2022,"1,790 cc","11,900 km",4
Toyota Prius Alpha S PKG 2019,Toyota,Prius,Automatic,"Hybrid, Octane","Tk 3,650,000",2019,"1,790 cc","61,795 km",7
Lexus ES 300H JDM S CLASS 2019,Lexus,ES,Automatic,"Petrol, Hybrid, Octane","Tk 8,200,000",2019,"2,500 cc","41,000 km",7
Toyota Alphard Executive Lounge 25L 2025,Toyota,Alphard,Automatic,"Petrol, Octane","Tk 20,000,000",2025,"2,500 cc",0 km,1
Toyota Corolla . 1992,Toyota,Corolla,Manual,"Petrol, CNG","Tk 375,000",1992,"1,490 cc","150,000 km",34
Toyota Prius S Touring 4.5 Grade. 2020,Toyota,Prius,Automatic,"Petrol, Hybrid, Octane","Tk 3,570,000",2020,"1,800 cc","54,000 km",6
Nissan Bluebird sylphy 2006,Nissan,Bluebird,Automatic,Octane,"Tk 1,250,000",2006,"1,500 cc","79,000 km",20
Toyota Wagon station 1992,Toyota,Wagon,Automatic,"CNG, Octane","Tk 380,000",1992,"1,300 cc","98,000 km",34
Toyota Prado TX 2005,Toyota,Prado,Automatic,Octane,"Tk 3,525,000",2005,"2,700 cc","96,355 km",21
Toyota Premio 5 Seater 2011,Toyota,Premio,Automatic,Octane,"Tk 2,280,000",2011,"1,500 cc","68,000 km",15
Toyota Fielder Ex Hybrid 2020,Toyota,Fielder,Automatic,"Petrol, Octane","Tk 2,250,000",2020,"1,500 cc","58,000 km",6
Toyota Premio F 2006,Toyota,Premio,Automatic,"Octane, LPG","Tk 1,580,000",2006,"1,500 cc","84,215 km",20
GAC EMKOO 2025,GAC,EMKOO,Automatic,Petrol,"Tk 5,000,000",2025,"1,500 cc",0 km,1
Toyota Hiace silver 2010,Toyota,Hiace,Automatic,CNG,"Tk 2,020,000",2010,"2,000 cc","89,000 km",16
Toyota Harrier Non Hybrid 2021,Toyota,Harrier,Automatic,"Petrol, Octane","Tk 6,800,000",2021,"2,000 cc","58,746 km",5
Toyota Corolla Cross Hybrid Z Leather 4.5 2023,Toyota,Corolla Cross,Automatic,"Petrol, Hybrid, Octane","Tk 5,150,000",2023,"1,800 cc","24,000 km",3
Nissan X-Trail Jeep 2011,Nissan,X-Trail,Automatic,Octane,"Tk 1,695,000",2011,"2,000 cc","76,000 km",15
BYD ATTO 3 2025,BYD,ATTO 3,Automatic,Electric,"Tk 5,200,000",2025,50 cc,0 km,1
Nissan Sunny silver 2004,Nissan,Sunny,Automatic,"CNG, Octane","Tk 650,000",2004,"1,500 cc","76,000 km",22
Toyota Axio Hybrid EX 2020,Toyota,Axio,Automatic,"Petrol, Octane","Tk 2,250,000",2020,"1,500 cc","52,000 km",6
Toyota Allion A15 2003,Toyota,Allion,Automatic,"Octane, LPG","Tk 1,299,000",2003,"1,500 cc","89,000 km",23
Toyota Hiace GL HITER BOX 2020,Toyota,Hiace,Automatic,"Petrol, Octane","Tk 3,500,000",2020,"2,000 cc","75,000 km",6
Toyota Corolla Cross Z LEATHER MOONROOF-5 2024,Toyota,Corolla Cross,Automatic,"Petrol, Hybrid, Octane","Tk 5,700,000",2024,"1,800 cc",4 km,2
Toyota Axio X Grade 2014,Toyota,Axio,Automatic,Petrol,"Tk 1,800,000",2014,"1,496 cc","60,000 km",12
Toyota Axio G 2011,Toyota,Axio,Automatic,"CNG, Octane","Tk 1,470,000",2011,"1,500 cc","87,000 km",15
Toyota Corolla x 2002,Toyota,Corolla,Automatic,"CNG, Octane","Tk 950,000",2002,"1,500 cc","95,000 km",24
Toyota Premio push start 2011,Toyota,Premio,Automatic,"CNG, Octane","Tk 2,150,000",2011,"1,500 cc","75,000 km",15
Toyota Axio push start 2012,Toyota,Axio,Automatic,"CNG, Octane","Tk 1,670,000",2012,"1,500 cc","59,000 km",14
Toyota Carina ti 1999,Toyota,Carina,Automatic,Octane,"Tk 750,000",1999,"1,500 cc","87,000 km",27
Toyota Noah X 2006,Toyota,Noah,Automatic,"CNG, Octane","Tk 1,230,000",2006,"2,000 cc","95,000 km",20
Toyota Premio push start 2009,Toyota,Premio,Automatic,"CNG, Octane","Tk 1,900,000",2009,"1,500 cc","95,000 km",17
Toyota Corolla Cross Z PKG 2025,Toyota,Corolla Cross,Automatic,"Hybrid, Octane","Tk 6,600,000",2025,"1,790 cc",8 km,1
Nissan Sunny octane draive 2011,Nissan,Sunny,Automatic,Octane,"Tk 1,095,000",2011,"1,300 cc","87,265 km",15
Changan Alsvin 2025,Changan,Alsvin,Automatic,Petrol,"Tk 1,500,000",2025,"1,500 cc",0 km,1
Toyota Premio push start 2010,Toyota,Premio,Automatic,"CNG, Octane","Tk 1,920,000",2010,"1,500 cc","79,000 km",16
Toyota Fielder 5 Seater 2004,Toyota,Fielder,Automatic,"CNG, Octane","Tk 1,400,000",2004,"1,500 cc","75,000 km",22
Toyota Fielder 5 Seater 2012,Toyota,Fielder,Automatic,"CNG, Octane","Tk 1,620,000",2012,"1,500 cc","85,000 km",14
Toyota Hiace GL DUAL AC TRH 2021,Toyota,Hiace,Automatic,"Petrol, Octane","Tk 3,600,000",2021,"2,000 cc","43,000 km",5
Mitsubishi Eclipse Cross 2022,Mitsubishi,Eclipse Cross,Automatic,"Octane, Other fuel type","Tk 4,800,000",2022,"1,500 cc","60,123 km",4
Toyota Hiace 12 setter 2016,Toyota,Hiace,Automatic,"Octane, LPG","Tk 3,450,000",2016,"1,500 cc","75,000 km",10
Nissan Bluebird 2006,Nissan,Bluebird,Automatic,Octane,"Tk 1,130,000",2006,"1,500 cc","79,652 km",20
Toyota Fielder 5 Seater 2009,Toyota,Fielder,Automatic,"CNG, Octane","Tk 1,500,000",2009,"1,500 cc","75,000 km",17
Toyota Premio 5 Seater 2008,Toyota,Premio,Automatic,Octane,"Tk 2,080,000",2008,"1,500 cc","85,000 km",18
Toyota Allion G plus 2014,Toyota,Allion,Automatic,Octane,"Tk 2,495,000",2014,"1,500 cc","56,000 km",12
Toyota Premio 2007,Toyota,Premio,Automatic,"CNG, Octane","Tk 1,660,000",2009,"1,500 cc","46,566 km",17
Toyota Premio red wine 2004,Toyota,Premio,Automatic,"CNG, Octane","Tk 1,300,000",2004,"1,500 cc","85,000 km",22
Toyota Corolla Cross Z-LEATHER-MOONROOF 2025,Toyota,Corolla Cross,Automatic,"Petrol, Hybrid, Octane","Tk 6,400,000",2025,"1,800 cc",0 km,1
Toyota Esquire  2000,Toyota,Esquire,Automatic,"CNG, Octane","Tk 480,000",2000,"1,500 cc","100,000 km",26
Toyota Corolla  2025,Toyota,Corolla,Automatic,"Diesel, CNG","Tk 1,300,000",2025,"1,500 cc","209,000 km",1
Toyota Axio . 2014,Toyota,Axio,Automatic,Hybrid,"Tk 1,560,000",2014,"1,500 cc","120,000 km",12
Toyota Noah With 7 Seater 2022,Toyota,Noah,Automatic,Octane,"Tk 4,820,000",2022,"2,000 cc","60,672 km",4
Kia Sorento 2025,Kia,Sorento,Automatic,Hybrid,"Tk 25,000,000",2025,"2,500 cc",0 km,1
Changan HUNTER 2025,Changan,Other Model,Automatic,Petrol,"Tk 5,000,000",2025,"1,910 cc",0 km,1
Toyota Corolla HY WXB Touring 4 AP 2020,Toyota,Corolla,Automatic,"Petrol, Hybrid, Octane","Tk 3,250,000",2020,"1,800 cc","44,000 km",6
Toyota Corolla HY WXB TOURING 4.5 2020,Toyota,Corolla,Automatic,"Petrol, Hybrid, Octane","Tk 3,380,000",2020,"1,800 cc","29,000 km",6
Toyota Mark II GX100 TRENTE 2.0L 1997,Toyota,Mark II,Automatic,"Petrol, Octane, LPG","Tk 1,120,000",1997,"2,000 cc","82,000 km",29
Toyota Alphard Executive Loung 4 2020,Toyota,Alphard,Automatic,"Petrol, Hybrid, Octane","Tk 9,400,000",2020,"2,500 cc","80,363 km",6
Toyota Axio Ex hyb push 3.5pt 2020,Toyota,Axio,Automatic,"Hybrid, Octane","Tk 2,250,000",2020,"1,500 cc","95,956 km",6
Toyota Axio EX PUSH HYBRID 2020,Toyota,Axio,Automatic,Hybrid,"Tk 2,450,000",2020,"1,500 cc","90,000 km",6
Toyota Fielder Ex Non Hyb push 3.5p 2020,Toyota,Fielder,Automatic,"Octane, Other fuel type","Tk 2,650,000",2020,"1,500 cc","99,985 km",6
Toyota Esquire With 7 Seater 2020,Toyota,Esquire,Automatic,"Hybrid, Octane","Tk 3,800,000",2020,"1,800 cc","47,228 km",6
Toyota Axio Ex Non Hyb push 4pt 2020,Toyota,Axio,Automatic,"Hybrid, Octane","Tk 2,650,000",2020,"1,500 cc","85,236 km",6
Toyota Prius S Touring Hyb 4pt 2018,Toyota,Prius,Automatic,"Hybrid, Octane","Tk 2,750,000",2018,"1,800 cc","90,555 km",8
Toyota Premio push state imarjenci 2010,Toyota,Premio,Automatic,"CNG, Octane","Tk 1,890,000",2010,"1,500 cc","98,000 km",16
Toyota Prius S SAfety package 2020,Toyota,Prius,Automatic,"Hybrid, Octane","Tk 2,750,000",2020,"1,800 cc","47,000 km",6
Toyota Corolla Cross Z leather hyb 4.5pt 2022,Toyota,Corolla Cross,Automatic,"Hybrid, Octane","Tk 4,700,000",2022,"1,800 cc","41,222 km",4
Toyota Noah SI WXB HYBRID 2020,Toyota,Noah,Automatic,"Petrol, Hybrid","Tk 3,520,000",2020,"1,800 cc","98,000 km",6
Toyota Corolla X 2005,Toyota,Corolla,Automatic,"CNG, Octane","Tk 1,150,000",2005,"1,500 cc","87,000 km",21
Toyota Axio white 2009,Toyota,Axio,Automatic,Octane,"Tk 1,380,000",2009,"1,500 cc","89,000 km",17
Toyota Fielder Ex Hyb push 4pt 2020,Toyota,Fielder,Automatic,"Hybrid, Octane","Tk 2,320,000",2020,"1,500 cc","85,236 km",6
Toyota Corolla G 2001,Toyota,Corolla,Automatic,"CNG, Octane","Tk 1,080,000",2001,"1,500 cc","47,467 km",25
Toyota Axio silver 2010,Toyota,Axio,Automatic,Octane,"Tk 1,540,000",2010,"1,500 cc","85,000 km",16
Toyota Noah X Non hyb 3.5pt key 2020,Toyota,Noah,Automatic,"Octane, Other fuel type","Tk 3,500,000",2020,"2,000 cc","68,000 km",6
Suzuki Swift vvti eng a2aa-aaa 2004,Suzuki,Swift,Automatic,Octane,"Tk 550,000",2004,"1,331 cc","78,000 km",22
Honda Vezel Z Package Nonhybrid 2014,Honda,Vezel,Automatic,Octane,"Tk 2,099,999",2014,"1,500 cc","56,000 km",12
Hyundai Tucson sunroof 2017,Hyundai,Tucson,Automatic,Octane,"Tk 2,740,000",2017,"2,000 cc","57,300 km",9
Toyota Premio 2006,Toyota,Premio,Automatic,"CNG, Octane","Tk 1,550,000",2008,"1,500 cc","200,000 km",18
Toyota C-HR G 2020,Toyota,C-HR,Automatic,Hybrid,"Tk 3,400,000",2020,"1,800 cc","71,000 km",6
Toyota Corolla WXB HY FULL LOADED 2020,Toyota,Corolla,Automatic,"Petrol, Hybrid, Octane","Tk 3,200,000",2020,"1,800 cc","84,647 km",6
Toyota Esquire GI PREMIUM HYBRID 2021,Toyota,Esquire,Automatic,Hybrid,"Tk 3,980,000",2021,"1,800 cc","56,743 km",5
Toyota Axio EX PACKAGE NON-HY 2021,Toyota,Axio,Automatic,"Petrol, Octane","Tk 2,640,000",2021,"1,500 cc","45,682 km",5
Toyota Hiace GL AMBULANCE 2021,Toyota,Hiace,Automatic,"Petrol, Octane","Tk 2,680,000",2021,"2,000 cc","84,362 km",5
Toyota Hiace Super GL DARKPRIME 2018,Toyota,Hiace,Automatic,"Petrol, Hybrid, Octane","Tk 4,100,000",2018,"2,000 cc","68,075 km",8
Toyota C-HR G-LED Hybrid 2019,Toyota,C-HR,Automatic,"Petrol, Hybrid, Octane","Tk 3,730,000",2019,"1,800 cc","59,473 km",7
Honda Civic S Package OCTANE 2020,Honda,Civic,Automatic,Petrol,"Tk 3,750,000",2020,"1,500 cc","47,000 km",6
Toyota Noah G Pkg 2 Door Power 2017,Toyota,Noah,Automatic,"Petrol, Hybrid, Octane","Tk 2,900,000",2017,"1,800 cc","108,470 km",9
Toyota Premio F-EX Package 2017,Toyota,Premio,Automatic,Octane,"Tk 3,250,000",2017,"1,500 cc","63,000 km",9
Nissan Sunny EX salon 2004,Nissan,Sunny,Automatic,"Octane, LPG","Tk 770,000",2004,"1,500 cc","72,000 km",22
Toyota Esquire GI PREMIUM Hybrid 2019,Toyota,Esquire,Automatic,Hybrid,"Tk 3,650,000",2019,"1,800 cc","111,000 km",7
Toyota Probox 2003,Toyota,Probox,Automatic,"CNG, Octane","Tk 680,000",2008,"1,500 cc","70,000 km",18
Nissan Bluebird sylphy 2006,Nissan,Bluebird,Automatic,Octane,"Tk 1,130,000",2006,"1,500 cc","77,452 km",20
Toyota Noah DX 2006,Toyota,Noah,Automatic,"CNG, Octane","Tk 1,270,000",2006,"1,800 cc","72,000 km",20
Toyota Corona Premio 1999,Toyota,Corona,Automatic,Octane,"Tk 670,000",1999,"1,580 cc","170,000 km",27
Toyota Axio EX OCTANE WHITE 2020,Toyota,Axio,Automatic,Petrol,"Tk 2,690,000",2020,"1,500 cc","87,000 km",6
Toyota Yaris Cross G PACKAGE 2020,Toyota,Yaris Cross,Automatic,Hybrid,"Tk 3,380,000",2020,"1,500 cc","45,000 km",6
Toyota Premio F-Ex Mica Blue 4.5 2021,Toyota,Premio,Automatic,"Petrol, Octane","Tk 4,750,000",2021,"1,500 cc","32,000 km",5
Toyota Corolla Cross Z LEATHER BLACK 2022,Toyota,Corolla Cross,Automatic,Hybrid,"Tk 4,799,000",2022,"1,800 cc","62,000 km",4
"Toyota C-HR G MODE NERO,POINT4.5 2020",Toyota,C-HR,Automatic,Hybrid,"Tk 3,575,000",2020,"1,800 cc","96,000 km",6
Toyota Esquire Gi Non HV Pearl 2020,Toyota,Esquire,Automatic,"Petrol, Octane","Tk 4,150,000",2020,"2,000 cc","50,258 km",6
Toyota Esquire Gi Hybrid Pearl 2020,Toyota,Esquire,Automatic,Hybrid,"Tk 3,590,000",2020,"1,800 cc","56,780 km",6
Toyota Corolla Cross Z Leather Pearl 2022,Toyota,Corolla Cross,Automatic,Hybrid,"Tk 4,750,000",2022,"1,800 cc","58,000 km",4
Toyota Harrier Z Leather Non HV 2020,Toyota,Harrier,Automatic,"Petrol, Octane","Tk 7,890,000",2020,"2,000 cc","25,714 km",6
Toyota Esquire Gi Non HV Mica Blue 2020,Toyota,Esquire,Automatic,"Petrol, Octane","Tk 4,360,000",2020,"2,000 cc","53,118 km",6
Toyota Corolla 111 Super conditions 1999,Toyota,Corolla,Automatic,"CNG, Octane","Tk 540,000",1999,"1,331 cc","115,000 km",27
Toyota Premio Fex Package Limited 2015,Toyota,Premio,Automatic,"Octane, LPG","Tk 2,650,000",2015,"1,500 cc","51,118 km",11
Toyota Corolla X Over Fresh 2005,Toyota,Corolla,Automatic,"Petrol, CNG, Octane","Tk 1,350,000",2005,"1,500 cc","86,200 km",21
Toyota Passo G CANDY RED 2004,Toyota,Passo,Automatic,Octane,"Tk 450,000",2004,"1,000 cc","67,000 km",22
Toyota Corolla Cross FULL LOADED Z PKG 2023,Toyota,Corolla Cross,Automatic,Hybrid,"Tk 4,650,000",2023,"1,800 cc","30,321 km",3
Toyota Axio Hybrid 2019,Toyota,Axio,Automatic,"Hybrid, Octane","Tk 2,150,000",2019,"1,500 cc","67,000 km",7
Toyota Corolla G 40Th Anniversary 2006,Toyota,Corolla,Automatic,"Petrol, CNG, Octane","Tk 1,280,000",2006,"1,500 cc","81,100 km",20
Toyota Yaris Cross Z-LEATHER 2021,Toyota,Yaris Cross,Automatic,Hybrid,"Tk 3,350,000",2021,"1,500 cc","40,000 km",5
Toyota Harrier Old Shap Sunroof 2020,Toyota,Harrier,Automatic,"Petrol, Octane","Tk 6,850,000",2020,"2,000 cc","40,000 km",6
Toyota Hiace Super GL Dark Prime2 2022,Toyota,Hiace,Automatic,"Petrol, Octane","Tk 4,700,000",2022,"2,000 cc","57,000 km",4
Toyota Noah G 2022,Toyota,Noah,Automatic,Hybrid,"Tk 4,500,000",2022,"1,800 cc","15,000 km",4
Nissan X-Trail 2014,Nissan,X-Trail,Automatic,Octane,"Tk 3,000,000",2016,"2,000 cc","46,000 km",10
Toyota Corolla Cross S PANAROMIC ROOF 2022,Toyota,Corolla Cross,Automatic,Hybrid,"Tk 4,570,000",2022,"1,800 cc","46,000 km",4
Toyota Esquire Gi Premium Hybrid 2020,Toyota,Esquire,Automatic,Hybrid,"Tk 3,870,000",2020,"1,800 cc","67,000 km",6
Toyota Axio G 2013,Toyota,Axio,Automatic,"CNG, Octane","Tk 1,750,000",2013,"1,500 cc","82,000 km",13
Toyota Harrier PREMIUM STYLE NOIR 2020,Toyota,Harrier,Automatic,"Petrol, Octane","Tk 6,750,000",2020,"2,000 cc","54,000 km",6
Toyota Harrier Z-LEATHER 2020,Toyota,Harrier,Automatic,"Petrol, Octane","Tk 8,030,000",2020,"2,000 cc","60,000 km",6
Toyota Hiace High Roof Ambulance 2020,Toyota,Hiace,Automatic,"Petrol, Octane","Tk 3,000,000",2020,"2,000 cc","61,000 km",6
Toyota Harrier Premium 2020,Toyota,Harrier,Automatic,"Petrol, Octane","Tk 7,020,000",2020,"2,000 cc","91,000 km",6
"Toyota Noah X Power Door,8 Seat 2020",Toyota,Noah,Automatic,"Petrol, Octane","Tk 3,730,000",2020,"2,000 cc","63,000 km",6
Toyota Harrier Z-LEATHER 2021,Toyota,Harrier,Automatic,"Petrol, Octane","Tk 8,200,000",2021,"2,000 cc","70,000 km",5
Toyota Noah Octen key 3.5p 2020,Toyota,Noah,Automatic,"Octane, Other fuel type","Tk 3,520,000",2020,"2,000 cc","68,123 km",6
Toyota Prius Alpha G 2020,Toyota,Prius,Automatic,Hybrid,"Tk 3,900,000",2020,"1,800 cc","43,300 km",6
Toyota Noah X 2021,Toyota,Noah,Automatic,"Petrol, Octane","Tk 3,800,000",2021,"2,000 cc","11,100 km",5
"Toyota Noah X 2 Door Power,Push 2021",Toyota,Noah,Automatic,"Petrol, Octane","Tk 3,860,000",2021,"2,000 cc","92,000 km",5
Toyota Noah X Power Door 2020,Toyota,Noah,Automatic,"Petrol, Octane","Tk 3,560,000",2020,"2,000 cc","68,000 km",6
Toyota C-HR G-LED 2021,Toyota,C-HR,Automatic,Hybrid,"Tk 3,580,000",2021,"1,800 cc","4,000 km",5
Toyota Premio FL-LED 2020,Toyota,Premio,Automatic,"Petrol, Octane","Tk 4,430,000",2020,"1,500 cc","34,000 km",6
Toyota Noah S-Z 2022,Toyota,Noah,Automatic,Hybrid,"Tk 5,380,000",2022,"1,800 cc","8,000 km",4
Toyota Hiace Ambulance DX 2021,Toyota,Hiace,Automatic,"Petrol, Octane","Tk 2,870,000",2021,"2,000 cc","86,000 km",5
Toyota Aqua S hybrid 2020,Toyota,Aqua,Automatic,Hybrid,"Tk 1,900,000",2020,"1,500 cc","21,721 km",6
Toyota Voxy S-Z 2022,Toyota,Voxy,Automatic,Hybrid,"Tk 5,290,000",2022,"1,800 cc","55,000 km",4
Toyota Harrier Z-Leather 2020,Toyota,Harrier,Automatic,"Petrol, Octane","Tk 7,950,000",2020,"2,000 cc","25,200 km",6
Toyota Hiace Ambulance DX 2021,Toyota,Hiace,Automatic,"Petrol, Octane","Tk 2,850,000",2021,"2,000 cc","114,000 km",5
Toyota Hiace Super GL Key Start 2020,Toyota,Hiace,Automatic,"Petrol, Octane","Tk 3,900,000",2020,"2,000 cc","41,000 km",6
Toyota Voxy ZS Sunroof 2020,Toyota,Voxy,Automatic,"Petrol, Octane","Tk 5,130,000",2020,"2,000 cc","21,000 km",6
Toyota Hiace Ambulance GL 2020,Toyota,Hiace,Automatic,"Petrol, Octane","Tk 2,920,000",2020,"2,000 cc","85,600 km",6
Toyota Prius S Touring 2020,Toyota,Prius,Automatic,Octane,"Tk 2,960,000",2020,"1,500 cc","47,000 km",6
Toyota Corolla Cross Z LEATHER HARDTOP4.5 2021,Toyota,Corolla Cross,Automatic,Hybrid,"Tk 4,360,000",2021,"1,800 cc","53,528 km",5
Toyota Esquire GI Premium Ready 2025,Toyota,Esquire,Automatic,"Hybrid, Octane","Tk 4,080,000",2025,"1,800 cc","45,866 km",1
Toyota Premio Fex Red Wine 2020,Toyota,Premio,Automatic,"Petrol, Octane","Tk 4,580,000",2020,"1,500 cc","34,892 km",6
Toyota Premio Fex Black 2021,Toyota,Premio,Automatic,"Petrol, Octane","Tk 4,770,000",2021,"1,500 cc","28,600 km",5
Toyota Corolla . 2003,Toyota,Corolla,Automatic,"CNG, Octane","Tk 1,020,000",2003,"1,500 cc","85,000 km",23
Toyota Fielder Ex non Hyb push 3.5p 2020,Toyota,Fielder,Automatic,"Octane, Other fuel type","Tk 2,650,000",2020,"1,500 cc","85,632 km",6
Honda Insight Ex Black Style RedHV 2021,Honda,Insight,Automatic,Hybrid,"Tk 4,350,000",2021,"1,500 cc","9,000 km",5
Honda Grace Lx Hybrid Pearl 2020,Honda,Grace,Automatic,Hybrid,"Tk 2,650,000",2020,"1,500 cc","35,971 km",6
Toyota Harrier Z leather Ready 2020,Toyota,Harrier,Automatic,Octane,"Tk 7,200,000",2020,"2,000 cc","12,538 km",6
Toyota Premio Fex Silver 2020,Toyota,Premio,Automatic,"Petrol, Octane","Tk 4,560,000",2020,"1,500 cc","55,420 km",6
Toyota Premio FL Silver 2020,Toyota,Premio,Automatic,"Petrol, Octane","Tk 4,080,000",2020,"1,500 cc","74,957 km",6
Toyota Axio Ex Hybrid Silver 2020,Toyota,Axio,Automatic,Hybrid,"Tk 2,650,000",2020,"1,500 cc","28,243 km",6
Toyota Fielder Ex Hybrid White 2020,Toyota,Fielder,Automatic,Hybrid,"Tk 2,520,000",2020,"1,500 cc","65,816 km",6
Toyota Fielder Ex Hybrid White 2021,Toyota,Fielder,Automatic,Hybrid,"Tk 2,340,000",2021,"1,500 cc","103,125 km",5
Toyota Fielder Ex Hybrid White 2020,Toyota,Fielder,Automatic,Hybrid,"Tk 2,460,000",2020,"1,500 cc","66,070 km",6
Toyota Axio Ex Hybrid Silver 2020,Toyota,Axio,Automatic,Hybrid,"Tk 2,390,000",2020,"1,500 cc","108,775 km",6
Toyota Axio EX 2020,Toyota,Axio,Automatic,Hybrid,"Tk 2,560,000",2020,"1,500 cc","28,000 km",6
Toyota Fielder Ex Non Hybrid Silver 2020,Toyota,Fielder,Automatic,"Petrol, Octane","Tk 2,890,000",2020,"1,500 cc","71,130 km",6
Toyota Allion A15 G Black 2020,Toyota,Allion,Automatic,"Petrol, Octane","Tk 4,190,000",2020,"1,500 cc","95,224 km",6
Toyota Corolla Axio 2012,Toyota,Corolla,Manual,Petrol,"Tk 1,780,000",2012,"1,500 cc","17,000 km",14
Toyota Allion G PLUS PEARL 2021,Toyota,Allion,Automatic,Petrol,"Tk 4,370,000",2021,"1,500 cc","33,793 km",5
Toyota Axio EX 2020,Toyota,Axio,Automatic,Hybrid,"Tk 2,690,000",2020,"1,500 cc","79,000 km",6
Toyota Allion G pkg 2006,Toyota,Allion,Automatic,"Octane, LPG","Tk 1,490,000",2006,"1,500 cc","91,000 km",20
Toyota Aqua hybrid 2020,Toyota,Aqua,Automatic,"Petrol, Hybrid, Octane","Tk 1,700,000",2020,"1,500 cc","56,847 km",6
Toyota Premio F 2005,Toyota,Premio,Automatic,"Petrol, CNG","Tk 1,515,000",2005,"1,500 cc","92,000 km",21
Toyota Allion G 2005,Toyota,Allion,Automatic,"CNG, Octane","Tk 1,495,000",2005,"1,500 cc","91,000 km",21
Toyota Prius S 2020,Toyota,Prius,Automatic,Hybrid,"Tk 2,975,000",2020,"1,800 cc","63,000 km",6
Toyota Hiace Super GL Dark Prime 2022,Toyota,Hiace,Automatic,"Petrol, Octane","Tk 4,670,000",2022,"2,000 cc","57,000 km",4
Toyota Voxy S-Z 2022,Toyota,Voxy,Automatic,Hybrid,"Tk 5,420,000",2022,"1,800 cc","34,100 km",4
Toyota Esquire Gi Premium 2020,Toyota,Esquire,Automatic,Hybrid,"Tk 3,750,000",2020,"1,800 cc","70,000 km",6
Toyota Allion G PLUS 2020,Toyota,Allion,Automatic,Petrol,"Tk 4,470,000",2020,"1,500 cc","11,212 km",6
Toyota Allion A15 PEARL 2020,Toyota,Allion,Automatic,Petrol,"Tk 4,410,000",2020,"1,500 cc","11,000 km",6
Toyota Hiace DX AMBULANCE 2024,Toyota,Hiace,Automatic,Petrol,"Tk 2,870,000",2024,"2,000 cc","125,155 km",2
Toyota Corolla Cross Z LEATHER PEARL 2022,Toyota,Corolla Cross,Automatic,Petrol,"Tk 4,580,000",2022,"1,800 cc","46,941 km",4
Toyota Corolla X 2005,Toyota,Corolla,Automatic,"Petrol, CNG","Tk 1,245,000",2005,"1,500 cc","125,000 km",21
Toyota Axio EX 2020,Toyota,Axio,Automatic,Hybrid,"Tk 2,300,000",2020,"1,500 cc","74,000 km",6
Toyota Hiace AMBULANCE DXGL 2022,Toyota,Hiace,Automatic,"Petrol, Octane","Tk 3,000,000",2022,"2,000 cc","52,000 km",4
Toyota Noah X 2020,Toyota,Noah,Automatic,"Petrol, Octane","Tk 4,050,000",2020,"2,000 cc","72,000 km",6
Toyota Yaris Cross Z LEATHER HYBRID 2021,Toyota,Yaris Cross,Automatic,Petrol,"Tk 3,580,000",2021,"1,500 cc","70,000 km",5
Toyota Esquire GI PREMIUM HYBRID 2021,Toyota,Esquire,Automatic,Petrol,"Tk 4,050,000",2021,"1,800 cc","72,122 km",5
Toyota Axio X Ltd 2012,Toyota,Axio,Automatic,Octane,"Tk 1,590,000",2012,"1,500 cc","78,000 km",14
Toyota Fielder ex 2020,Toyota,Fielder,Automatic,"Petrol, Octane","Tk 2,950,000",2020,"1,500 cc","62,000 km",6
Toyota Fielder Ex 2020,Toyota,Fielder,Automatic,"Petrol, Octane","Tk 3,050,000",2020,"1,500 cc","52,000 km",6
Toyota Sienta G 2020,Toyota,Sienta,Automatic,Octane,"Tk 2,850,000",2020,"1,500 cc","81,425 km",6
Toyota Allex 2005,Toyota,Allex,Automatic,"CNG, Octane","Tk 1,190,000",2010,"1,500 cc","87,000 km",16
Toyota Rush Car 2006,Toyota,Rush,Automatic,"Octane, LPG","Tk 1,295,000",2006,"1,500 cc","63,000 km",20
Toyota Prius S TOURING 2021,Toyota,Prius,Automatic,Petrol,"Tk 3,210,000",2021,"1,800 cc","29,345 km",5
Toyota Esquire GI PREMIUM HYBRID 2021,Toyota,Esquire,Automatic,Hybrid,"Tk 4,450,000",2021,"1,800 cc","20,210 km",5
Toyota Esquire GI HYBRID PEARL 2020,Toyota,Esquire,Automatic,Hybrid,"Tk 4,310,000",2020,"1,800 cc","62,332 km",6
Toyota Raum Car 2004,Toyota,Raum,Automatic,"CNG, Octane","Tk 965,000",2004,"1,500 cc","79,000 km",22
Toyota Corolla Cross Z-LEATHER 2024,Toyota,Corolla Cross,Automatic,Hybrid,"Tk 5,670,000",2024,"1,800 cc","8,200 km",2
Toyota Probox GL 2004,Toyota,Probox,Automatic,"Octane, LPG","Tk 675,000",2004,"1,500 cc","77,000 km",22
Toyota Noah G SUNROOF 2020,Toyota,Noah,Automatic,"Petrol, Octane","Tk 5,100,000",2020,"2,000 cc","55,000 km",6
Toyota Corolla X 2003,Toyota,Corolla,Automatic,"CNG, Octane","Tk 995,000",2003,"1,500 cc","69,000 km",23
Toyota Corolla Cross Z Leather 2023,Toyota,Corolla Cross,Automatic,Hybrid,"Tk 4,400,000",2023,"1,800 cc","4,613 km",3
Toyota Prius S hybrid 2020,Toyota,Prius,Automatic,Hybrid,"Tk 2,900,000",2020,"1,800 cc","26,000 km",6
Toyota Allion A15 Full Fresh 2004,Toyota,Allion,Automatic,"CNG, Octane","Tk 1,450,000",2004,"1,500 cc","61,188 km",22
Toyota Noah S-Z PKG HYBRID 2022,Toyota,Noah,Automatic,Hybrid,"Tk 4,350,000",2022,"1,800 cc","85,000 km",4
Toyota Axio EX PKG HYB 2019,Toyota,Axio,Automatic,Hybrid,"Tk 2,180,000",2019,"1,500 cc","102,000 km",7
Toyota Noah G PKG HYB 4 POINT 2020,Toyota,Noah,Automatic,Hybrid,"Tk 3,170,000",2020,"1,800 cc","112,000 km",6
Honda Insight LX HYB 4 POINT 2020,Honda,Insight,Automatic,Hybrid,"Tk 3,600,000",2020,"1,500 cc","62,000 km",6
Toyota Corolla X 2004,Toyota,Corolla,Automatic,"CNG, Octane","Tk 1,165,000",2004,"1,500 cc","67,000 km",22
Toyota Allion 2004,Toyota,Allion,Automatic,"CNG, Octane","Tk 1,200,000",2007,"1,500 cc","80,000 km",19
Haval sunroof 2008,Haval,Other Model,Automatic,"Octane, LPG","Tk 1,080,000",2008,"2,300 cc","14,522 km",18
Toyota Hiace super gl door power 2022,Toyota,Hiace,Automatic,"Petrol, CNG, Octane, LPG","Tk 4,620,000",2022,"2,000 cc","58,000 km",4
Toyota Corolla Cross Ready Stock 2021,Toyota,Corolla Cross,Automatic,Hybrid,"Tk 4,199,999",2021,"1,800 cc","26,845 km",5
Toyota C-HR G Mode Nero Two Tone 2020,Toyota,C-HR,Automatic,Hybrid,"Tk 3,450,000",2020,"1,800 cc","71,300 km",6
Toyota Yaris Cross Z LEATHER 2021,Toyota,Yaris Cross,Automatic,Petrol,"Tk 3,640,000",2021,"1,500 cc","77,832 km",5
Toyota Axio EX 2021,Toyota,Axio,Automatic,Hybrid,"Tk 2,390,000",2021,"1,500 cc","84,000 km",5
Toyota Noah X PKG NON HYB 2020,Toyota,Noah,Automatic,Octane,"Tk 3,500,000",2020,"2,000 cc","108,000 km",6
Toyota Noah X PKG NON HYB 2020,Toyota,Noah,Automatic,Octane,"Tk 3,420,000",2020,"2,000 cc","87,000 km",6
Toyota Axio Limited Edition 2011,Toyota,Axio,Automatic,"CNG, Octane","Tk 1,525,000",2011,"1,500 cc","98,700 km",15
Toyota Hiace Super GL 2022,Toyota,Hiace,Automatic,"Petrol, Octane","Tk 4,600,000",2022,"2,000 cc","58,000 km",4
Toyota Axio EX OCTEN PUSH 4POINT 2020,Toyota,Axio,Automatic,Octane,"Tk 2,860,000",2020,"1,500 cc","91,000 km",6
Toyota Axio EX PKG NON HYB 4 PNT 2020,Toyota,Axio,Automatic,Octane,"Tk 2,800,000",2020,"1,500 cc","106,000 km",6
Toyota Axio EX PKG NON HYB 2020,Toyota,Axio,Automatic,Octane,"Tk 2,800,000",2020,"1,500 cc","105,000 km",6
Toyota Prius S SAFETY 4 POINT 2020,Toyota,Prius,Automatic,Hybrid,"Tk 3,040,000",2020,"1,800 cc","83,000 km",6
Toyota Voxy ZS HYB RED DASHBOARD 2020,Toyota,Voxy,Automatic,Hybrid,"Tk 3,300,000",2020,"1,800 cc","141,000 km",6
Honda CR-V EX-L Sunroof 2015,Honda,CR-V,Automatic,Octane,"Tk 3,450,000",2015,"2,000 cc","56,109 km",11
Toyota Premio F-EX 2017,Toyota,Premio,Automatic,Octane,"Tk 3,450,000",2017,"1,500 cc","45,248 km",9
Toyota Fielder EX HYBRID 2020,Toyota,Fielder,Automatic,Hybrid,"Tk 2,620,000",2020,"1,500 cc","65,125 km",6
Toyota Noah G HYBRID 2020,Toyota,Noah,Automatic,Hybrid,"Tk 3,320,000",2020,"1,800 cc","113,000 km",6
Toyota Noah G HYBRID 2020,Toyota,Noah,Automatic,Hybrid,"Tk 3,300,000",2020,"1,800 cc","68,000 km",6
Toyota Esquire GI PREMIUM HYBRID 2021,Toyota,Esquire,Automatic,Hybrid,"Tk 3,420,000",2021,"1,800 cc","120,000 km",5
Toyota Fielder EX LIKE G PACKAGE 2020,Toyota,Fielder,Automatic,"Petrol, Hybrid, Octane","Tk 2,399,000",2020,"1,500 cc","70,000 km",6
Toyota Fielder EX LIKE G PACKAGE 2020,Toyota,Fielder,Automatic,"Petrol, Hybrid, Octane","Tk 2,299,000",2020,"1,500 cc","98,000 km",6
Toyota Probox DX 2004,Toyota,Probox,Automatic,"Petrol, CNG, Octane","Tk 570,000",2004,"1,500 cc","95,352 km",22
Toyota Allion G PLUS 2017,Toyota,Allion,Automatic,Octane,"Tk 3,400,000",2017,"1,500 cc","63,282 km",9
Toyota Corolla Cross Z HARDTOP MODELISTA 2022,Toyota,Corolla Cross,Automatic,Hybrid,"Tk 4,400,000",2022,"1,800 cc","61,000 km",4
Toyota Corolla Cross Z HARDTOP MODELISTA 2022,Toyota,Corolla Cross,Automatic,Hybrid,"Tk 4,399,999",2022,"1,800 cc","58,000 km",4
Toyota Noah WXB Hybrid 2018,Toyota,Noah,Automatic,"Hybrid, Octane","Tk 2,980,000",2018,"1,800 cc","59,216 km",8
Toyota Fielder EX NON HYBRID 2020,Toyota,Fielder,Automatic,Petrol,"Tk 2,690,000",2020,"1,500 cc","109,425 km",6
Toyota Yaris Cross Z LEATHER BROWN 360 2021,Toyota,Yaris Cross,Automatic,Hybrid,"Tk 3,280,000",2021,"1,500 cc","39,000 km",5
Toyota Yaris Full Fresh 2006,Toyota,Yaris,Automatic,Octane,"Tk 1,050,000",2006,"1,300 cc","67,824 km",20
Toyota RAV4 Non Hybrid 2021,Toyota,RAV4,Automatic,"Petrol, Octane","Tk 5,550,000",2021,"2,000 cc","54,876 km",5
Toyota Hiace SUPER GL DARK PRIME2 2020,Toyota,Hiace,Automatic,Octane,"Tk 4,400,000",2020,"2,000 cc","69,000 km",6
Toyota Allion A15 2013,Toyota,Allion,Automatic,"Octane, LPG","Tk 2,400,000",2013,"1,500 cc","100,000 km",13
Toyota Esquire GI Premium 2019,Toyota,Esquire,Automatic,"Hybrid, Octane","Tk 3,250,000",2019,"1,800 cc","65,232 km",7
Toyota Esquire Non-hybrid 2014,Toyota,Esquire,Automatic,"Octane, LPG","Tk 3,350,000",2014,"1,800 cc","110,000 km",12
Toyota Premio F-EX 2020,Toyota,Premio,Automatic,"Petrol, Octane","Tk 4,600,000",2020,"1,500 cc","55,000 km",6
Toyota Corolla Ready Stock 2020,Toyota,Corolla,Automatic,Hybrid,"Tk 2,999,999",2020,"1,800 cc","35,242 km",6
Toyota Kluger V Pkg With Sunroof 2001,Toyota,Kluger,Automatic,"Petrol, Octane, LPG","Tk 1,350,000",2001,"2,362 cc","68,000 km",25
Toyota Carina Ti My Road Pkg 1997,Toyota,Carina,Automatic,"Petrol, CNG, Octane","Tk 730,000",1997,"1,498 cc","88,000 km",29
Toyota Rush G HARD JEEP 2006,Toyota,Rush,Automatic,"Petrol, CNG, Octane","Tk 1,100,000",2006,"1,500 cc","73,200 km",20
Toyota Prius S Touring Selection 2017,Toyota,Prius,Automatic,"Hybrid, Octane","Tk 2,250,000",2017,"1,800 cc","68,000 km",9
Toyota Harrier Rx240 G Alcantara 2003,Toyota,Harrier,Automatic,"Petrol, Octane, LPG","Tk 1,480,000",2003,"2,400 cc","68,000 km",23
Toyota Land Cruiser V8 VXR LIMITED 2014,Toyota,Land Cruiser,Automatic,Diesel,"Tk 14,500,000",2014,"4,500 cc","56,000 km",12
Nissan Sunny Ex Saloon 1.5L 2004,Nissan,Sunny,Automatic,"Petrol, CNG, Octane","Tk 640,000",2004,"1,500 cc","75,000 km",22
Toyota Hiace Super GL Dark Prime 2021,Toyota,Hiace,Automatic,"Petrol, Octane","Tk 4,740,000",2021,"2,000 cc","20,000 km",5
Toyota Hiace Super GL Dark Prime 2022,Toyota,Hiace,Automatic,"Petrol, Octane","Tk 4,930,000",2022,"2,000 cc","41,000 km",4
Toyota Prado 70Th Anniversary TxL 2022,Toyota,Prado,Automatic,"Petrol, Octane","Tk 16,200,000",2022,"2,700 cc","44,204 km",4
Toyota Prado TxL 7Seat Sunroof 2013,Toyota,Prado,Automatic,"Petrol, Octane","Tk 6,350,000",2013,"2,700 cc","48,000 km",13
Toyota Premio Fex Package 2016,Toyota,Premio,Automatic,"Petrol, Octane","Tk 3,100,000",2016,"1,500 cc","35,000 km",10
Toyota Axio G PRE OWNED 2014,Toyota,Axio,Automatic,"Petrol, Octane, LPG","Tk 1,840,000",2014,"1,500 cc","46,000 km",12
Toyota Alphard EXECUTIVE LOUNGE 2023,Toyota,Alphard,Automatic,"Petrol, Hybrid, Octane","Tk 18,000,000",2023,"2,500 cc","13,000 km",3
Toyota Corolla 100 Se Limited 1993,Toyota,Corolla,Automatic,"Petrol, CNG, LPG","Tk 390,000",1993,"1,498 cc","92,000 km",33
Toyota Axio EX HYBRID PUSH START 2020,Toyota,Axio,Automatic,"Hybrid, Octane","Tk 2,550,000",2020,"1,500 cc","10,367 km",6
Toyota Corolla Sedan Gx Package 2020,Toyota,Corolla,Automatic,"Petrol, Hybrid, Octane","Tk 2,850,000",2020,"1,800 cc","76,000 km",6
Mercedes-Benz GLE-Class GLE400E BRAND NEW 2025,Mercedes-Benz,GLE-Class,Automatic,Octane,"Tk 28,000,000",2025,"2,000 cc",0 km,1
Toyota Noah NON HYBRID WXB AP-4 2020,Toyota,Noah,Automatic,"Petrol, Octane","Tk 4,500,000",2020,"2,000 cc","69,000 km",6
Toyota Harrier ADVANCE PREMIUM PKG 2020,Toyota,Harrier,Automatic,"Petrol, Octane","Tk 6,900,000",2020,"2,000 cc","17,984 km",6
Toyota Noah NON HYBRID WXB 4-AP 2020,Toyota,Noah,Automatic,"Petrol, Octane","Tk 4,500,000",2020,"2,000 cc","54,000 km",6
Toyota Corolla Cross Z LEATHER 5POINT 2023,Toyota,Corolla Cross,Automatic,"Petrol, Hybrid, Octane","Tk 4,850,000",2023,"1,800 cc","5,000 km",3
Toyota Sienta G 7Seater Push 2015,Toyota,Sienta,Automatic,Octane,"Tk 1,930,000",2015,"1,500 cc","38,000 km",11
Toyota Hiace SUPER GL DUAL AC 2020,Toyota,Hiace,Automatic,"Petrol, Octane","Tk 4,070,000",2020,"2,000 cc","75,000 km",6
Toyota Fielder WXB PUSH BLACK 2015,Toyota,Fielder,Automatic,"Petrol, Hybrid, Octane","Tk 1,690,000",2015,"1,500 cc","68,000 km",11
Toyota Premio G Superior Grey 2010,Toyota,Premio,Automatic,"Petrol, Octane","Tk 2,050,000",2010,"1,500 cc","68,200 km",16
Toyota Premio Fex Package win 2021,Toyota,Premio,Automatic,"Petrol, Octane","Tk 3,950,000",2021,"1,500 cc","16,000 km",5
Toyota Noah Esquire Gi Premium 2017,Toyota,Noah,Automatic,"Petrol, Hybrid, Octane","Tk 2,700,000",2017,"1,800 cc","63,000 km",9
Toyota Aqua S Style Key Hybrid 2020,Toyota,Aqua,Automatic,"Petrol, Hybrid, Octane","Tk 1,690,000",2020,"1,500 cc","89,000 km",6
CHERY TIGGO 8 PRO 7SEATER PANAROMIC 2023,CHERY,TIGGO 8 PRO,Automatic,"Petrol, Octane","Tk 4,100,000",2023,"1,600 cc","13,000 km",3
Toyota Noah ESQUIRE GI PREMIUM 2019,Toyota,Noah,Automatic,Octane,"Tk 3,780,000",2019,"2,000 cc","32,000 km",7
Toyota Prado 70Th Anniversary 2021,Toyota,Prado,Automatic,"Petrol, Octane","Tk 14,800,000",2021,"2,700 cc","10,300 km",5
BMW X2 Sdrive 18i Sunroof 2018,BMW,X2,Automatic,"Petrol, Octane","Tk 6,500,000",2018,"1,500 cc","13,000 km",8
Toyota Axio G PUSH BROWN 2017,Toyota,Axio,Automatic,Octane,"Tk 2,350,000",2017,"1,500 cc","41,000 km",9
Toyota Premio Fex Package Win 2017,Toyota,Premio,Automatic,"Petrol, Octane","Tk 3,150,000",2017,"1,500 cc","42,000 km",9
Toyota Fielder G PUSH HYBRID 2019,Toyota,Fielder,Automatic,"Hybrid, Octane","Tk 2,050,000",2019,"1,500 cc","48,000 km",7
BMW 5 Series 530E TAN INTERIOR 2023,BMW,5 Series,Automatic,"Petrol, Hybrid, Octane","Tk 14,700,000",2023,"2,000 cc","1,986 km",3
Lexus NX 350H F SPORT PKG 2022,Lexus,NX,Automatic,"Petrol, Hybrid, Octane","Tk 11,500,000",2022,"2,500 cc","16,767 km",4
Toyota Corolla Touring Wxb Package 2020,Toyota,Corolla,Automatic,"Petrol, Hybrid, Octane","Tk 3,150,000",2020,"1,500 cc","60,615 km",6
Toyota Premio G PKG GOLDEN 2004,Toyota,Premio,Automatic,"Petrol, CNG, Octane","Tk 1,460,000",2004,"1,500 cc","86,000 km",22
Toyota Prado AUTO WING 5POINT 2022,Toyota,Prado,Automatic,"Petrol, Octane","Tk 16,900,000",2022,"2,700 cc","32,000 km",4
Toyota Premio G PACKAGE SKY 2005,Toyota,Premio,Automatic,"Petrol, Octane","Tk 1,500,000",2005,"1,500 cc","72,000 km",21
Mitsubishi l200 Carry Boy Double Cab 2008,Mitsubishi,l200,Automatic,Diesel,"Tk 1,750,000",2008,"2,400 cc","62,000 km",18
Toyota Kluger V PKG 7SEAT SUNROOF 2005,Toyota,Kluger,Automatic,"Petrol, Octane","Tk 1,700,000",2005,"2,362 cc","67,000 km",21
Toyota Fielder G MICA BLUE HYB 2018,Toyota,Fielder,Automatic,"Hybrid, Octane","Tk 1,950,000",2018,"1,500 cc","47,000 km",8
Toyota Premio G LIMITED PKG 2014,Toyota,Premio,Automatic,"Petrol, Octane","Tk 2,700,000",2014,"1,500 cc","48,000 km",12
Toyota Premio G SUPERIOR BLACK 2010,Toyota,Premio,Automatic,"Petrol, CNG, Octane","Tk 2,000,000",2010,"1,500 cc","69,000 km",16
Toyota Corolla Cross Z LEATHER PKG 2022,Toyota,Corolla Cross,Automatic,"Petrol, Hybrid, Octane","Tk 4,850,000",2022,"1,800 cc","19,000 km",4
Toyota Corolla Cross 360PANAROMIC Z 2021,Toyota,Corolla Cross,Automatic,"Petrol, Hybrid, Octane","Tk 4,750,000",2021,"1,800 cc","30,409 km",5
Lexus NX 300H LUXURY SUV 2016,Lexus,NX,Automatic,"Petrol, Hybrid, Octane","Tk 5,930,000",2016,"2,500 cc","46,000 km",10
Toyota Fielder WXB PUSH LEATHER 2020,Toyota,Fielder,Automatic,"Hybrid, Octane","Tk 2,450,000",2020,"1,500 cc","21,000 km",6
Toyota Prado TxL FACELIFTED 2012,Toyota,Prado,Automatic,"Petrol, Octane","Tk 6,800,000",2012,"2,700 cc","68,644 km",14
Toyota Premio FL OLIVE GREY 2013,Toyota,Premio,Automatic,"Petrol, Octane","Tk 2,500,000",2013,"1,500 cc","49,000 km",13
Toyota Premio Fex Package 2017,Toyota,Premio,Automatic,"Petrol, Octane","Tk 3,280,000",2017,"1,500 cc","49,000 km",9
Toyota Premio G OVER FRESH 2015,Toyota,Premio,Automatic,"Petrol, Octane","Tk 2,650,000",2015,"1,500 cc","38,000 km",11
Toyota Passo G WIN RED 1.0L 2008,Toyota,Passo,Automatic,"Petrol, Octane","Tk 700,000",2008,"1,000 cc","68,000 km",18
Honda CR-V 7Seater Sunroof 1.5L 2020,Honda,CR-V,Automatic,"Petrol, Octane","Tk 5,500,000",2020,"1,500 cc","12,000 km",6
Toyota Premio Fex Mica Blue 2018,Toyota,Premio,Automatic,"Petrol, Octane","Tk 3,600,000",2018,"1,500 cc","42,000 km",8
Toyota Fielder G OCTANE RUNS 2015,Toyota,Fielder,Automatic,"Petrol, Octane","Tk 2,100,000",2015,"1,500 cc","46,000 km",11
Range Rover Vogue Sport Autobiography 2018,Range Rover,Vogue,Automatic,"Petrol, Hybrid, Octane","Tk 13,500,000",2018,"2,000 cc","2,500 km",8
Toyota Hiace Super Gl Black 2006,Toyota,Hiace,Automatic,"Petrol, CNG, Octane","Tk 1,550,000",2006,"2,000 cc","87,000 km",20
Toyota Prado Tx 7Seat Sunroof 2020,Toyota,Prado,Automatic,"Petrol, Octane","Tk 13,500,000",2020,"2,700 cc","45,000 km",6
Honda Grace Lx Package hybrid 2016,Honda,Grace,Automatic,"Petrol, Hybrid, Octane","Tk 1,600,000",2016,"1,500 cc","62,000 km",10
Toyota Noah SI GRADE PUSH 2013,Toyota,Noah,Automatic,"Petrol, CNG, Octane","Tk 2,180,000",2013,"2,000 cc","72,000 km",13
Toyota Corolla X BEIGES NZE121 2002,Toyota,Corolla,Automatic,"Petrol, CNG, Octane","Tk 970,000",2002,"1,500 cc","82,000 km",24
Toyota Avanza S 7seat New Shape 2014,Toyota,Avanza,Automatic,"Petrol, CNG, Octane","Tk 1,450,000",2014,"1,330 cc","53,000 km",12
Toyota Rush G PUSH OCTANE 2012,Toyota,Rush,Automatic,Octane,"Tk 1,850,000",2012,"1,500 cc","51,200 km",14
Toyota Corolla 110 XE.SALOON 1997,Toyota,Corolla,Automatic,"Petrol, CNG, Octane","Tk 580,000",1997,"1,500 cc","82,000 km",29
Toyota Succeed ULX PACKAGE 2014,Toyota,Succeed,Automatic,"Petrol, CNG, Octane","Tk 1,290,000",2014,"1,500 cc","58,000 km",12
Toyota Noah Regius G Sunroof 2001,Toyota,Noah,Automatic,Octane,"Tk 900,000",2001,"2,400 cc","69,000 km",25
Toyota Auris G GRADE PUSH 2011,Toyota,Auris,Automatic,"Petrol, Octane","Tk 1,580,000",2011,"1,500 cc","58,000 km",15
Nissan X-Trail Mode Premier Autech 2018,Nissan,X-Trail,Automatic,"Petrol, Hybrid, Octane","Tk 2,950,000",2018,"2,000 cc","25,000 km",8
Mitsubishi ASX Rockford Mivec 1.8L 2010,Mitsubishi,ASX,Automatic,"Petrol, Octane","Tk 1,350,000",2010,"1,800 cc","53,000 km",16
Toyota Noah WXB PUSH OCTANE 2020,Toyota,Noah,Automatic,"Octane, LPG","Tk 3,900,000",2020,"2,000 cc","45,000 km",6
Mercedes-Benz E-Class E200 AMG NIGHT PKG 2016,Mercedes-Benz,E-Class,Automatic,"Petrol, Octane","Tk 7,350,000",2016,"2,000 cc","6,000 km",10
Toyota Fielder G GRADE PUSH 2009,Toyota,Fielder,Automatic,"Petrol, CNG, Octane","Tk 1,480,000",2009,"1,500 cc","67,000 km",17
Mercedes-Benz E-Class E200 AMG PETROL 2016,Mercedes-Benz,E-Class,Automatic,"Petrol, Octane","Tk 7,500,000",2016,"2,000 cc","70,000 km",10
Mitsubishi l200 Double Cabin Pickup 2016,Mitsubishi,l200,Manual,Diesel,"Tk 2,250,000",2016,"2,400 cc","62,000 km",10
Toyota Axio G OVER FRESH 2012,Toyota,Axio,Automatic,"Petrol, CNG, Octane","Tk 1,650,000",2012,"1,500 cc","65,000 km",14
Mazda Axela Super FreshCondition 2012,Mazda,Axela,Automatic,Octane,"Tk 1,655,000",2012,"1,500 cc","39,000 km",14
Toyota Corolla X SILVER OCTANE 2005,Toyota,Corolla,Automatic,Octane,"Tk 1,180,000",2005,"1,300 cc","82,000 km",21
Toyota Land Cruiser V8 VXR TURBO 4.5L 2014,Toyota,Land Cruiser,Automatic,Diesel,"Tk 16,500,000",2014,"4,500 cc","32,612 km",12
Honda CR-V 7Seater Sunroof 1.5L 2024,Honda,CR-V,Automatic,"Petrol, Octane","Tk 8,080,000",2024,"1,500 cc","7,000 km",2
Nissan X-Trail 20Xi Sunroof Hybrid 2017,Nissan,X-Trail,Automatic,"Petrol, Hybrid, Octane","Tk 3,000,000",2017,"2,000 cc","37,735 km",9
Honda CR-V 1.5T Sunroof 7Seater 2024,Honda,CR-V,Automatic,"Petrol, Octane","Tk 8,080,000",2024,"1,500 cc","8,000 km",2
Toyota Fielder G HID SELECTION 2012,Toyota,Fielder,Automatic,"Petrol, CNG, Octane","Tk 1,675,000",2012,"1,500 cc","68,200 km",14
Toyota Prado Tx 70Th Anniversary 2022,Toyota,Prado,Automatic,"Petrol, Octane","Tk 15,500,000",2022,"2,700 cc","3,600 km",4
Toyota Prado Tx-L Win Sunroof 2003,Toyota,Prado,Automatic,"Petrol, Octane","Tk 2,450,000",2003,"2,700 cc","68,000 km",23
Toyota Harrier Z LEATHER PKG 2021,Toyota,Harrier,Automatic,"Petrol, Hybrid, Octane","Tk 6,950,000",2021,"2,500 cc","77,551 km",5
Toyota Corolla 110 XE SALOON 1997,Toyota,Corolla,Automatic,"Petrol, CNG, Octane","Tk 600,000",1997,"1,500 cc","92,000 km",29
Toyota Alphard Executive Lounge 2020,Toyota,Alphard,Automatic,"Petrol, Hybrid, Octane","Tk 9,500,000",2020,"2,500 cc","49,000 km",6
Toyota Prado 70Th Anniversary TXL 2020,Toyota,Prado,Automatic,"Petrol, Octane","Tk 14,000,000",2020,"2,700 cc","25,820 km",6
Toyota Prado Lc250 Fast Edition 2024,Toyota,Prado,Automatic,"Petrol, Octane","Tk 27,500,000",2024,"2,700 cc","6,000 km",2
Toyota Hiace SUPER GL PURPLE 2013,Toyota,Hiace,Automatic,"Petrol, CNG, Octane","Tk 2,850,000",2013,"2,000 cc","82,000 km",13
Toyota Noah Esquire Gi Octane 2020,Toyota,Noah,Automatic,"Petrol, CNG, Octane","Tk 3,450,000",2020,"2,000 cc","72,000 km",6
Toyota Land Cruiser V8 AIR SUSPENSION VX 2013,Toyota,Land Cruiser,Automatic,Diesel,"Tk 13,000,000",2013,"4,500 cc","44,200 km",13
Lexus LX 600 THE ALL BRAND NEW 2022,Lexus,LX 600,Automatic,Petrol,"Tk 60,000,000",2022,"3,500 cc",0 km,4
Toyota Alphard Executive Lounge L 2019,Toyota,Alphard,Automatic,"Petrol, Hybrid, Octane","Tk 9,000,000",2019,"2,500 cc","27,000 km",7
Toyota Highlander JBL PREMIUM 7SEATER 2022,Toyota,Highlander,Automatic,"Petrol, Hybrid, Octane","Tk 11,000,000",2022,"2,500 cc","8,000 km",4
Suzuki Swift VTX LIMITED 1.3L 2017,Suzuki,Swift,Manual,Octane,"Tk 1,150,000",2017,"1,300 cc","40,375 km",9
Toyota Noah X MICA BLUE MPV 2004,Toyota,Noah,Automatic,"Petrol, CNG, Octane","Tk 1,060,000",2004,"2,000 cc","82,000 km",22
Toyota Sienta 7Seater Dice G 2013,Toyota,Sienta,Automatic,"Petrol, Octane","Tk 1,590,000",2013,"1,500 cc","68,000 km",13
Toyota Crown Royal Saloon Sunroof 2014,Toyota,Crown,Automatic,"Petrol, Hybrid, Octane","Tk 4,250,000",2014,"2,500 cc","48,000 km",12
Nissan Bluebird SYLPHY OVER FRESH 2007,Nissan,Bluebird,Automatic,"Petrol, Octane","Tk 1,270,000",2007,"1,500 cc","59,000 km",19
Toyota Hiace GL HUFF CELLING 2006,Toyota,Hiace,Automatic,"Petrol, CNG, Octane","Tk 1,450,000",2006,"2,000 cc","82,000 km",20
Toyota Hiace Super GL Grey Black 2010,Toyota,Hiace,Automatic,"Petrol, CNG, Octane","Tk 2,000,000",2010,"2,000 cc","85,000 km",16
Toyota Prado Land Cruiser TX-L 2021,Toyota,Prado,Automatic,"Petrol, Octane","Tk 24,200,000",2021,"2,700 cc","17,000 km",5
Toyota Prado Tx-L Limited 2019,Toyota,Prado,Automatic,"Petrol, Octane","Tk 12,500,000",2019,"2,700 cc","25,700 km",7
Toyota Fielder XG Silver Octane 2016,Toyota,Fielder,Automatic,"Petrol, Octane","Tk 2,200,000",2016,"1,500 cc","53,000 km",10
Toyota Premio FL PACKAGE WIN 2004,Toyota,Premio,Automatic,"Petrol, CNG, Octane","Tk 1,370,000",2004,"1,500 cc","82,000 km",22
Nissan Bluebird Sylphy Octane Runs 2006,Nissan,Bluebird,Automatic,Octane,"Tk 1,180,000",2006,"1,500 cc","68,000 km",20
Toyota Prado TXL Sunroof limited 2004,Toyota,Prado,Automatic,Octane,"Tk 2,650,000",2004,"2,700 cc","69,536 km",22
Kia K9 Four Wheel Drive 1961,Kia,K9,Manual,"Octane, LPG","Tk 1,450,000",1961,"1,800 cc","42,000 km",65
Toyota Land Cruiser V8 VXR WALD RIMS 2015,Toyota,Land Cruiser,Automatic,Diesel,"Tk 18,500,000",2015,"4,500 cc","44,068 km",11
Toyota Premio Fex Package Win 2018,Toyota,Premio,Automatic,Octane,"Tk 3,750,000",2018,"1,500 cc","29,000 km",8
Mazda MX-5 Roadster Convertible 2016,Mazda,MX-5,Manual,Octane,"Tk 2,950,000",2016,"1,500 cc","26,512 km",10
Toyota Premio Green Selection G 2006,Toyota,Premio,Automatic,"Petrol, CNG, Octane","Tk 1,550,000",2006,"1,500 cc","86,000 km",20
Toyota Noah S GRADE SKY BLUE 2003,Toyota,Noah,Automatic,"Petrol, CNG, Octane","Tk 1,050,000",2003,"2,000 cc","82,000 km",23
Toyota Premio FEX PACKAGE 2015,Toyota,Premio,Automatic,"Petrol, Octane","Tk 2,550,000",2015,"1,500 cc","52,000 km",11
Proton X50 TGDI PANAROMIC 2022,Proton,Other Model,Automatic,"Petrol, Octane","Tk 2,550,000",2022,"1,500 cc","18,000 km",4
Toyota Noah X SMART MULTI VALVE 2013,Toyota,Noah,Automatic,"Petrol, CNG, Octane","Tk 2,350,000",2013,"2,000 cc","67,200 km",13
Toyota Carina Ti My Road Pkg 1999,Toyota,Carina,Automatic,"Petrol, CNG, Octane","Tk 850,000",1999,"1,498 cc","87,000 km",27
Toyota Corolla X LIMITED 2004,Toyota,Corolla,Automatic,"Petrol, CNG, Octane","Tk 1,080,000",2004,"1,500 cc","82,000 km",22
Toyota Corolla X SILVER 2004,Toyota,Corolla,Automatic,"Petrol, CNG, Octane","Tk 920,000",2004,"1,500 cc","86,000 km",22
Toyota RAV4 NEW SHAPE 2.4L 2005,Toyota,RAV4,Automatic,Octane,"Tk 1,350,000",2005,"2,362 cc","72,000 km",21
Proton Preve 1.6L TURBO 2015,Proton,Preve,Automatic,"Petrol, Octane","Tk 850,000",2015,"1,600 cc","52,000 km",11
Toyota Corolla G LIMITED SILVER 2001,Toyota,Corolla,Automatic,"Petrol, CNG, Octane","Tk 980,000",2001,"1,500 cc","85,000 km",25
Toyota Prado Tx-L Limited 2017,Toyota,Prado,Automatic,Octane,"Tk 10,800,000",2017,"2,700 cc","29,402 km",9
Toyota Hiace SUPER GL BLACK 2008,Toyota,Hiace,Automatic,"Petrol, CNG, Octane","Tk 1,820,000",2008,"2,000 cc","85,000 km",18
Toyota Noah GL Kr42 White 2007,Toyota,Noah,Automatic,"Petrol, CNG, Octane","Tk 1,150,000",2007,"1,800 cc","82,000 km",19
Toyota Axio X HID WHITE 2007,Toyota,Axio,Automatic,"Petrol, CNG, Octane","Tk 1,230,000",2007,"1,500 cc","68,209 km",19
Toyota Prado TXL AUTO WING LTD 2023,Toyota,Prado,Automatic,"Petrol, Octane","Tk 18,000,000",2023,"2,700 cc","6,780 km",3
Toyota Axio EX PACKAGE PUSH 2020,Toyota,Axio,Automatic,"Petrol, Hybrid, Octane","Tk 2,575,000",2020,"1,500 cc","69,604 km",6
Nissan Bluebird Sylphy Beige Room G 2006,Nissan,Bluebird,Automatic,"Octane, LPG","Tk 1,050,000",2006,"1,500 cc","72,000 km",20
Toyota Fielder G AERO TOURER PUSH 2012,Toyota,Fielder,Automatic,Octane,"Tk 1,800,000",2012,"1,500 cc","67,200 km",14
Toyota Land Cruiser ZX 4.6L V8 PATROL 2021,Toyota,Land Cruiser,Automatic,"Petrol, Octane","Tk 34,500,000",2021,"4,600 cc","9,000 km",5
Toyota Prado Tx-L Ltd Auto Wing 2023,Toyota,Prado,Automatic,"Petrol, Octane","Tk 17,800,000",2023,"2,700 cc","7,000 km",3
Toyota Prado Tx-L 7Seat Sunroof 2002,Toyota,Prado,Automatic,"Petrol, Octane","Tk 2,350,000",2002,"2,700 cc","72,000 km",24
Mercedes-Benz E-Class E300E AMG NIGHT PKG 2019,Mercedes-Benz,E-Class,Automatic,"Petrol, Hybrid, Octane","Tk 10,100,000",2019,"2,000 cc","6,000 km",7
Suzuki Wagon R ZX Zxi 2012,Suzuki,Wagon R ZX,Automatic,"Petrol, Octane","Tk 530,000",2012,"1,000 cc","42,000 km",14
Toyota Hiace Super Gl Silver 2013,Toyota,Hiace,Automatic,"Petrol, CNG, Octane","Tk 2,650,000",2013,"2,000 cc","68,200 km",13
Toyota Axio G HID SELECTION 2011,Toyota,Axio,Automatic,"Petrol, CNG, Octane","Tk 1,500,000",2011,"1,500 cc","64,200 km",15
Toyota Premio FEX PACKAGE 2017,Toyota,Premio,Automatic,"Petrol, Octane","Tk 3,450,000",2017,"1,500 cc","26,000 km",9
Toyota Allion G LED OVER FRESH 2012,Toyota,Allion,Automatic,"Octane, LPG","Tk 2,300,000",2012,"1,500 cc","53,000 km",14
Toyota Corolla G 40Th Anniversary 2006,Toyota,Corolla,Automatic,"Petrol, CNG, Octane","Tk 1,300,000",2006,"1,500 cc","82,000 km",20
Toyota Premio G PACKAGE LTD 2003,Toyota,Premio,Automatic,"Petrol, CNG, Octane","Tk 1,250,000",2003,"1,500 cc","83,000 km",23
Toyota Fielder X.G EDITION WHITE 2012,Toyota,Fielder,Automatic,"Petrol, CNG, LPG","Tk 1,670,000",2012,"1,500 cc","63,000 km",14
Toyota Allion G EXTREMELY FRESH 2009,Toyota,Allion,Automatic,"Petrol, CNG, Octane","Tk 2,000,000",2009,"1,500 cc","50,000 km",17
Toyota Harrier PREMIUM ELIGANGE 2014,Toyota,Harrier,Automatic,"Petrol, Octane","Tk 3,850,000",2014,"2,000 cc","53,000 km",12
Toyota Avanza G 7SEATER DUAL AC 2013,Toyota,Avanza,Automatic,"CNG, Octane","Tk 1,420,000",2013,"1,300 cc","62,000 km",13
Toyota Premio FL PACKAGE WIN 2017,Toyota,Premio,Automatic,"Petrol, Octane","Tk 3,150,000",2017,"1,500 cc","46,200 km",9
Lexus ES 300H JDM S CLASS 2019,Lexus,ES,Automatic,"Petrol, Hybrid, Octane","Tk 8,000,000",2019,"2,500 cc","42,000 km",7
Toyota Premio Fex Package Mica 2019,Toyota,Premio,Automatic,"Petrol, Octane","Tk 3,750,000",2019,"1,500 cc","28,200 km",7
Toyota Hiace Super GL Black 2011,Toyota,Hiace,Automatic,"Petrol, CNG, Octane","Tk 2,500,000",2011,"2,000 cc","82,000 km",15
Toyota Premio FL Package Gold 2003,Toyota,Premio,Automatic,"Petrol, CNG, Octane","Tk 1,380,000",2003,"1,500 cc","86,000 km",23
Toyota Hiace Super Gl Pkg 2020,Toyota,Hiace,Automatic,"Petrol, Octane","Tk 3,930,000",2020,"2,000 cc","105,000 km",6
Toyota Prado Auto Foot Step TX-L 2014,Toyota,Prado,Automatic,"Petrol, Octane","Tk 8,100,000",2014,"2,700 cc","60,146 km",12
Toyota Axio X Extremely Fresh 2014,Toyota,Axio,Automatic,"Petrol, CNG, Octane","Tk 1,850,000",2014,"1,500 cc","62,000 km",12
Toyota Land Cruiser VX Lc250 1st Edition 2024,Toyota,Land Cruiser,Automatic,"Petrol, Octane","Tk 27,200,000",2024,"2,700 cc","9,529 km",2
Toyota Hiace SUPER GL SILVER 2007,Toyota,Hiace,Automatic,"CNG, Octane","Tk 1,700,000",2007,"2,000 cc","72,000 km",19
Lexus LX 600 Ultra Luxury Lounge 2023,Lexus,LX 600,Automatic,Petrol,"Tk 65,500,000",2023,"3,500 cc",0 km,3
Mercedes-Benz GLS-Class GLS450 NIGHT PACKAGE 2021,Mercedes-Benz,GLS-Class,Automatic,"Petrol, Octane","Tk 25,000,000",2021,"3,000 cc","19,000 km",5
Range Rover 400 Sport Autobiography 2021,Range Rover,400,Automatic,"Petrol, Octane","Tk 18,000,000",2021,"2,000 cc","11,000 km",5
Toyota Noah VOXY SZ PACKAGE 2023,Toyota,Noah,Automatic,"Hybrid, Octane","Tk 5,140,000",2023,"1,800 cc","17,326 km",3
Lexus LX 600 EXCLUSIVE 3.5L TURBO 2023,Lexus,LX 600,Automatic,"Petrol, Octane","Tk 65,000,000",2023,"3,500 cc",0 km,3
Mercedes-Benz GLS-Class GLS450 AMG PREMIUM 2021,Mercedes-Benz,GLS-Class,Automatic,"Petrol, Octane","Tk 23,000,000",2021,"3,000 cc","25,334 km",5
Toyota Allion G LIMITED EDITION 2006,Toyota,Allion,Automatic,"Petrol, CNG, Octane","Tk 1,550,000",2006,"1,500 cc","87,000 km",20
Toyota Premio Win Superior Pkg 2009,Toyota,Premio,Automatic,"Octane, LPG","Tk 1,890,000",2009,"1,500 cc","68,000 km",17
Mitsubishi X-Pander 7Seat JAPAN Variant 2021,Mitsubishi,X-Pander,Automatic,"Petrol, Octane","Tk 2,950,000",2021,"1,500 cc","26,000 km",5
Nissan X-Trail XTT LEATHER-4X4 PKG 2010,Nissan,X-Trail,Automatic,"Petrol, Octane","Tk 1,750,000",2010,"2,000 cc","63,000 km",16
Toyota Corolla Cross JDM VERSION OCTANE 2022,Toyota,Corolla Cross,Automatic,Octane,"Tk 3,750,000",2022,"1,800 cc","14,456 km",4
Toyota Premio FEX PACKAGE 2018,Toyota,Premio,Automatic,"Petrol, Octane","Tk 3,600,000",2018,"1,500 cc","52,313 km",8
Toyota Vitz G PUSH SILVER 2010,Toyota,Vitz,Automatic,"Petrol, Octane","Tk 1,040,000",2010,"1,331 cc","57,200 km",16
Toyota Axio G PUSH GOLD 2013,Toyota,Axio,Automatic,"Petrol, Octane","Tk 1,780,000",2013,"1,500 cc","42,313 km",13
Toyota Premio G PACKAGE PUSH 2010,Toyota,Premio,Automatic,"Petrol, Octane","Tk 2,150,000",2010,"2,000 cc","68,000 km",16
Toyota C-HR 2020,Toyota,C-HR,Automatic,"Hybrid, Octane","Tk 3,350,000",2020,"1,800 cc","45,000 km",6
Toyota C-HR Hybrid 2020,Toyota,C-HR,Automatic,"Hybrid, Octane","Tk 3,350,000",2020,"1,800 cc","52,000 km",6
Toyota Corolla Cross 2021 Hybrid,Toyota,Corolla Cross,Automatic,"Hybrid, Octane","Tk 4,240,000",2021,"1,800 cc","65,236 km",5
Toyota Hiace DX 2020,Toyota,Hiace,Automatic,"Petrol, Octane","Tk 3,050,000",2020,"2,000 cc","96,520 km",6
Toyota Hiace Super GL 2020,Toyota,Hiace,Automatic,"Petrol, Octane","Tk 4,130,000",2020,"2,000 cc","106,000 km",6
Toyota Hiace Super GL 2020,Toyota,Hiace,Automatic,"Petrol, Octane","Tk 4,050,000",2020,"2,000 cc","105,000 km",6
Toyota Axio Hybrid 2020,Toyota,Axio,Automatic,"Hybrid, Octane","Tk 2,220,000",2020,"1,500 cc","74,500 km",6
Toyota Corolla Cross 2021 Hybrid,Toyota,Corolla Cross,Automatic,"Hybrid, Octane","Tk 4,260,000",2021,"1,800 cc","50,632 km",5
Toyota Noah WXB 2020 Non Hybrid,Toyota,Noah,Automatic,Octane,"Tk 4,150,000",2020,"2,000 cc","70,000 km",6
Toyota Noah WXB 2020 Hybrid,Toyota,Noah,Automatic,"Hybrid, Octane","Tk 3,480,000",2020,"1,800 cc","89,000 km",6
Toyota C-HR Hybrid 2020,Toyota,C-HR,Automatic,"Hybrid, Octane","Tk 3,380,000",2020,"1,500 cc","53,620 km",6
Toyota Esquire OO 2021,Toyota,Esquire,Automatic,"Petrol, Hybrid, Octane","Tk 4,420,000",2021,"1,800 cc","51,000 km",5
Toyota Aqua Hybrid L 2020,Toyota,Aqua,Automatic,"Petrol, Hybrid, Octane","Tk 1,700,000",2020,"1,500 cc","49,679 km",6
Toyota Axio Hybrid EX 2020,Toyota,Axio,Automatic,"Petrol, Hybrid, Octane","Tk 2,150,000",2020,"1,500 cc","60,213 km",6
Toyota Axio Hybrid EX-READY 2020,Toyota,Axio,Automatic,"Petrol, Hybrid, Octane","Tk 2,150,000",2020,"1,500 cc","62,451 km",6
Toyota Esquire hybrid 2020,Toyota,Esquire,Automatic,"Petrol, Hybrid, Octane","Tk 3,300,000",2020,"1,800 cc","56,384 km",6
Toyota Corolla Cross hybrid 2020,Toyota,Corolla Cross,Automatic,"Petrol, Hybrid, Octane","Tk 2,350,000",2020,"1,800 cc","56,847 km",6
Toyota Crown RS Advance CrossOver 2022,Toyota,Crown,Automatic,Hybrid,"Tk 11,600,000",2022,"2,500 cc","20,277 km",4
Toyota Esquire Gi Premium Pearl 2020,Toyota,Esquire,Automatic,"Petrol, Hybrid, Octane","Tk 4,000,000",2020,"1,800 cc","52,212 km",6
Toyota Corolla Cross Z-PKG 2022,Toyota,Corolla Cross,Automatic,"Hybrid, Octane","Tk 4,700,000",2022,"1,790 cc","42,710 km",4
Toyota Aqua HYBRID X 2020,Toyota,Aqua,Automatic,Hybrid,"Tk 1,700,000",2020,"1,500 cc","59,645 km",6
Toyota Noah SZ READY Showroom 2022,Toyota,Noah,Automatic,"Petrol, Hybrid, Octane","Tk 5,180,000",2022,"1,800 cc","20,000 km",4
Toyota Esquire hybrid xi 2020,Toyota,Esquire,Automatic,Hybrid,"Tk 3,300,000",2020,"1,800 cc","59,654 km",6
Toyota Corolla Cross Hybrid Z Leather 4.5 2022,Toyota,Corolla Cross,Automatic,"Petrol, Hybrid, Octane","Tk 4,850,000",2022,"1,800 cc",50 km,4
Honda Insight Ex Pkg hybrid Gp-4 2020,Honda,Insight,Automatic,"Petrol, Hybrid, Octane","Tk 4,100,000",2020,"1,500 cc","56,000 km",6
Toyota Probox GL Cc1500 Vvti 2008,Toyota,Probox,Automatic,"Petrol, CNG, Octane","Tk 850,000",2008,"1,500 cc","68,200 km",18
Mitsubishi Lancer Ex M Sports Pkg 2016,Mitsubishi,Lancer,Automatic,"Petrol, Octane","Tk 1,900,000",2016,"1,500 cc","29,000 km",10
Toyota Noah Esquire Octane LPG 2018,Toyota,Noah,Automatic,"Octane, LPG","Tk 3,550,000",2018,"1,996 cc","64,000 km",8
Toyota Premio FL PACKAGE 2005,Toyota,Premio,Automatic,"CNG, Octane","Tk 1,580,000",2005,"1,500 cc","88,200 km",21
Toyota Prado Tx-L limited 2015,Toyota,Prado,Automatic,"Petrol, Octane","Tk 8,500,000",2015,"2,700 cc","42,401 km",11
Toyota Allion G OVER FRESH 2012,Toyota,Allion,Automatic,"Petrol, CNG, Octane","Tk 2,250,000",2012,"1,500 cc","51,000 km",14
Toyota Premio G PKG OVER FRESH 2012,Toyota,Premio,Automatic,"Petrol, CNG, Octane","Tk 2,350,000",2012,"1,500 cc","67,200 km",14
Toyota Land Cruiser V8 VXR LIMITED 2018,Toyota,Land Cruiser,Automatic,Diesel,"Tk 24,000,000",2018,"4,500 cc","34,172 km",8
Toyota Axio X BLUE NZE121 2009,Toyota,Axio,Automatic,"Petrol, CNG, Octane","Tk 1,350,000",2009,"1,500 cc","71,000 km",17
Toyota Premio G BEIGE ROOM 2009,Toyota,Premio,Automatic,"Petrol, CNG, Octane","Tk 1,950,000",2009,"1,500 cc","72,000 km",17
Mitsubishi X-Pander 7Seater GLX 1.5L 2019,Mitsubishi,X-Pander,Automatic,"Petrol, Octane","Tk 2,650,000",2019,"1,500 cc","23,161 km",7
Toyota Premio FL Package White 2003,Toyota,Premio,Automatic,"Petrol, CNG, Octane","Tk 1,300,000",2003,"1,500 cc","82,200 km",23
Toyota Noah X Silver KEY MPV 2012,Toyota,Noah,Automatic,"Petrol, CNG, Octane","Tk 1,950,000",2012,"2,000 cc","63,000 km",14
Toyota Premio F Win Red G Pkg 2004,Toyota,Premio,Automatic,"Petrol, CNG, Octane","Tk 1,300,000",2004,"1,500 cc","82,000 km",22
Toyota Noah Gr SUNROOF MOONROOF 2005,Toyota,Noah,Automatic,"Petrol, Octane, LPG","Tk 1,230,000",2005,"2,000 cc","83,200 km",21
Range Rover Evoque R Dynamic PHEV 2021,Range Rover,Evoque,Automatic,"Petrol, Octane","Tk 9,000,000",2021,"1,500 cc","9,500 km",5
Toyota Premio G SUPERIOR WIN 2018,Toyota,Premio,Automatic,Octane,"Tk 3,650,000",2018,"1,500 cc","38,000 km",8
Toyota Allion G PLUS WIN 2015,Toyota,Allion,Automatic,"Petrol, Octane, LPG","Tk 2,500,000",2015,"1,500 cc","53,123 km",11
Toyota Corolla G 35Th Anniversary 2006,Toyota,Corolla,Automatic,"Petrol, CNG, Octane","Tk 1,350,000",2006,"1,500 cc","85,000 km",20
Toyota Allion G STYLISH WIN 2007,Toyota,Allion,Automatic,"Petrol, CNG, Octane","Tk 1,700,000",2007,"1,500 cc","68,000 km",19
Toyota Allion G PACKAGE PRO 2015,Toyota,Allion,Automatic,"Petrol, Octane","Tk 2,550,000",2015,"1,500 cc","57,200 km",11
Toyota Corolla X EXTREMELY FRESH 2006,Toyota,Corolla,Automatic,"CNG, Octane","Tk 1,270,000",2006,"1,500 cc","86,000 km",20
Toyota Corolla Cross Z PEARL FULL OPTION 2022,Toyota,Corolla Cross,Automatic,"Petrol, Hybrid, Octane","Tk 4,730,000",2022,"1,800 cc","58,000 km",4
Toyota Allion G PRO EDITION 2013,Toyota,Allion,Automatic,"Petrol, CNG, Octane","Tk 2,350,000",2013,"1,500 cc","53,200 km",13
Toyota Corolla X WHITE 121NZE 2006,Toyota,Corolla,Automatic,"Petrol, CNG, Octane","Tk 1,250,000",2006,"1,500 cc","82,000 km",20
Toyota Highlander 7SEATER LUXURY SUV 2023,Toyota,Highlander,Automatic,"Petrol, Hybrid, Octane","Tk 12,300,000",2023,"2,500 cc","3,000 km",3
Lexus RX300 L VERSION 2.0L 2020,Lexus,RX300,Automatic,"Petrol, Octane","Tk 11,300,000",2020,"2,000 cc","38,000 km",6
Toyota Premio FL PACKAGE 2018,Toyota,Premio,Automatic,"Petrol, CNG, Octane","Tk 3,250,000",2018,"1,500 cc","43,000 km",8
Toyota Land Cruiser Prado Tx-L Limited 2021,Toyota,Land Cruiser,Automatic,"Petrol, Octane","Tk 14,500,000",2021,"2,700 cc","51,000 km",5
Lexus LX 600 BRAND NEW 3.5L 2023,Lexus,LX,Automatic,Petrol,"Tk 66,000,000",2023,"3,500 cc",0 km,3
Toyota Hiace SUPER GL REGUIS AC 2018,Toyota,Hiace,Automatic,"Octane, LPG","Tk 3,450,000",2018,"2,000 cc","68,200 km",8
Toyota Vitz G PUSH OCTANE 2009,Toyota,Vitz,Automatic,"Petrol, Octane","Tk 990,000",2009,"1,300 cc","52,000 km",17
Toyota Corolla G BEIGE NZE121 2002,Toyota,Corolla,Automatic,"Petrol, CNG, Octane","Tk 1,020,000",2002,"1,500 cc","86,000 km",24
Toyota C-HR G LED MODELISSTA 2017,Toyota,C-HR,Automatic,"Hybrid, Octane","Tk 2,650,000",2017,"1,800 cc","58,200 km",9
Toyota Premio FEX PACKAGE BLACK 2014,Toyota,Premio,Automatic,"Petrol, Octane","Tk 2,550,000",2014,"1,500 cc","67,000 km",12
Toyota Premio G SUPERIOR PKG 2011,Toyota,Premio,Automatic,"Petrol, CNG, Octane","Tk 2,170,000",2011,"1,500 cc","72,000 km",15
Honda Grace Ex No Hybrid 2017,Honda,Grace,Automatic,"Petrol, Octane","Tk 2,400,000",2017,"1,500 cc","22,000 km",9
Toyota Rush G SMART PUSH 2007,Toyota,Rush,Automatic,"Petrol, Octane, LPG","Tk 1,200,000",2007,"1,500 cc","67,200 km",19
Toyota Allion G PKG PUSH WIN 2010,Toyota,Allion,Automatic,"Petrol, Octane","Tk 2,050,000",2010,"1,500 cc","72,000 km",16
Toyota Axio X Hid Selection 2011,Toyota,Axio,Automatic,"Petrol, CNG, Octane","Tk 1,550,000",2011,"1,500 cc","64,200 km",15
Toyota Premio G LIMITED PACKAGE 2015,Toyota,Premio,Automatic,"Petrol, Octane","Tk 2,650,000",2015,"1,500 cc","63,000 km",11
Mitsubishi Outlandar 7Seater Sunroof 2018,Mitsubishi,Outlandar,Automatic,"Petrol, Octane","Tk 3,600,000",2018,"2,000 cc","36,000 km",8
Toyota Land Cruiser V8 VXR SAHARA SPEK 2019,Toyota,Land Cruiser,Automatic,Diesel,"Tk 25,500,000",2019,"4,500 cc","43,432 km",7
Toyota Harrier Z LEATHER PKG 2020,Toyota,Harrier,Automatic,"Hybrid, Octane","Tk 7,250,000",2020,"2,500 cc","39,557 km",6
Toyota Hiace Super GL Black 2011,Toyota,Hiace,Automatic,"CNG, Octane","Tk 2,450,000",2011,"2,000 cc","82,000 km",15
Toyota Noah SI PUSH HYBRID 2014,Toyota,Noah,Automatic,"Hybrid, Octane","Tk 2,150,000",2014,"1,800 cc","63,000 km",12
Toyota Noah WXB MICA BLUE 2018,Toyota,Noah,Automatic,"Petrol, Hybrid, Octane","Tk 3,000,000",2018,"2,000 cc","52,000 km",8
Toyota Noah Octane.4Point.Ready 2020,Toyota,Noah,Automatic,Octane,"Tk 3,480,000",2020,"2,000 cc","126,000 km",6
Nissan X-Trail 2.0Xtt Package 2011,Nissan,X-Trail,Automatic,"Petrol, Octane","Tk 1,800,000",2011,"2,000 cc","58,000 km",15
Nissan X-Trail 2.0XI PANAROMIC 2016,Nissan,X-Trail,Automatic,"Petrol, Octane","Tk 3,050,000",2016,"2,000 cc","50,200 km",10
Toyota Probox DX OVER FRESH 2004,Toyota,Probox,Automatic,"Petrol, CNG, Octane","Tk 665,000",2004,"1,500 cc","73,000 km",22
Toyota Axio X HID SELECTION 2008,Toyota,Axio,Automatic,"Petrol, CNG, Octane","Tk 1,300,000",2008,"1,500 cc","72,000 km",18
Proton X70 TGDI FLAGSHIP 2021,Proton,Other Model,Automatic,"Petrol, Octane","Tk 2,750,000",2021,"1,500 cc","18,000 km",5
Toyota Aqua GS VERSION GREY 2014,Toyota,Aqua,Automatic,"Petrol, Hybrid, Octane","Tk 1,450,000",2014,"1,500 cc","42,200 km",12
Toyota Land Cruiser Prado Tx-L Limited 2013,Toyota,Land Cruiser,Automatic,"Petrol, Octane","Tk 6,300,000",2013,"2,700 cc","48,339 km",13
Toyota Axio X HID SELECTION 2007,Toyota,Axio,Automatic,"Petrol, CNG, Octane","Tk 1,170,000",2007,"1,500 cc","71,600 km",19
Nissan Bluebird SYLPHY GOLDEN G 2006,Nissan,Bluebird,Automatic,"Petrol, Octane","Tk 1,150,000",2006,"1,500 cc","67,000 km",20
Honda CR-V G LEATHER PKG 2012,Honda,CR-V,Automatic,"Petrol, Octane","Tk 2,850,000",2012,"2,000 cc","53,000 km",14
Lexus LX 600 BRAND NEW V6 3.5L 2024,Lexus,LX 600,Automatic,Petrol,"Tk 65,500,000",2024,"3,500 cc",0 km,2
Honda Vezel S GRADE STYLE 2014,Honda,Vezel,Automatic,"Petrol, Octane","Tk 2,050,000",2014,"1,500 cc","53,639 km",12
Toyota Harrier ADVANCE PREMIUM PKG 2015,Toyota,Harrier,Automatic,"Petrol, Octane","Tk 4,500,000",2015,"2,000 cc","48,000 km",11
Toyota Axio G LIMITED BEIGE 2014,Toyota,Axio,Automatic,"Petrol, Octane","Tk 1,780,000",2014,"1,500 cc","48,339 km",12
Toyota Harrier ADVANCE PREMIUM PKG 2021,Toyota,Harrier,Automatic,Octane,"Tk 8,200,000",2021,"2,000 cc","32,000 km",5
Toyota Premio FEX Package 2017,Toyota,Premio,Automatic,"Petrol, Octane","Tk 3,350,000",2017,"1,500 cc","57,000 km",9
Toyota Axio LUX OCTANE RUNS 2014,Toyota,Axio,Automatic,Octane,"Tk 1,780,000",2014,"1,500 cc","52,000 km",12
Toyota Auris G MODELISSTA PKG 2013,Toyota,Auris,Automatic,"Petrol, Octane","Tk 1,800,000",2013,"1,500 cc","53,000 km",13
Toyota Premio FEX PKG WIN RED 2015,Toyota,Premio,Automatic,"Petrol, Octane","Tk 2,750,000",2015,"1,500 cc","59,200 km",11
Toyota Premio Ex Package 2017,Toyota,Premio,Automatic,"Petrol, Octane","Tk 3,400,000",2017,"1,500 cc","42,000 km",9
Toyota Premio Ex Package 2017,Toyota,Premio,Automatic,"Petrol, Octane","Tk 3,400,000",2017,"1,500 cc","44,000 km",9
Toyota Premio FL PACKAGE SILVER 2004,Toyota,Premio,Automatic,"Petrol, CNG, Octane","Tk 1,320,000",2004,"1,500 cc","72,000 km",22
Toyota Allion G PACKAGE WIN 2015,Toyota,Allion,Automatic,"Petrol, Octane","Tk 2,480,000",2015,"1,500 cc","51,000 km",11
Toyota Noah Kr42 GL SILVER 2006,Toyota,Noah,Automatic,"Petrol, CNG, Octane","Tk 1,350,000",2006,"1,800 cc","86,000 km",20
Toyota Premio G GREEN SELECTION 2011,Toyota,Premio,Automatic,"Petrol, Octane","Tk 2,250,000",2011,"1,500 cc","63,000 km",15
Toyota Noah GL SUPER LITEACE 2006,Toyota,Noah,Automatic,"Petrol, CNG, Octane","Tk 1,050,000",2006,"1,800 cc","85,000 km",20
Toyota Auris GUNDAM EDITION 2013,Toyota,Auris,Automatic,"Petrol, Octane","Tk 1,780,000",2013,"1,500 cc","43,000 km",13
Toyota Premio F GREEN PKG 2005,Toyota,Premio,Automatic,"Petrol, CNG, Octane","Tk 1,500,000",2005,"1,500 cc","69,200 km",21
Toyota Passo RACY G 1.3L SPORTS 2009,Toyota,Passo,Automatic,"Petrol, Octane","Tk 930,000",2009,"1,300 cc","38,369 km",17
Toyota Probox 1DOOR AUTO GL 2003,Toyota,Probox,Automatic,"CNG, Octane","Tk 680,000",2003,"1,331 cc","83,000 km",23
Toyota Corolla X EXTREMELY FRESH 2004,Toyota,Corolla,Automatic,"Petrol, CNG, Octane","Tk 1,180,000",2004,"1,500 cc","83,200 km",22
Toyota Premio G PACKAGE 2008,Toyota,Premio,Automatic,"Petrol, CNG, Octane","Tk 1,850,000",2008,"1,500 cc","78,000 km",18
Toyota Axio X Hid New Edition 2012,Toyota,Axio,Automatic,Octane,"Tk 1,650,000",2012,"1,500 cc","62,000 km",14
Toyota Premio FEX PACKAGE 2018,Toyota,Premio,Automatic,"Petrol, Octane","Tk 3,650,000",2018,"1,500 cc","26,915 km",8
BMW 5 Series 520i M Sport Edition 2025,BMW,5 Series,Automatic,Petrol,"Tk 25,000,000",2025,"2,000 cc",0 km,1
Toyota Probox GL ALL POWER 2004,Toyota,Probox,Automatic,"Octane, LPG","Tk 750,000",2004,"1,500 cc","72,000 km",22
Toyota Premio G SUPERIOR PKG 2007,Toyota,Premio,Automatic,"Petrol, CNG, Octane","Tk 1,800,000",2007,"1,500 cc","72,000 km",19
Toyota Axio X NEW EDITION 2012,Toyota,Axio,Automatic,"Petrol, CNG, Octane","Tk 1,600,000",2012,"1,500 cc","68,200 km",14
Toyota Allion G STYLISH OCTANE 2009,Toyota,Allion,Automatic,Octane,"Tk 1,860,000",2009,"1,500 cc","63,000 km",17
Toyota Land Cruiser ZX LC300 JDM 2022,Toyota,Land Cruiser,Automatic,"Petrol, Octane","Tk 45,000,000",2022,"3,500 cc",0 km,4
Toyota Prado Tx-L Limited 2018,Toyota,Prado,Automatic,"Petrol, Octane","Tk 11,800,000",2018,"2,700 cc","42,000 km",8
Toyota Rush G PUSH OCTANE 2007,Toyota,Rush,Automatic,"Petrol, Octane","Tk 1,250,000",2007,"1,500 cc","72,000 km",19
Toyota Premio FL PACKAGE 2014,Toyota,Premio,Automatic,"Petrol, Octane","Tk 2,650,000",2014,"1,500 cc","63,000 km",12
Toyota Allion G PACKAGE PUSH 2014,Toyota,Allion,Automatic,"Petrol, Octane","Tk 2,450,000",2014,"1,500 cc","67,239 km",12
Toyota Allion G LIMITED PACKAGE 2006,Toyota,Allion,Automatic,"Petrol, CNG, Octane","Tk 1,560,000",2006,"1,500 cc","78,000 km",20
Toyota Fielder G PUSH BLACK 2013,Toyota,Fielder,Automatic,"Petrol, Octane","Tk 1,780,000",2013,"1,500 cc","69,369 km",13
Toyota Noah X OVER FRESH 2005,Toyota,Noah,Automatic,"Petrol, CNG, Octane","Tk 1,350,000",2005,"2,000 cc","82,000 km",21
Toyota Allion G 60Th Anniversary 2006,Toyota,Allion,Automatic,"Petrol, CNG, Octane","Tk 1,580,000",2006,"1,500 cc","82,000 km",20
Toyota Crown ATHLATE S SUNROOF 2017,Toyota,Crown,Automatic,"Petrol, Hybrid, Octane","Tk 4,750,000",2017,"2,500 cc","32,360 km",9
Toyota Allion G PACKAGE BLACK 2010,Toyota,Allion,Automatic,"Petrol, Octane","Tk 2,050,000",2010,"1,500 cc","68,000 km",16
Toyota Axio G NEW EDITION 2018,Toyota,Axio,Automatic,"Petrol, Octane","Tk 2,300,000",2018,"1,500 cc","27,000 km",8
Mitsubishi X-Pander 7seater New Shape 2023,Mitsubishi,X-Pander,Automatic,"Petrol, Octane","Tk 3,150,000",2023,"1,500 cc","21,000 km",3
Toyota Noah Si OCTANE LPG 2015,Toyota,Noah,Automatic,"Petrol, Octane, LPG","Tk 2,900,000",2015,"1,800 cc","63,369 km",11
Mercedes-Benz G-Class G63 4.0L BITURBO 2023,Mercedes-Benz,G-Class,Automatic,Petrol,"Tk 85,000,000",2023,"4,000 cc","1,000 km",3
Toyota Fielder X.G Edition Black 2010,Toyota,Fielder,Automatic,"Petrol, Octane, LPG","Tk 1,550,000",2010,"1,500 cc","71,590 km",16
Toyota Allion G LIMITED EDITION 2012,Toyota,Allion,Automatic,"Petrol, Octane","Tk 2,350,000",2012,"1,500 cc","68,000 km",14
Toyota Fielder X NEW SHAPE 2012,Toyota,Fielder,Automatic,"Petrol, CNG, Octane","Tk 1,650,000",2012,"1,500 cc","67,000 km",14
Toyota Premio GREEN SELECTION EX 2014,Toyota,Premio,Automatic,"Petrol, CNG, Octane","Tk 2,450,000",2014,"1,500 cc","52,200 km",12
Toyota Prado Tx-L Facelifted Ltd 2014,Toyota,Prado,Automatic,"Petrol, Octane","Tk 7,900,000",2014,"2,700 cc","53,563 km",12
Toyota Probox GL 1500Cc Vvti 2003,Toyota,Probox,Automatic,"Petrol, CNG, Octane","Tk 720,000",2003,"1,500 cc","72,000 km",23
Toyota Esquire Non Hybrid 2021,Toyota,Esquire,Automatic,"Petrol, Octane","Tk 4,350,000",2021,"2,000 cc","54,876 km",5
Toyota Yaris Cross Z Package 2020,Toyota,Yaris Cross,Automatic,"Petrol, Hybrid, Octane","Tk 3,400,000",2020,"1,500 cc","62,000 km",6
Toyota Fielder hybrid 2021,Toyota,Fielder,Automatic,"Petrol, Hybrid, Octane","Tk 2,200,000",2021,"1,500 cc","56,847 km",5
Toyota Fielder X.G BLACK 2010,Toyota,Fielder,Automatic,"Petrol, CNG, Octane","Tk 1,530,000",2010,"1,500 cc","68,369 km",16
Toyota Noah X HYBRID PUSH START 2020,Toyota,Noah,Automatic,"Hybrid, Octane","Tk 3,100,000",2020,"1,800 cc","78,374 km",6
Honda Civic EX FULL LEATHER 2020,Honda,Civic,Automatic,Octane,"Tk 3,850,000",2020,"1,500 cc","63,491 km",6
Toyota Corolla G 2005,Toyota,Corolla,Automatic,"CNG, Octane","Tk 1,290,000",2005,"1,500 cc","87,000 km",21
Toyota Fielder X Hid Hybrid 2017,Toyota,Fielder,Automatic,"Petrol, Hybrid, Octane","Tk 1,850,000",2017,"1,500 cc","60,606 km",9
Toyota Fielder EX 2020,Toyota,Fielder,Automatic,"Hybrid, Octane","Tk 2,500,000",2020,"1,500 cc","89,000 km",6
Toyota Sienta G DICE 7SEATER 2012,Toyota,Sienta,Automatic,"Petrol, Octane","Tk 1,550,000",2012,"1,500 cc","67,000 km",14
Toyota Yaris Cross Z Leather Pkg 2020,Toyota,Yaris Cross,Automatic,"Hybrid, Octane","Tk 3,400,000",2020,"1,500 cc","62,478 km",6
Toyota Axio EX Ready Stock 2020,Toyota,Axio,Automatic,Hybrid,"Tk 2,499,999",2020,"1,500 cc","25,457 km",6
Toyota Axio EX 2021,Toyota,Axio,Automatic,Hybrid,"Tk 2,830,000",2021,"1,500 cc","51,000 km",5
Toyota Corolla WXB 2021,Toyota,Corolla,Automatic,Hybrid,"Tk 3,450,000",2021,"1,800 cc","49,000 km",5
Toyota Corolla Cross Z Leather Pkg 2022,Toyota,Corolla Cross,Automatic,"Petrol, Hybrid, Octane","Tk 4,180,000",2022,"1,800 cc","29,074 km",4
Toyota Prado Tx-L 7seat Sunroof 2012,Toyota,Prado,Automatic,"Petrol, Octane","Tk 6,850,000",2012,"2,700 cc","67,000 km",14
Range Rover Vogue Autobiography P400E 2020,Range Rover,Vogue,Automatic,"Petrol, Octane","Tk 23,000,000",2020,"2,000 cc","16,000 km",6
Volkswagen Polo 1.2L.GERMANY 2013,Volkswagen,Polo,Automatic,"Petrol, Octane","Tk 850,000",2013,"1,200 cc","20,100 km",13
Toyota Hiace SUPER GL KEY LED TRD 2021,Toyota,Hiace,Automatic,Hybrid,"Tk 4,199,999",2021,"2,000 cc","68,000 km",5
Toyota Aqua S STYLE PUSH 2014,Toyota,Aqua,Automatic,"Petrol, Hybrid, Octane","Tk 1,350,000",2014,"1,500 cc","45,639 km",12
Mitsubishi Outlander 7Seater Suv 2012,Mitsubishi,Outlander,Automatic,"Petrol, Octane","Tk 2,650,000",2012,"2,000 cc","39,000 km",14
Toyota Hiace GL SINGLE AC 65000KM 2020,Toyota,Hiace,Automatic,Octane,"Tk 3,399,998",2020,"2,000 cc","65,000 km",6
Toyota Noah Si PUSH HYBRID 2014,Toyota,Noah,Automatic,"Hybrid, Octane","Tk 2,550,000",2014,"1,800 cc","68,000 km",12
Toyota Avanza G 7SEATER BLACK 2010,Toyota,Avanza,Automatic,"Petrol, Octane, LPG","Tk 1,370,000",2010,"1,500 cc","69,000 km",16
Toyota Fielder X Hid Selection 2011,Toyota,Fielder,Automatic,Octane,"Tk 1,650,000",2011,"1,500 cc","60,256 km",15
Toyota Allion G PACKAGE BLUE 2004,Toyota,Allion,Automatic,"Petrol, CNG, Octane","Tk 1,380,000",2004,"1,500 cc","83,600 km",22
Toyota Fielder G EDITION PUSH 2011,Toyota,Fielder,Automatic,"Petrol, Octane, LPG","Tk 1,750,000",2011,"1,500 cc","68,000 km",15
Toyota Allion G PACKAGE LTD 2004,Toyota,Allion,Automatic,"Petrol, CNG, Octane","Tk 1,350,000",2004,"1,500 cc","82,000 km",22
Toyota Premio FEX PACKAGE 2020,Toyota,Premio,Automatic,"Petrol, Octane","Tk 3,950,000",2020,"1,500 cc","32,000 km",6
Toyota Corolla X Hid Selection 2006,Toyota,Corolla,Automatic,"Petrol, CNG, Octane","Tk 1,350,000",2006,"1,500 cc","89,300 km",20
Toyota Sienta G Dice 7Seater 2013,Toyota,Sienta,Automatic,"Petrol, Octane","Tk 1,550,000",2013,"1,500 cc","67,000 km",13
Toyota Premio FL PACKAGE 2015,Toyota,Premio,Automatic,"Petrol, Octane, LPG","Tk 2,750,000",2015,"1,500 cc","62,000 km",11
Honda Grace Premium Package 2018,Honda,Grace,Automatic,"Hybrid, Octane","Tk 1,850,000",2018,"1,500 cc","48,000 km",8
Nissan X-Trail Xtt Leather Push 2012,Nissan,X-Trail,Automatic,"Petrol, Octane","Tk 1,750,000",2012,"2,000 cc","58,000 km",14
Toyota Fielder X G Edition 2012,Toyota,Fielder,Automatic,"Petrol, CNG, Octane","Tk 1,630,000",2012,"1,500 cc","78,000 km",14
Toyota Allion G LIMITED WIN 2006,Toyota,Allion,Automatic,"Petrol, CNG, Octane","Tk 1,580,000",2006,"1,500 cc","85,000 km",20
Toyota Axio X SILVER 2006,Toyota,Axio,Automatic,"Petrol, CNG, Octane","Tk 1,250,000",2006,"1,500 cc","72,000 km",20
Nissan Patrol Y61 With Sunroof 2004,Nissan,Patrol,Automatic,"Petrol, Octane","Tk 3,800,000",2004,"4,800 cc","42,000 km",22
Toyota Passo G OCTANE RUNS 2005,Toyota,Passo,Automatic,"Petrol, Octane","Tk 650,000",2005,"1,000 cc","62,000 km",21
Toyota Fielder Wxb Push Leather 2017,Toyota,Fielder,Automatic,"Petrol, Hybrid, Octane","Tk 1,950,000",2017,"1,500 cc","67,000 km",9
Mitsubishi X-Pander Gls 7seat Japanese 2021,Mitsubishi,X-Pander,Automatic,"Petrol, Octane","Tk 2,850,000",2021,"1,500 cc","21,000 km",5
Toyota Fielder X 40Th Anniversary 2005,Toyota,Fielder,Automatic,"Petrol, Octane","Tk 1,260,000",2005,"1,500 cc","72,000 km",21
Toyota Premio FL LED PACKAGE 2018,Toyota,Premio,Automatic,"Petrol, Octane","Tk 3,600,000",2018,"2,700 cc","33,000 km",8
Toyota Vitz X SMART EDITION 2010,Toyota,Vitz,Automatic,"Petrol, Octane","Tk 1,000,000",2010,"1,300 cc","68,000 km",16
Toyota Prado TxL Mica Blue 2020,Toyota,Prado,Automatic,"Petrol, Octane","Tk 14,500,000",2020,"2,700 cc","39,000 km",6
Toyota RAV4 J PACKAGE 2003,Toyota,RAV4,Automatic,"Petrol, Octane","Tk 1,150,000",2003,"1,800 cc","69,200 km",23
Toyota Axio X Extremely Fresh 2011,Toyota,Axio,Automatic,"Petrol, CNG, Octane","Tk 1,520,000",2011,"1,500 cc","67,000 km",15
Toyota Premio F Green Selection 2006,Toyota,Premio,Automatic,"Petrol, CNG, Octane","Tk 1,600,000",2006,"1,500 cc","88,000 km",20
Toyota Wish 7Seat Sunroof S 2010,Toyota,Wish,Automatic,"Petrol, Octane","Tk 2,400,000",2010,"1,800 cc","52,000 km",16
Toyota Fielder X Extremely Fresh 2012,Toyota,Fielder,Automatic,"Petrol, CNG, Octane","Tk 1,680,000",2012,"1,500 cc","68,000 km",14
Toyota Alphard Executive Lounge S 2022,Toyota,Alphard,Automatic,"Petrol, Hybrid, Octane","Tk 11,500,000",2022,"2,500 cc","20,000 km",4
Toyota Premio EX PACKAGE 2015,Toyota,Premio,Automatic,Octane,"Tk 2,750,000",2015,"1,500 cc","53,000 km",11
Toyota Corolla X Hid Selection 2005,Toyota,Corolla,Automatic,"Petrol, CNG, Octane","Tk 1,250,000",2005,"1,500 cc","89,000 km",21
Toyota Premio G PACKAGE 2012,Toyota,Premio,Automatic,"Petrol, Octane","Tk 2,400,000",2012,"1,500 cc","62,000 km",14
Toyota Corolla X OVER FRESH 2006,Toyota,Corolla,Automatic,"Petrol, CNG, Octane","Tk 1,280,000",2006,"1,500 cc","86,000 km",20
Toyota Kluger V PACKAGE 2.4L 2005,Toyota,Kluger,Automatic,"Petrol, CNG, Octane","Tk 1,450,000",2005,"2,362 cc","68,200 km",21
Toyota Premio G Pkg Geen FL 2005,Toyota,Premio,Automatic,"Petrol, CNG, Octane","Tk 1,590,000",2005,"1,500 cc","82,000 km",21
Toyota Axio X Hid Cvt Gear 2008,Toyota,Axio,Automatic,"Petrol, CNG, Octane","Tk 1,350,000",2008,"1,500 cc","73,000 km",18
Lexus LX 600 . 2023,Lexus,LX 600,Automatic,"Petrol, Octane","Tk 66,000,000",2023,"3,500 cc",0 km,3
Toyota Land Cruiser Prado Tx-L Limited 2017,Toyota,Land Cruiser,Automatic,"Petrol, Octane","Tk 11,000,000",2017,"2,700 cc","37,000 km",9
Toyota Fielder X OCTANE SILVER 2015,Toyota,Fielder,Automatic,"Petrol, Octane","Tk 1,950,000",2015,"1,500 cc","51,000 km",11
Toyota Avanza S 7SEATER OCTANE 2010,Toyota,Avanza,Automatic,"Petrol, Octane","Tk 1,300,000",2010,"1,500 cc","63,000 km",16
Toyota Premio G SUPERIOR BLACK 2011,Toyota,Premio,Automatic,"Petrol, Octane","Tk 2,250,000",2011,"1,500 cc","66,000 km",15
Toyota Prado Tx-L Bronze Ltd 2016,Toyota,Prado,Automatic,"Petrol, Octane","Tk 9,450,000",2016,"2,700 cc","39,800 km",10
Toyota Prado Tx-L Facelifted 2014,Toyota,Prado,Automatic,"Petrol, Octane","Tk 7,800,000",2014,"2,700 cc","53,611 km",12
Toyota Premio G SUPERIOR BLACK 2012,Toyota,Premio,Automatic,"Petrol, Octane","Tk 2,400,000",2012,"1,500 cc","56,000 km",14
Honda CR-V PANAROMIC SUNROOF 2019,Honda,CR-V,Automatic,"Petrol, Octane","Tk 4,900,000",2019,"1,500 cc","32,000 km",7
Mitsubishi Outlander 7Seats Rockford 2013,Mitsubishi,Outlander,Automatic,"Petrol, Octane","Tk 2,650,000",2013,"2,000 cc","48,000 km",13
Toyota Hiace SUPER GL LWB 2006,Toyota,Hiace,Automatic,"CNG, Octane","Tk 1,500,000",2006,"2,000 cc","73,000 km",20
Toyota Premio F type Selection 2005,Toyota,Premio,Automatic,"Petrol, CNG, Octane","Tk 1,530,000",2005,"1,500 cc","82,000 km",21
Toyota Vitz G PUSH OCTANE 2010,Toyota,Vitz,Automatic,"Petrol, Octane","Tk 1,070,000",2010,"1,331 cc","53,000 km",16
Mitsubishi Outlandar Sunroof 7seater 2022,Mitsubishi,Outlandar,Automatic,"Petrol, Octane","Tk 4,300,000",2022,"2,000 cc","31,000 km",4
Toyota Allion G 60Th Anniversary 2003,Toyota,Allion,Automatic,"Petrol, CNG, Octane","Tk 1,380,000",2003,"1,500 cc","78,000 km",23
Toyota Axio . 2012,Toyota,Axio,Automatic,"Petrol, CNG","Tk 1,510,000",2012,"1,500 cc","91,000 km",14
Toyota Premio G SUPERIOR 2012,Toyota,Premio,Automatic,"Petrol, CNG, Octane","Tk 2,300,000",2012,"1,500 cc","63,000 km",14
Toyota Noah Esquire Gi Octane 2019,Toyota,Noah,Automatic,"Petrol, Octane","Tk 3,750,000",2019,"2,000 cc","63,000 km",7
Toyota Allion G SPECIAL EDITION 2005,Toyota,Allion,Automatic,"Petrol, Octane","Tk 1,520,000",2005,"1,500 cc","78,000 km",21
Toyota Noah Si Grade Push 2013,Toyota,Noah,Automatic,"Petrol, Octane","Tk 2,250,000",2013,"2,000 cc","63,000 km",13
Toyota Allion G PACKAGE PUSH 2008,Toyota,Allion,Automatic,"Petrol, Octane","Tk 1,780,000",2008,"1,500 cc","63,208 km",18
BMW 7 Series 740Le LWB Luxury 2018,BMW,7 Series,Automatic,Petrol,"Tk 16,800,000",2018,"2,000 cc","15,000 km",8
Audi Q7 7Seats PANAROMIC 2008,Audi,Q7,Automatic,Diesel,"Tk 3,500,000",2008,"3,000 cc","67,000 km",18
BMW Z4 Convertible HradRoof 2010,BMW,Z4,Automatic,Petrol,"Tk 6,200,000",2010,"3,000 cc","26,500 km",16
Suzuki Vitara Grand Hrad Jeep 2011,Suzuki,Vitara,Automatic,"Petrol, Octane, LPG","Tk 1,100,000",2011,"2,000 cc","64,000 km",15
Toyota Rush G PUSH OCTANE 2011,Toyota,Rush,Automatic,Petrol,"Tk 1,750,000",2011,"1,500 cc","68,000 km",15
Mazda Axela Sky Active Lounge 2011,Mazda,Axela,Automatic,"Petrol, Octane","Tk 1,300,000",2011,"1,500 cc","58,200 km",15
Toyota Harrier PROGRESS METAL ADV 2017,Toyota,Harrier,Automatic,Octane,"Tk 5,850,000",2017,"2,000 cc","48,000 km",9
Toyota Corolla G NZE121 SILVER 2003,Toyota,Corolla,Automatic,"Petrol, CNG, Octane","Tk 1,050,000",2003,"1,500 cc","82,000 km",23
Range Rover Vogue Autobiography Turbo 2017,Range Rover,Vogue,Automatic,Diesel,"Tk 17,000,000",2017,"3,000 cc","18,185 km",9
Lexus ES 300H MOONBEAM L 2020,Lexus,ES,Automatic,"Petrol, Hybrid, Octane","Tk 9,400,000",2020,"2,500 cc","33,200 km",6
Toyota Harrier Z Leather Pkg 2021,Toyota,Harrier,Automatic,Petrol,"Tk 8,250,000",2021,"2,000 cc","34,000 km",5
Mercedes-Benz E-Class E300E PANAROMIC 2019,Mercedes-Benz,E-Class,Automatic,"Petrol, Hybrid, Octane","Tk 10,100,000",2019,"2,000 cc","8,000 km",7
Toyota Prado Tx-L 7Seat Sunroof 2014,Toyota,Prado,Automatic,"Petrol, Octane","Tk 7,800,000",2014,"2,700 cc","53,000 km",12
Toyota Fielder WXB PUSH LEATHER 2017,Toyota,Fielder,Automatic,"Petrol, Hybrid, Octane","Tk 1,950,000",2017,"1,331 cc","51,200 km",9
BMW X6 Xdrive40i M Sport 2023,BMW,X6,Automatic,Petrol,"Tk 26,500,000",2023,"3,000 cc","2,500 km",3
Toyota Premio FEX PACKAGE WIN 2019,Toyota,Premio,Automatic,"Petrol, Octane","Tk 3,900,000",2019,"1,500 cc","28,112 km",7
Nissan X-Trail 2.0Xi Over Fresh 2011,Nissan,X-Trail,Automatic,"Petrol, Octane","Tk 1,700,000",2011,"2,000 cc","54,200 km",15
Toyota Allion G PACKAGE LTD 2012,Toyota,Allion,Automatic,"CNG, Octane","Tk 2,250,000",2012,"1,500 cc","56,200 km",14
Toyota Land Cruiser V8 ZX PATROL 2017,Toyota,Land Cruiser,Automatic,Octane,"Tk 24,500,000",2017,"4,600 cc","33,000 km",9
Toyota Passo Sette 7Seat Octane 2009,Toyota,Passo,Automatic,"Petrol, Octane","Tk 1,250,000",2009,"1,500 cc","67,000 km",17
Toyota Premio FEX PKG FACELIFT 2016,Toyota,Premio,Automatic,"Petrol, Octane","Tk 2,750,000",2016,"1,500 cc","53,000 km",10
Toyota Harrier PROGRESS METAL ADV 2019,Toyota,Harrier,Automatic,Petrol,"Tk 6,500,000",2019,"2,000 cc","32,000 km",7
Toyota Prado BLACK EDITION TX-L 2021,Toyota,Prado,Automatic,"Petrol, Octane","Tk 14,800,000",2021,"2,700 cc","13,000 km",5
Toyota Prado TX-L LIMITED 2.7L 2015,Toyota,Prado,Automatic,"Petrol, Octane","Tk 9,200,000",2015,"2,700 cc","57,421 km",11
Proton X70 TGDI SUNROOF 2021,Proton,Other Model,Automatic,"Petrol, Octane","Tk 2,650,000",2021,"1,500 cc","21,200 km",5
BMW X1 M Sport PANAROMIC 2022,BMW,X1,Automatic,Octane,"Tk 9,200,000",2022,"1,500 cc","5,000 km",4
Toyota Alphard Executive Lounge 2019,Toyota,Alphard,Automatic,"Petrol, Hybrid, Octane","Tk 9,600,000",2019,"2,500 cc","37,200 km",7
Toyota Crown ROYAL SALOON SUNROOF 2016,Toyota,Crown,Automatic,"Petrol, Hybrid, Octane","Tk 4,750,000",2016,"2,500 cc","58,000 km",10
Nissan Teana 2.0XL Ultra LUXURY 2014,Nissan,Teana,Automatic,"Petrol, Octane","Tk 1,950,000",2014,"2,000 cc","77,000 km",12
Toyota Land Cruiser V8 ZX PATROL 2020,Toyota,Land Cruiser,Automatic,"Petrol, Octane","Tk 29,000,000",2020,"4,600 cc","34,000 km",6
Toyota Land Cruiser V8 VXR LIMITED 2020,Toyota,Land Cruiser,Automatic,Diesel,"Tk 26,000,000",2020,"4,500 cc","38,000 km",6
Rolls Royce Specter 2025 .,Rolls Royce,Specter 2025,Automatic,Electric,"Tk 105,000,000",2025,"2,400 cc",0 km,1
Range Rover Vogue AUTOBIOGRAPHY LWB 2023,Range Rover,Vogue,Automatic,"Petrol, Octane","Tk 76,500,000",2023,"3,000 cc",0 km,3
Range Rover Vogue Autobiography LWB 2021,Range Rover,Vogue,Automatic,"Petrol, Octane","Tk 26,500,000",2021,"2,000 cc","9,000 km",5
Mercedes-Benz S-Class S350d LWB AMG LINE 2015,Mercedes-Benz,S-Class,Automatic,Diesel,"Tk 15,500,000",2015,"3,000 cc","9,000 km",11
Mercedes-Benz S-Class S500 TURBO LWB 2021,Mercedes-Benz,S-Class,Automatic,"Petrol, Octane","Tk 33,000,000",2021,"3,000 cc","6,000 km",5
Toyota Land Cruiser Prado Tx-L limited 2015,Toyota,Land Cruiser,Automatic,"Petrol, Octane","Tk 9,100,000",2015,"2,700 cc","46,000 km",11
Toyota Land Cruiser LC300 Zx 3.5L Octane 2022,Toyota,Land Cruiser,Automatic,"Petrol, Octane","Tk 45,000,000",2022,"3,500 cc","16,000 km",4
Mercedes-Benz GLE-Class GLE53 AMG 3.0L.TURBO 2021,Mercedes-Benz,GLE-Class,Automatic,Octane,"Tk 18,500,000",2021,"3,000 cc","12,000 km",5
Toyota Land Cruiser V8 VX MINT CONDITION 2013,Toyota,Land Cruiser,Automatic,Diesel,"Tk 14,500,000",2013,"4,500 cc","42,000 km",13
Mercedes-Benz G-Class G63 V8 BITURBO 2024,Mercedes-Benz,G-Class,Automatic,"Petrol, Octane","Tk 88,000,000",2024,"4,000 cc",0 km,2
Toyota Land Cruiser V8 ZX PATROL 4.6L 2020,Toyota,Land Cruiser,Automatic,"Petrol, Octane","Tk 33,500,000",2020,"4,600 cc","16,500 km",6
BMW 5 Series 520i M Aerodynamic 2017,BMW,5 Series,Automatic,"Petrol, Octane","Tk 8,000,000",2017,"2,000 cc","15,000 km",9
Audi Q7 QUATTRO 45 TFSI 2018,Audi,Q7,Automatic,"Petrol, Octane","Tk 12,000,000",2018,"2,000 cc","16,600 km",8
Audi A8 L 55.TFSI 3.0L LWB 2021,Audi,A8,Automatic,"Petrol, Octane","Tk 22,500,000",2021,"3,000 cc","8,500 km",5
BMW 5 Series 520D BRONZE 2011,BMW,5 Series,Automatic,Diesel,"Tk 4,400,000",2011,"2,000 cc","63,000 km",15
Nissan Patrol Y61 EXTREMELY FRESH 2004,Nissan,Patrol,Automatic,"Petrol, Octane","Tk 4,000,000",2004,"4,800 cc","75,000 km",22
Toyota Land Cruiser V8 ZX PATROL 4.2L 2015,Toyota,Land Cruiser,Automatic,"Petrol, Octane","Tk 14,500,000",2015,"4,200 cc","42,598 km",11
Honda CR-V A PERFECT SUV 2012,Honda,CR-V,Automatic,"Petrol, Octane","Tk 2,650,000",2012,"2,000 cc","61,000 km",14
Toyota Alphard EXECUTIVE LOUNGE 2025,Toyota,Alphard,Automatic,"Petrol, Hybrid, Octane","Tk 20,000,000",2025,"2,500 cc",0 km,1
Nissan Juke PUSH RED INTERIOR 2011,Nissan,Juke,Automatic,"Petrol, Octane","Tk 1,220,000",2011,"1,500 cc","56,000 km",15
Mitsubishi X-Pander 7Seater Dual AC 2022,Mitsubishi,X-Pander,Automatic,"Petrol, Octane","Tk 2,950,000",2022,"1,500 cc","18,155 km",4
Lexus NX 300H L PACKAGE 2016,Lexus,NX,Automatic,"Petrol, Hybrid, Octane","Tk 5,500,000",2016,"2,500 cc","28,400 km",10
Haval H6 A PROPER SUV 1.5XTT 2022,Haval,H6,Automatic,"Petrol, Octane","Tk 4,200,000",2022,"1,500 cc","5,000 km",4
Honda CR-V G LEATHER SUNROOF 2018,Honda,CR-V,Automatic,"Petrol, Octane","Tk 4,250,000",2018,"1,500 cc","39,256 km",8
Honda CR-V EX MASTER TURBO 2022,Honda,CR-V,Automatic,"Petrol, Octane","Tk 5,700,000",2022,"1,500 cc","26,000 km",4
Toyota Noah KR42 GL STANDARD 2007,Toyota,Noah,Automatic,"Petrol, Octane","Tk 1,350,000",2007,"1,800 cc","87,000 km",19
Mercedes-Benz CLA-Class CLA35 AMG TURBO 2023,Mercedes-Benz,CLA-Class,Automatic,"Petrol, Octane","Tk 21,500,000",2023,"2,000 cc","1,100 km",3
Proton X70 PREMIUM TGDI 2021,Proton,Other Model,Automatic,"Petrol, Octane","Tk 2,750,000",2021,"1,500 cc","16,200 km",5
Toyota Noah ESQUIRE GI PREMIUM 2018,Toyota,Noah,Automatic,"Petrol, Octane, LPG","Tk 3,580,000",2018,"2,000 cc","32,000 km",8
Toyota Alphard EXECUTIVE LOUNGE SV 2021,Toyota,Alphard,Automatic,"Petrol, Hybrid, Octane","Tk 10,500,000",2021,"2,500 cc","22,000 km",5
Lexus RX 300 Wald Kit Petrol 2021,Lexus,RX,Automatic,Petrol,"Tk 12,600,000",2021,"2,000 cc","41,000 km",5
Honda Insight Ex Leather Package 2020,Honda,Insight,Automatic,"Petrol, Hybrid, Octane","Tk 4,050,000",2020,"1,500 cc","28,222 km",6
Toyota Premio F 2004,Toyota,Premio,Automatic,"Octane, LPG","Tk 1,450,000",2004,"1,500 cc","116,000 km",22
Toyota Land Cruiser V8 EXTREMELY FRESH 2016,Toyota,Land Cruiser,Automatic,Diesel,"Tk 21,500,000",2016,"4,500 cc","44,000 km",10
Mitsubishi Pajero V73 2.0L SUNROOF 2005,Mitsubishi,Pajero,Automatic,"Petrol, Octane","Tk 2,150,000",2005,"2,000 cc","68,000 km",21
Range Rover Vogue P400E Autobiography 2019,Range Rover,Vogue,Automatic,"Petrol, Octane","Tk 24,500,000",2019,"2,000 cc","13,000 km",7
Toyota Land Cruiser V8 VXR DIESEL 2011,Toyota,Land Cruiser,Automatic,Diesel,"Tk 13,200,000",2011,"5,700 cc","47,430 km",15
Toyota Alphard EXECUTIVE LOUNGE L 2021,Toyota,Alphard,Automatic,"Petrol, Hybrid, Octane","Tk 9,850,000",2021,"2,500 cc","66,000 km",5
Toyota Prado Land.Cruiser.Tx-L 2018,Toyota,Prado,Automatic,"Petrol, Octane","Tk 11,800,000",2018,"1,500 cc","36,200 km",8
Nissan X-Trail Mode Premier Sunroof 2018,Nissan,X-Trail,Automatic,"Petrol, Hybrid, Octane","Tk 3,250,000",2018,"2,000 cc","67,000 km",8
Mitsubishi Pajero V73 WITH SUNROOF 2002,Mitsubishi,Pajero,Automatic,"Petrol, CNG, Octane","Tk 1,800,000",2002,"3,000 cc","74,000 km",24
Toyota Land Cruiser V8.VX.LIMITED 2014,Toyota,Land Cruiser,Automatic,Diesel,"Tk 16,200,000",2014,"4,500 cc","33,000 km",12
Toyota Prado Tx-L.Auto.Wing.Ltd 2020,Toyota,Prado,Automatic,"Petrol, Octane","Tk 13,800,000",2020,"2,700 cc","19,000 km",6
Toyota Land Cruiser V8 70TH ANNIVERSARY 2018,Toyota,Land Cruiser,Automatic,Diesel,"Tk 24,400,000",2018,"4,500 cc","26,000 km",8
Toyota Allion G PACKAGE PUSH 2008,Toyota,Allion,Automatic,Octane,"Tk 1,930,000",2008,"1,498 cc","72,000 km",18
BMW 7 Series 740Le M Package 2017,BMW,7 Series,Automatic,Octane,"Tk 12,000,000",2017,"2,000 cc","18,000 km",9
Range Rover Vogue FIRST EDITION MHEV 2023,Range Rover,Vogue,Automatic,"Petrol, Octane","Tk 68,000,000",2023,"3,000 cc",0 km,3
Toyota Land Cruiser V8 VXR ORIGIN 4.5L 2014,Toyota,Land Cruiser,Automatic,Diesel,"Tk 14,500,000",2014,"4,500 cc","32,000 km",12
Toyota Premio G LIMITED PACKAGE 2006,Toyota,Premio,Automatic,"Petrol, CNG, Octane","Tk 1,600,000",2006,"1,500 cc","85,200 km",20
Audi Q7 7Seat Sunroof TDi 2008,Audi,Q7,Automatic,Diesel,"Tk 3,300,000",2008,"3,000 cc","62,000 km",18
Mercedes-Benz G-Class G63.FRESH.IMPORT 2023,Mercedes-Benz,G-Class,Automatic,"Petrol, Octane","Tk 85,000,000",2023,"4,000 cc","2,000 km",3
Range Rover Vogue Autobiography 3.0L 2021,Range Rover,Vogue,Automatic,"Petrol, Octane","Tk 45,000,000",2021,"3,000 cc","7,000 km",5
Toyota Alphard G.Executive.Lounge 2019,Toyota,Alphard,Automatic,"Hybrid, Octane","Tk 9,400,000",2019,"2,500 cc","32,000 km",7
Toyota Land Cruiser V8.VX.SAHARA 2018,Toyota,Land Cruiser,Automatic,Diesel,"Tk 24,500,000",2018,"4,500 cc","6,000 km",8
Toyota Land Cruiser V8.VX.SAHARA 2016,Toyota,Land Cruiser,Automatic,Diesel,"Tk 22,000,000",2016,"4,500 cc","25,000 km",10
Honda Insight Lx 4.Point Hybrid 2020,Honda,Insight,Automatic,"Petrol, Hybrid, Octane","Tk 3,550,000",2020,"1,500 cc","62,000 km",6
Mercedes-Benz GLE-Class GLE400E MAYBACH 2025,Mercedes-Benz,GLE-Class,Automatic,Petrol,"Tk 28,000,000",2025,"2,000 cc",0 km,1
Toyota Alphard Executive Lounge Hev 2024,Toyota,Alphard,Automatic,"Petrol, Hybrid, Octane","Tk 17,500,000",2024,"2,500 cc",500 km,2
Toyota Alphard EXECUTIVE LOUNGE SL 2021,Toyota,Alphard,Automatic,"Petrol, Hybrid, Octane","Tk 9,850,000",2021,"2,500 cc","62,000 km",5
MG HS G.Lux.Trophy.1.5T 2021,MG,HS,Automatic,"Petrol, Octane","Tk 3,350,000",2021,"1,500 cc","18,200 km",5
Toyota Land Cruiser V8.VXR.LIMITED 2020,Toyota,Land Cruiser,Automatic,Diesel,"Tk 24,000,000",2020,"4,500 cc","39,313 km",6
Lexus LX 470.Cygnus.V8 2000,Lexus,LX,Automatic,"Petrol, Octane","Tk 3,500,000",2000,"4,700 cc","136,000 km",26
Mercedes-Benz C-Class C180.BERMESTER.SOUND 2015,Mercedes-Benz,C-Class,Automatic,"Petrol, Octane","Tk 5,700,000",2015,"1,600 cc","38,073 km",11
Range Rover Vogue Autobiography.3.0L 2014,Range Rover,Vogue,Automatic,Diesel,"Tk 18,000,000",2014,"3,000 cc","20,500 km",12
Nissan X-Trail Xtt Leather Sunroof 2011,Nissan,X-Trail,Automatic,"Petrol, Octane","Tk 1,950,000",2011,"2,000 cc","42,000 km",15
Mercedes-Benz S-Class S500 Legendary Sedan 2022,Mercedes-Benz,S-Class,Automatic,"Petrol, Octane","Tk 39,000,000",2022,"3,000 cc","2,000 km",4
Toyota Harrier Adv Premium Pkg 2015,Toyota,Harrier,Automatic,"Petrol, Octane","Tk 4,550,000",2015,"2,000 cc","52,200 km",11
Toyota Alphard EXECUTIVE LOUNGE 2020,Toyota,Alphard,Automatic,"Petrol, Hybrid, Octane","Tk 9,800,000",2020,"2,500 cc","19,000 km",6
Toyota Alphard EXECUTIVE LOUNGE 2020,Toyota,Alphard,Automatic,Diesel,"Tk 9,800,000",2020,"2,500 cc","27,000 km",6
Toyota Premio Fex Package 2018,Toyota,Premio,Automatic,Octane,"Tk 3,750,000",2018,"2,000 cc","31,000 km",8
Toyota Premio G super 2015,Toyota,Premio,Automatic,Octane,"Tk 2,680,000",2015,"1,500 cc","75,102 km",11
Nissan X-Trail 360 Camera 2012,Nissan,X-Trail,Automatic,Octane,"Tk 2,380,000",2012,"2,000 cc","71,245 km",14
Nissan X-Trail aaaa2 asaaaaaa 2012,Nissan,X-Trail,Automatic,Octane,"Tk 2,380,000",2012,"2,000 cc","71,254 km",14
BMW X5 aaaaaRaa2a aaaaa1aa 2001,BMW,X5,Manual,Octane,"Tk 2,500,000",2001,"3,000 cc","85,985 km",25
Toyota Vitz a.aaaaaRaa2a aaaaa1aaaa 2009,Toyota,Vitz,Automatic,Octane,"Tk 880,000",2009,"1,000 cc","86,592 km",17
Toyota Premio aaaaaRaa2a aaaaa1aaaa 2007,Toyota,Premio,Automatic,Octane,"Tk 1,795,000",2007,"1,500 cc","65,856 km",19
Toyota Corolla aaaaaRaa2a aaaaa1afa 2003,Toyota,Corolla,Automatic,Octane,"Tk 1,095,000",2003,"1,500 cc","86,598 km",23
Toyota Allion aaaaaRaa2a aaaaa1afa 2004,Toyota,Allion,Automatic,"CNG, Octane","Tk 1,395,000",2004,"1,500 cc","65,856 km",22
Nissan Lafesta  aaaaaRaa2a aaaaa1aa 2007,Nissan,Lafesta,Automatic,Octane,"Tk 1,158,000",2007,"2,000 cc","86,599 km",19
Toyota Corolla aaaaaRaa2a aaaaa1afa 1996,Toyota,Corolla,Automatic,"CNG, Octane","Tk 495,000",1996,"1,331 cc","86,598 km",30
Toyota Starlet aaaaaRaa2a aaaaa1aaaa 1999,Toyota,Starlet,Automatic,"CNG, Octane","Tk 550,000",1999,"1,331 cc","86,585 km",27
Toyota aaaaaRaa2a aaaaa1aa 2004,Toyota,Other Model,Automatic,Octane,"Tk 795,000",2004,"1,331 cc","86,598 km",22
Toyota Allion aaaaaRaa2a aaaaa1aa 2004,Toyota,Allion,Automatic,"Octane, LPG","Tk 1,395,000",2004,"1,500 cc","75,865 km",22
Toyota Prado aRaa2aa. aaaaaYaR 2015,Toyota,Prado,Manual,Diesel,"Tk 6,850,000",2015,"3,000 cc","56,895 km",11
Honda CR-V ACaaaaaRaa2a aaaaa1afa 2005,Honda,CR-V,Automatic,"Octane, LPG","Tk 1,450,000",2005,"2,000 cc","65,852 km",21
Toyota Axio aaaaaRaa2a aaaaa1aaaa 2014,Toyota,Axio,Automatic,"Octane, LPG","Tk 1,760,000",2014,"1,500 cc","95,686 km",12
"Mitsubishi Pajero aaaaaa,aaaa2 aaaaa1afa 2007",Mitsubishi,Pajero,Automatic,Octane,"Tk 2,750,000",2007,"3,000 cc","125,481 km",19
Toyota Starlet aaaaaRaa2a aaaaa1afa 1991,Toyota,Starlet,Automatic,Octane,"Tk 490,000",1991,"1,331 cc","84,575 km",35
"Toyota Passo aaaaaRaa2a aaaaa,aaYa 2011",Toyota,Passo,Automatic,Octane,"Tk 1,395,000",2011,"1,500 cc","79,686 km",15
Toyota Starlet aaaaaRaa2a aaaaa1afa 1991,Toyota,Starlet,Automatic,"CNG, Octane","Tk 495,000",1991,"1,331 cc","86,591 km",35
Toyota Premio aaaaaYaR aRaa2aa. 2007,Toyota,Premio,Automatic,Octane,"Tk 1,795,000",2007,"1,500 cc","59,686 km",19
Toyota Corolla aaaaaYaR aRaa2aa. 2003,Toyota,Corolla,Automatic,Octane,"Tk 1,095,000",2003,"1,500 cc","88,658 km",23
Nissan Lafesta aaaaaYaR aRaa2aa. 2007,Nissan,Lafesta,Automatic,Octane,"Tk 1,150,000",2007,"2,000 cc","85,856 km",19
Toyota Allion aaaaaYaR aRaa2aa. 2004,Toyota,Allion,Automatic,"CNG, Octane","Tk 1,395,000",2004,"1,500 cc","65,856 km",22
Toyota Corolla aaY aRaa2aa. 1996,Toyota,Corolla,Automatic,"CNG, Octane","Tk 499,999",1996,"1,331 cc","86,585 km",30
Toyota aaaaaYaR aRaa2aa. FANCERGO 2004,Toyota,Other Model,Automatic,Octane,"Tk 795,000",2004,"1,331 cc","65,856 km",22
Toyota Prado aaaaaYaR aRaa2aa. 2015,Toyota,Prado,Manual,Diesel,"Tk 6,850,000",2015,"3,000 cc","59,685 km",11
Toyota Allion aaaaaYaR aRaa2aa. 2004,Toyota,Allion,Automatic,"Octane, LPG","Tk 1,395,000",2004,"1,500 cc","75,865 km",22
Toyota Vitz  aaY aRaa2aa. 2009,Toyota,Vitz,Automatic,Octane,"Tk 880,000",2009,"1,000 cc","86,591 km",17
Toyota Axio aaaaaYaR aRaa2aa. 2014,Toyota,Axio,Automatic,"Octane, LPG","Tk 1,750,000",2014,"1,500 cc","95,865 km",12
Honda CR-V aaY aRaa2aa. 2005,Honda,CR-V,Automatic,"Octane, LPG","Tk 1,450,000",2005,"2,000 cc","65,856 km",21
BMW X5  aaaaaYaR aRaa2aa. 2001,BMW,X5,Manual,Octane,"Tk 2,500,000",2001,"3,000 cc","86,581 km",25
Mitsubishi Pajero aaaaaYaR aRaa2aa. 2007,Mitsubishi,Pajero,Automatic,Octane,"Tk 2,750,000",2007,"3,000 cc","125,685 km",19
Toyota Passo aaaaaYaR aRaa2aa. 2010,Toyota,Passo,Automatic,Octane,"Tk 1,395,000",2010,"1,500 cc","79,865 km",16
Toyota Starlet aaaaaYaR aRaa2aa. asaa2aa 1991,Toyota,Starlet,Automatic,Octane,"Tk 480,000",1991,"1,331 cc","86,585 km",35
Toyota Starlet aRaa2aa. aaaaaYaR 1991,Toyota,Starlet,Automatic,"CNG, Octane","Tk 495,000",1991,"1,331 cc","95,866 km",35
Honda CR-V  aa2aaaaoaa.a.aYaa 2005,Honda,CR-V,Automatic,"Octane, LPG","Tk 1,450,000",2005,"2,000 cc","65,851 km",21
"Toyota Corolla a,aaaaoaa.a.aYaa 1996",Toyota,Corolla,Automatic,"CNG, Octane","Tk 550,000",1996,"1,331 cc","86,585 km",30
"BMW X5 , a,aaa aaa2a asaa2aa 2001",BMW,X5,Manual,Octane,"Tk 2,500,000",2001,"3,000 cc","86,592 km",25
"Toyota Passo a--a,aaYaa 2010",Toyota,Passo,Automatic,Octane,"Tk 1,395,000",2010,"1,500 cc","79,689 km",16
"Toyota Vitz a,aaa a.a.aYaa asaa2aa 2009",Toyota,Vitz,Automatic,Octane,"Tk 880,000",2009,"1,000 cc","86,585 km",17
Mitsubishi Pajero AA PACKAGE SUOGIN 2007,Mitsubishi,Pajero,Automatic,Octane,"Tk 2,750,000",2007,"3,000 cc","125,482 km",19
"Toyota Starlet a,aaaaoaa.a.aYaa 1991",Toyota,Starlet,Automatic,"CNG, Octane","Tk 495,000",1991,"1,331 cc","86,585 km",35
"Toyota Starlet a,aaa a.a.aYaa asaa2aa 1991",Toyota,Starlet,Automatic,Octane,"Tk 495,000",1991,"1,331 cc","86,598 km",35
Toyota  PUNCERGO 2004,Toyota,Other Model,Automatic,Octane,"Tk 795,000",2004,"1,331 cc","65,851 km",22
"Toyota Prado a,aaa aaa2a asaa2aa 2015",Toyota,Prado,Manual,Diesel,"Tk 6,850,000",2015,"3,000 cc","59,686 km",11
"Toyota Allion a,aaaaoaa.a.aYaa 2004",Toyota,Allion,Automatic,"CNG, Octane","Tk 1,395,000",2004,"1,500 cc","65,895 km",22
Toyota Allion aa2aaaaoaa.a.aYaa 2004,Toyota,Allion,Automatic,"Octane, LPG","Tk 1,395,000",2004,"1,500 cc","75,685 km",22
Toyota Axio aa2aaaaoaa.a.aYaa 2014,Toyota,Axio,Automatic,"Octane, LPG","Tk 1,760,000",2014,"1,500 cc","95,666 km",12
"Toyota Premio a,aaa aaa2a asaa2aa 2007",Toyota,Premio,Automatic,Octane,"Tk 1,795,000",2007,"1,500 cc","59,866 km",19
"Toyota Corolla a,aaa aaa2a asaa2aa 2003",Toyota,Corolla,Automatic,Octane,"Tk 1,095,000",2003,"1,500 cc","88,658 km",23
Nissan Lafesta SITTEE-7 2007,Nissan,Lafesta,Automatic,Octane,"Tk 1,150,000",2007,"2,000 cc","86,598 km",19
Nissan Lafesta DRIVE OCTANE 2007,Nissan,Lafesta,Automatic,Octane,"Tk 1,150,000",2007,"2,000 cc","125,458 km",19
Toyota Vitz AA DRIVE OCTANE 2009,Toyota,Vitz,Automatic,Octane,"Tk 880,000",2009,"1,000 cc","86,593 km",17
Toyota Starlet DRIVE OCTANE 1991,Toyota,Starlet,Automatic,Octane,"Tk 490,000",1991,"1,331 cc","86,585 km",35
Toyota Starlet CNGOCTANE 1991,Toyota,Starlet,Automatic,"CNG, Octane","Tk 495,000",1991,"1,331 cc","88,698 km",35
Honda CR-V a.a.aYaa  aa2aaaaoa 2005,Honda,CR-V,Automatic,Octane,"Tk 1,450,000",2005,"2,000 cc","75,856 km",21
Honda Vezel PACKAGE Z 2014,Honda,Vezel,Automatic,"Hybrid, Octane","Tk 1,750,000",2014,"1,500 cc","76,585 km",12
Toyota Corolla DRIVE OCTANE 2003,Toyota,Corolla,Automatic,Octane,"Tk 1,095,000",2003,"1,500 cc","88,568 km",23
Mitsubishi Pajero DRIVE OCTANE 2007,Mitsubishi,Pajero,Automatic,Octane,"Tk 2,750,000",2007,"3,000 cc","154,658 km",19
Toyota Corolla CNGOCTANE 1996,Toyota,Corolla,Automatic,"CNG, Octane","Tk 550,000",1996,"1,331 cc","86,598 km",30
Toyota Allion CNGOCTANE 2004,Toyota,Allion,Automatic,"CNG, Octane","Tk 1,395,000",2004,"1,500 cc","65,856 km",22
BMW X5 DRIVE OCTANE 2001,BMW,X5,Automatic,Octane,"Tk 2,500,000",2001,"3,000 cc","86,598 km",25
Toyota Passo SITTER-7 2010,Toyota,Passo,Automatic,Octane,"Tk 1,450,000",2010,"1,500 cc","79,685 km",16
Toyota Premio .DRIVE OCTANE 2007,Toyota,Premio,Automatic,Octane,"Tk 1,795,000",2007,"1,500 cc","59,681 km",19
Toyota Axio LPGOCTANE 2014,Toyota,Axio,Automatic,"Octane, LPG","Tk 1,780,000",2014,"1,500 cc","95,862 km",12
Toyota Allion LPGOCTANE 2004,Toyota,Allion,Automatic,"Octane, LPG","Tk 1,395,000",2004,"1,500 cc","75,685 km",22
Toyota Prado engine diesel 2015,Toyota,Prado,Manual,Diesel,"Tk 6,850,000",2015,"3,000 cc","58,682 km",11
"Toyota  aaaa,a.aaa-a 2004",Toyota,Other Model,Automatic,Octane,"Tk 790,000",2004,"1,331 cc","65,258 km",22
Toyota Starlet COLOR GREEN 1991,Toyota,Starlet,Automatic,Octane,"Tk 495,000",1991,"1,331 cc","86,580 km",35
Toyota Starlet  SILVER COLOR 1999,Toyota,Starlet,Automatic,"CNG, Octane","Tk 580,000",1999,"1,331 cc","86,591 km",27
BMW X5 COLOR GREEN 2001,BMW,X5,Manual,Octane,"Tk 2,500,000",2001,"3,000 cc","86,598 km",25
Mitsubishi Pajero a3a3 COLOR BLACK 2007,Mitsubishi,Pajero,Automatic,Octane,"Tk 2,750,000",2007,"3,000 cc","125,488 km",19
Toyota Premio  COLOR PEARL 2007,Toyota,Premio,Automatic,Octane,"Tk 1,795,000",2007,"1,500 cc","59,681 km",19
Toyota Vitz COLOR BLUE 2009,Toyota,Vitz,Automatic,Octane,"Tk 870,000",2009,"1,000 cc","86,598 km",17
Toyota Starlet COLOR TWIN 1991,Toyota,Starlet,Automatic,"CNG, Octane","Tk 495,000",1991,"1,331 cc","86,598 km",35
Toyota Passo COLOR WINE 2010,Toyota,Passo,Automatic,Octane,"Tk 1,395,000",2010,"1,500 cc","79,685 km",16
Toyota Corolla Cross COLOR SILVER 2003,Toyota,Corolla Cross,Automatic,Octane,"Tk 1,095,000",2003,"1,500 cc","88,658 km",23
Nissan Lafesta COLOR PEARL 2007,Nissan,Lafesta,Automatic,Octane,"Tk 1,150,000",2007,"2,000 cc","65,856 km",19
Toyota Corolla  COLOR WHITE 1996,Toyota,Corolla,Automatic,"CNG, Octane","Tk 550,000",1996,"1,331 cc","86,593 km",30
Toyota  FANCERGO 2004,Toyota,Other Model,Automatic,Octane,"Tk 780,000",2004,"1,331 cc","65,856 km",22
Toyota Allion COLOR WHITE 2004,Toyota,Allion,Automatic,"CNG, Octane","Tk 1,395,000",2004,"1,500 cc","65,865 km",22
Toyota Noah . 2019,Toyota,Noah,Automatic,Octane,"Tk 3,500,000",2019,"2,000 cc","69,500 km",7
Toyota Allion COLOR PEARL 2004,Toyota,Allion,Automatic,"Octane, LPG","Tk 1,395,000",2004,"1,500 cc","75,685 km",22
Toyota Prado COLOR PEARL 2015,Toyota,Prado,Manual,Diesel,"Tk 6,850,000",2015,"3,000 cc","59,686 km",11
Honda CR-V family used 2005,Honda,CR-V,Automatic,"Octane, LPG","Tk 1,460,000",2005,"2,000 cc","65,851 km",21
Toyota Axio COLOR PEARL 2014,Toyota,Axio,Automatic,"Octane, LPG","Tk 1,750,000",2014,"1,500 cc","95,686 km",12
Nissan  NOHA 2013,Nissan,Other Model,Automatic,"Octane, LPG","Tk 1,150,000",2013,"1,500 cc","86,585 km",13
BMW X5  a.a.aYaa asaa2aa 2001,BMW,X5,Manual,Octane,"Tk 2,500,000",2001,"3,000 cc","86,598 km",25
Toyota Starlet CNGOCTANE 1991,Toyota,Starlet,Automatic,"CNG, Octane","Tk 495,000",1991,"1,331 cc","86,598 km",35
Toyota Premio aaaa.aao aoa 2007,Toyota,Premio,Automatic,Octane,"Tk 1,795,000",2007,"1,500 cc","58,659 km",19
Toyota Passo  SITTER 2010,Toyota,Passo,Automatic,Octane,"Tk 1,450,000",2010,"1,500 cc","79,682 km",16
Toyota Axio G 2014,Toyota,Axio,Automatic,"Octane, LPG","Tk 1,750,000",2014,"1,500 cc","95,865 km",12
Toyota Vitz aaaa.aao aoa 2009,Toyota,Vitz,Automatic,Octane,"Tk 880,000",2009,"1,000 cc","86,598 km",17
Toyota Axio PACKAGE G 2017,Toyota,Axio,Automatic,Octane,"Tk 2,550,000",2017,"1,500 cc","43,568 km",9
"Toyota Corolla aaaa.aao aa.aa, 2003",Toyota,Corolla,Automatic,Octane,"Tk 1,130,000",2003,"1,500 cc","88,658 km",23
"Toyota Corolla aaaa.aao aa.aa, 2003",Toyota,Corolla,Automatic,"CNG, Octane","Tk 1,080,000",2003,"1,500 cc","65,856 km",23
Nissan Lafesta PACKAGE G 2007,Nissan,Lafesta,Automatic,Octane,"Tk 1,150,000",2007,"2,000 cc","86,585 km",19
Toyota Corolla  CONDITIONS GOOD 1997,Toyota,Corolla,Automatic,"CNG, Octane","Tk 550,000",1997,"1,331 cc","86,597 km",29
Toyota Allion aaaa.aao aoa 2004,Toyota,Allion,Automatic,"Octane, LPG","Tk 1,399,999",2004,"1,500 cc","65,856 km",22
Toyota Prado - SUNROOF 2015,Toyota,Prado,Manual,Diesel,"Tk 6,850,000",2015,"3,000 cc","53,256 km",11
Toyota Allion  PACKAGE G 2004,Toyota,Allion,Automatic,"CNG, Octane","Tk 1,395,000",2004,"1,500 cc","65,852 km",22
Mitsubishi Pajero asaaaaaa 2007,Mitsubishi,Pajero,Automatic,Octane,"Tk 2,750,000",2007,"3,000 cc","125,465 km",19
Toyota  PANCERGO 2004,Toyota,Other Model,Automatic,Octane,"Tk 1,980,000",2004,"1,331 cc","65,856 km",22
Toyota Probox GL PKG SUPER FRESH 2012,Toyota,Probox,Automatic,"Petrol, CNG, Octane","Tk 1,085,000",2012,"1,500 cc","80,000 km",14
Honda Insight EX LEATHER PACKAGE 2020,Honda,Insight,Automatic,"Hybrid, Octane","Tk 4,100,000",2020,"1,500 cc","28,224 km",6
Toyota Fielder X LTD Octane 2012,Toyota,Fielder,Automatic,Octane,"Tk 1,730,000",2012,"1,500 cc","72,353 km",14
Toyota Starlet PACKAGE G 1991,Toyota,Starlet,Automatic,Octane,"Tk 495,000",1991,"1,331 cc","86,598 km",35
Honda CR-V VERY GOOD 2005,Honda,CR-V,Automatic,"Octane, LPG","Tk 1,450,000",2005,"2,000 cc","65,853 km",21
Toyota Vitz  PACKAGE G 2009,Toyota,Vitz,Automatic,Octane,"Tk 880,000",2009,"1,000 cc","86,581 km",17
Toyota Vitz a-aa a.aaaaaa 2009,Toyota,Vitz,Automatic,Octane,"Tk 880,000",2009,"1,000 cc","86,598 km",17
Toyota Passo . 2010,Toyota,Passo,Automatic,Octane,"Tk 1,450,000",2010,"1,500 cc","79,689 km",16
Toyota Starlet a-aa a.aaaaaa 1991,Toyota,Starlet,Automatic,"CNG, Octane","Tk 495,000",1991,"1,331 cc","85,985 km",35
Honda CR-V . 2005,Honda,CR-V,Automatic,"Octane, LPG","Tk 1,450,000",2005,"2,000 cc","65,856 km",21
BMW X5 a-aa a.aaaaaa 2001,BMW,X5,Automatic,Octane,"Tk 2,500,000",2001,"3,000 cc","86,598 km",25
Toyota Axio a-aa a.aaaaaa 2014,Toyota,Axio,Automatic,"Octane, LPG","Tk 1,750,000",2014,"1,500 cc","95,856 km",12
Toyota Fielder a-aa a.aaaaaa 2017,Toyota,Fielder,Automatic,Octane,"Tk 2,580,000",2017,"1,500 cc","53,658 km",9
Mitsubishi Pajero a-aa a.aaaaaa 2007,Mitsubishi,Pajero,Automatic,Octane,"Tk 2,750,000",2007,"3,000 cc","125,485 km",19
Toyota Prado a-aa a.aaaaaa 2015,Toyota,Prado,Manual,Diesel,"Tk 6,850,000",2015,"3,000 cc","56,895 km",11
Toyota Starlet a-aa a.aaaaaa 1991,Toyota,Starlet,Automatic,Octane,"Tk 495,000",1991,"1,331 cc","86,598 km",35
Toyota a-aa a.aaaaaa 2004,Toyota,Other Model,Automatic,Octane,"Tk 795,000",2004,"1,331 cc","65,856 km",22
Toyota Corolla a-aa a.aaaaaa 1996,Toyota,Corolla,Automatic,"CNG, Octane","Tk 550,000",1996,"1,331 cc","86,585 km",30
Toyota Allion a-aa a.aaaaaa 2004,Toyota,Allion,Automatic,"CNG, Octane","Tk 1,395,000",2004,"1,500 cc","65,861 km",22
Toyota Allion a-aa a.aaaaaa 2004,Toyota,Allion,Automatic,"Octane, LPG","Tk 1,395,000",2004,"1,500 cc","75,685 km",22
Toyota Corolla a-aa a.aaaaaa 2003,Toyota,Corolla,Automatic,"CNG, Octane","Tk 1,080,000",2003,"1,500 cc","65,856 km",23
Toyota Corolla a-aa a.aaaaaa 2003,Toyota,Corolla,Automatic,Octane,"Tk 1,130,000",2003,"1,500 cc","88,658 km",23
Toyota Starlet a-aa a.aaaaaa 1999,Toyota,Starlet,Automatic,"CNG, Octane","Tk 580,000",1999,"1,331 cc","95,865 km",27
Toyota Premio a-aa a.aaaaaa 2007,Toyota,Premio,Automatic,Octane,"Tk 1,850,000",2007,"1,500 cc","56,595 km",19
Mitsubishi Pajero V73 2007,Mitsubishi,Pajero,Automatic,Octane,"Tk 2,750,000",2007,"3,000 cc","125,585 km",19
Toyota Verossa G PACKAGE 2003,Toyota,Verossa,Automatic,Octane,"Tk 1,580,000",2003,"2,000 cc","86,598 km",23
Toyota VERY GOOD CONDITIONS 2004,Toyota,Other Model,Manual,"CNG, Octane","Tk 990,000",2004,"2,000 cc","124,855 km",22
Toyota Prius S SAFETY PACKAGE 2022,Toyota,Prius,Automatic,"Hybrid, Octane","Tk 3,460,000",2022,"1,500 cc","44,834 km",4
Toyota Corolla Cross Z LEATHER TOP TRIM 2023,Toyota,Corolla Cross,Automatic,"Hybrid, Octane","Tk 5,250,000",2023,"1,800 cc","13,234 km",3
Nissan X-Trail 4X4 Premium 2014,Nissan,X-Trail,Automatic,Octane,"Tk 2,790,000",2014,"2,000 cc","52,843 km",12
Toyota Premio . 2016,Toyota,Premio,Automatic,Octane,"Tk 2,700,000",2016,"1,500 cc","90,000 km",10
Toyota Noah hybrid 2022,Toyota,Noah,Automatic,"Petrol, Hybrid, Octane","Tk 3,850,000",2022,"1,800 cc","35,687 km",4
Toyota Corolla Cross Z LETHER SUNROOF 360 2025,Toyota,Corolla Cross,Automatic,"Hybrid, Octane","Tk 5,770,000",2025,"1,800 cc","1,000 km",1
Toyota Noah hybrid 2020,Toyota,Noah,Automatic,"Petrol, Hybrid, Octane","Tk 2,900,000",2020,"1,800 cc","56,321 km",6
Toyota Voxy hybrid 2020,Toyota,Voxy,Automatic,"Petrol, Hybrid, Octane","Tk 2,800,000",2020,"1,800 cc","52,476 km",6
Toyota Harrier PREMIUM NOIR SUNROOF 2020,Toyota,Harrier,Automatic,Octane,"Tk 6,950,000",2020,"2,000 cc","27,884 km",6
Toyota Allion G PACKAGE WITH LED 2020,Toyota,Allion,Automatic,Octane,"Tk 4,120,000",2020,"1,500 cc","33,799 km",6
Toyota Yaris Cross hybrid 2021,Toyota,Yaris Cross,Automatic,"Petrol, Hybrid, Octane","Tk 2,800,000",2021,"1,500 cc","56,284 km",5
Toyota C-HR HYBRID G NERO MODE 2020,Toyota,C-HR,Automatic,"Petrol, Hybrid, Octane","Tk 3,500,000",2020,"1,800 cc","65,000 km",6
Toyota Voxy hybrid 2022,Toyota,Voxy,Automatic,"Petrol, Hybrid, Octane","Tk 4,650,000",2022,"1,800 cc","32,614 km",4
Toyota Axio EX 2021,Toyota,Axio,Automatic,Hybrid,"Tk 2,820,000",2021,"1,500 cc","41,000 km",5
Toyota Harrier Z Leather 2020,Toyota,Harrier,Automatic,"CNG, Octane","Tk 8,200,000",2020,"2,000 cc","44,000 km",6
Toyota Corolla Cross Z LETHER SUNROOF 360 2022,Toyota,Corolla Cross,Automatic,"Hybrid, Octane","Tk 4,780,000",2022,"1,800 cc","40,000 km",4
Toyota Corolla Cross Z LEATHER 360 2021,Toyota,Corolla Cross,Automatic,"Hybrid, Octane","Tk 4,430,000",2021,"1,800 cc","18,000 km",5
Toyota Axio G 2011,Toyota,Axio,Automatic,"CNG, Octane","Tk 1,470,000",2011,"1,500 cc","86,000 km",15
Toyota Noah HYBRID X 4 GRADE 2020,Toyota,Noah,Automatic,"Petrol, Hybrid, Octane","Tk 3,270,000",2020,"1,800 cc","86,000 km",6
Toyota Fielder EX OCTANE PUSH START 2020,Toyota,Fielder,Automatic,Octane,"Tk 2,830,000",2020,"1,500 cc","19,194 km",6
Range Rover Evoque Sun roof 2015,Range Rover,Evoque,Automatic,Octane,"Tk 5,500,000",2015,"2,000 cc","26,000 km",11
"Suzuki Hustler X,HYBRID, 4.5 POINT 2020",Suzuki,Hustler,Automatic,Hybrid,"Tk 2,130,000",2020,660 cc,"95,000 km",6
Toyota Raum G pkg 2006,Toyota,Raum,Automatic,"Octane, LPG","Tk 1,150,000",2006,"1,500 cc","65,000 km",20
Toyota Premio FEX pkg 2017,Toyota,Premio,Automatic,Octane,"Tk 3,350,000",2017,"1,500 cc","65,000 km",9
Toyota Prius A PACKAGE 2020,Toyota,Prius,Automatic,"Hybrid, Octane","Tk 3,150,000",2020,"1,800 cc","46,234 km",6
Toyota Esquire GI PREMIUM HYBRID 2020,Toyota,Esquire,Automatic,Octane,"Tk 4,299,999",2020,"2,000 cc","39,853 km",6
Toyota Avanza G 2011,Toyota,Avanza,Automatic,Octane,"Tk 1,335,000",2011,"1,300 cc","72,000 km",15
Toyota Corolla 110 1999,Toyota,Corolla,Automatic,"CNG, Octane","Tk 750,000",1999,"1,500 cc","85,000 km",27
Toyota Esquire hybrid 2020,Toyota,Esquire,Automatic,"Petrol, Hybrid, Octane","Tk 3,500,000",2020,"1,800 cc","53,247 km",6
Toyota Esquire HYBRID GI WINE RED 2020,Toyota,Esquire,Automatic,"Petrol, Hybrid, Octane","Tk 3,570,000",2020,"1,800 cc","43,000 km",6
Toyota Probox Full Fresh 2004,Toyota,Probox,Automatic,"CNG, Octane","Tk 725,000",2004,"1,300 cc","83,959 km",22
Toyota Corolla 111 ALL AUTO 1997,Toyota,Corolla,Automatic,Octane,"Tk 650,000",1997,"1,300 cc","83,617 km",29
Toyota Yaris Cross hybrid 2021,Toyota,Yaris Cross,Automatic,"Petrol, Hybrid, Octane","Tk 2,800,000",2021,"1,500 cc","52,847 km",5
Toyota Corolla hybrid 2020,Toyota,Corolla,Automatic,"Petrol, Hybrid, Octane","Tk 2,350,000",2020,"1,800 cc","58,746 km",6
Toyota Noah Non Hybrid 2021,Toyota,Noah,Automatic,"Petrol, Octane","Tk 3,400,000",2021,"2,000 cc","52,647 km",5
Toyota Fielder X G addition 2009,Toyota,Fielder,Automatic,"CNG, Octane","Tk 1,450,000",2009,"1,500 cc","86,000 km",17
Toyota Axio Hybrid EX 4 AP 2020,Toyota,Axio,Automatic,"Petrol, Octane","Tk 2,680,000",2020,"1,500 cc","81,000 km",6
Toyota Fielder EX 2020,Toyota,Fielder,Automatic,Hybrid,"Tk 2,150,000",2020,"1,500 cc","88,000 km",6
Toyota Noah hybrid 2021,Toyota,Noah,Automatic,"Petrol, Hybrid, Octane","Tk 2,950,000",2021,"1,800 cc","52,461 km",5
"Toyota Corolla Cross Z LEATHER,GRADE 4.5 2021",Toyota,Corolla Cross,Automatic,Hybrid,"Tk 4,670,000",2021,"1,800 cc","48,049 km",5
Nissan X-Trail E.B.P 2020,Nissan,X-Trail,Automatic,"Petrol, Hybrid, Octane","Tk 3,850,000",2020,"2,000 cc","45,212 km",6
Toyota Premio F KEY START 2020,Toyota,Premio,Automatic,Octane,"Tk 3,720,000",2020,"1,500 cc","38,238 km",6
Honda Vezel S Non Hybrid 2014,Honda,Vezel,Automatic,Octane,"Tk 2,080,000",2014,"1,500 cc","83,873 km",12
Toyota Axio NON HYBRID 4 GRADE 2020,Toyota,Axio,Automatic,"Petrol, Octane","Tk 2,670,000",2020,"1,500 cc","85,000 km",6
Toyota C-HR S-GR SPORTS 2020,Toyota,C-HR,Automatic,Hybrid,"Tk 3,630,000",2020,"1,800 cc","52,000 km",6
Toyota Hiace DX 2020,Toyota,Hiace,Automatic,"Petrol, Octane","Tk 3,050,000",2020,"2,000 cc","76,238 km",6
Toyota Axio EX HYBRID PEARL 2021,Toyota,Axio,Automatic,"Hybrid, Octane","Tk 2,250,000",2021,"1,500 cc","55,271 km",5
Toyota Hiace SUPER GL DARK PRIME 2021,Toyota,Hiace,Automatic,Octane,"Tk 4,400,000",2021,"2,000 cc","116,197 km",5
Toyota Yaris Cross z ready stock 2020,Toyota,Yaris Cross,Automatic,"Petrol, Hybrid, Octane","Tk 3,500,000",2020,"1,500 cc","56,894 km",6
Toyota Axio HYBRID EX PUSH 4-AP 2020,Toyota,Axio,Automatic,"Petrol, Hybrid, Octane","Tk 2,280,000",2020,"1,500 cc","75,000 km",6
Toyota Axio X Non Hybrid 2017,Toyota,Axio,Automatic,Octane,"Tk 2,180,000",2017,"1,500 cc","58,586 km",9
Toyota Corolla Cross hybrid 2021,Toyota,Corolla Cross,Automatic,"Petrol, Hybrid, Octane","Tk 3,850,000",2021,"1,800 cc","53,247 km",5
Toyota Corolla Cross HY Z LEATHER 360 CM 2021,Toyota,Corolla Cross,Automatic,"Petrol, Hybrid, Octane","Tk 4,450,000",2021,"1,800 cc","60,000 km",5
Toyota Axio Hybrid EX Push 2020,Toyota,Axio,Automatic,"Petrol, Hybrid, Octane","Tk 2,450,000",2020,"1,500 cc","77,000 km",6
Toyota Axio Hybrid EX 4 Grade 2020,Toyota,Axio,Automatic,"Petrol, Hybrid, Octane","Tk 2,280,000",2020,"1,500 cc","85,000 km",6
Toyota Fielder HYBRID EX 4-AP 2020,Toyota,Fielder,Automatic,"Petrol, Hybrid, Octane","Tk 2,300,000",2020,"1,500 cc","85,000 km",6
Toyota Corolla AE111 1996,Toyota,Corolla,Automatic,"Octane, LPG","Tk 470,000",1996,"1,331 cc","45,000 km",30
Toyota Corolla X 2005,Toyota,Corolla,Automatic,"Octane, LPG","Tk 820,000",2005,"1,500 cc","78,500 km",21
Honda Vezel 2014,Honda,Vezel,Automatic,Octane,"Tk 2,050,000",2015,"1,490 cc","99,000 km",11
Toyota Noah X WXB 2020,Toyota,Noah,Automatic,Octane,"Tk 3,890,000",2020,"2,000 cc","45,000 km",6
Toyota Corolla Touring G-X White 2020,Toyota,Corolla,Automatic,Hybrid,"Tk 2,550,000",2020,"1,800 cc","65,000 km",6
Toyota Premio Manual 1996,Toyota,Premio,Automatic,Octane,"Tk 550,000",1996,"1,500 cc","77,000 km",30
Toyota Premio G Superior 2010,Toyota,Premio,Automatic,"Octane, LPG","Tk 2,050,000",2010,"1,500 cc","119,900 km",16
Toyota Axio Non Hybrid 2020,Toyota,Axio,Automatic,"Petrol, Octane","Tk 2,450,000",2020,"1,500 cc","57,486 km",6
Toyota Fielder EX 4 GRADE 2020,Toyota,Fielder,Automatic,"Petrol, Hybrid, Octane","Tk 2,450,000",2020,"1,500 cc","75,000 km",6
Lexus RX300 F SPORT 2023,Lexus,RX300,Automatic,"Petrol, Hybrid, Octane","Tk 20,500,000",2023,"2,400 cc","1,300 km",3
Honda Insight EX-PRIME STYLE 2021,Honda,Insight,Automatic,"Petrol, Hybrid, Octane","Tk 4,300,000",2021,"1,500 cc","55,000 km",5
Toyota Corolla Cross hybrid 2021,Toyota,Corolla Cross,Automatic,"Petrol, Hybrid, Octane","Tk 3,950,000",2021,"1,800 cc","47,568 km",5
Toyota Prado tx 2003,Toyota,Prado,Automatic,Octane,"Tk 2,500,000",2003,"2,700 cc","75,000 km",23
Toyota Corolla Touring WXB 4.5 2020,Toyota,Corolla,Automatic,"Petrol, Hybrid, Octane","Tk 3,100,000",2020,"1,800 cc","70,000 km",6
Toyota Corolla X 2004,Toyota,Corolla,Automatic,"Octane, LPG","Tk 1,150,000",2004,"1,500 cc","120,000 km",22
Toyota Corolla Cross Z LEATHER BLACK 2021,Toyota,Corolla Cross,Automatic,Hybrid,"Tk 4,280,000",2021,"1,800 cc","67,000 km",5
Toyota Noah X Si greet 2013,Toyota,Noah,Automatic,"CNG, Octane","Tk 2,195,000",2013,"2,000 cc","98,000 km",13
MG MG5 2023,MG,Other Model,Automatic,Octane,"Tk 2,650,000",2023,"1,500 cc","23,500 km",3
Mitsubishi Lancer EX 2015,Mitsubishi,Lancer,Automatic,Octane,"Tk 1,880,000",2015,"1,500 cc","76,500 km",11
Toyota Axio Hybrid 2020,Toyota,Axio,Automatic,"Petrol, Hybrid, Octane","Tk 2,150,000",2020,"1,500 cc","57,126 km",6
Mazda Axela active 2016,Mazda,Axela,Automatic,Octane,"Tk 1,950,000",2016,"1,500 cc","61,500 km",10
Toyota Axio car 2007,Toyota,Axio,Automatic,"CNG, Octane","Tk 1,170,000",2007,"1,500 cc","98,000 km",19
Toyota Axio Hybrid EX Push 2020,Toyota,Axio,Automatic,"Petrol, Hybrid, Octane","Tk 2,420,000",2020,"1,500 cc","80,000 km",6
Toyota Hiace GL HEATER BOX 2020,Toyota,Hiace,Automatic,"Petrol, Octane","Tk 3,600,000",2020,"2,000 cc","65,000 km",6
"Toyota Noah X, NON-HYBRID 2019",Toyota,Noah,Automatic,Octane,"Tk 3,475,000",2019,"2,000 cc","55,000 km",7
Toyota Crown RS Advance 2022,Toyota,Crown,Automatic,"Petrol, Hybrid, Octane","Tk 12,500,000",2022,"2,400 cc","18,000 km",4
Toyota Noah SI W-XB -2 CELING TV 2020,Toyota,Noah,Automatic,Octane,"Tk 4,275,000",2020,"1,800 cc","76,000 km",6
Toyota Land Cruiser TX limited Prado 2015,Toyota,Land Cruiser,Automatic,Octane,"Tk 8,580,000",2015,"2,700 cc","58,000 km",11
Toyota Land Cruiser zx V8. invader 2014,Toyota,Land Cruiser,Automatic,Octane,"Tk 1,850,000",2014,"4,600 cc","28,500 km",12
Toyota Noah X Sunroof 2005,Toyota,Noah,Automatic,"CNG, Octane","Tk 1,250,000",2005,"2,000 cc","98,000 km",21
Toyota Hiace HIGH ROOF AMBULANCE 2020,Toyota,Hiace,Automatic,"Petrol, Octane","Tk 3,150,000",2020,"2,000 cc","60,000 km",6
Toyota Allion G Octane Drive Only 2014,Toyota,Allion,Automatic,Octane,"Tk 2,395,000",2014,"1,500 cc","69,000 km",12
Toyota Voxy S-Z Brand New 2025,Toyota,Voxy,Automatic,"Hybrid, Octane","Tk 6,580,000",2025,"1,800 cc",8 km,1
Toyota Axio X Non HV Dhaka Ready 2020,Toyota,Axio,Automatic,Octane,"Tk 2,750,000",2020,"1,500 cc","47,528 km",6
Toyota Noah S-Z PKG BLACK 2022,Toyota,Noah,Automatic,Hybrid,"Tk 4,510,000",2022,"1,800 cc",127 km,4
Toyota Passo Sette 2009,Toyota,Passo,Automatic,"CNG, Octane","Tk 1,350,000",2009,"1,500 cc","150,000 km",17
Toyota Noah gray 2011,Toyota,Noah,Automatic,"CNG, Octane","Tk 1,950,000",2011,"2,000 cc","65,000 km",15
Toyota Axio car Hybrid 2015,Toyota,Axio,Automatic,"Hybrid, Octane","Tk 1,570,000",2015,"1,500 cc","67,000 km",11
Toyota RAV4 ADVENTURE 2022,Toyota,RAV4,Automatic,"Petrol, Hybrid, Octane","Tk 8,500,000",2022,"2,500 cc","20,000 km",4
Honda Insight LX DHAKA READY 2021,Honda,Insight,Automatic,"Petrol, Hybrid, Octane","Tk 3,750,000",2021,"1,500 cc","35,000 km",5
Toyota Corolla X 2004,Toyota,Corolla,Automatic,"CNG, Octane","Tk 1,080,000",2004,"1,500 cc","95,000 km",22
Toyota Corolla Cross hybrid 2021,Toyota,Corolla Cross,Automatic,"Petrol, Hybrid, Octane","Tk 3,950,000",2021,"1,800 cc","48,672 km",5
Toyota Premio car 2004,Toyota,Premio,Automatic,"CNG, Octane","Tk 1,295,000",2004,"1,500 cc","88,000 km",22
Nissan Sunny golden 2004,Nissan,Sunny,Automatic,"CNG, Octane","Tk 650,000",2004,"1,500 cc","89,000 km",22
Toyota Noah kr42 2 door pawer 2006,Toyota,Noah,Automatic,"CNG, Octane","Tk 890,000",2006,"1,800 cc","98,000 km",20
Toyota Noah Non Hybrid X 2020,Toyota,Noah,Automatic,"Petrol, Octane","Tk 3,650,000",2020,"2,000 cc","65,000 km",6
Nissan X-Trail 20-Xi Non Hybrid 2020,Nissan,X-Trail,Automatic,"Petrol, Octane","Tk 5,530,000",2020,"2,000 cc","77,000 km",6
Toyota Allion silver 2003,Toyota,Allion,Automatic,"CNG, Octane","Tk 1,190,000",2003,"1,500 cc","95,000 km",23
Toyota Corolla Cross Z-LEATHER 4.5 a-aaaa 2022,Toyota,Corolla Cross,Automatic,"Petrol, Hybrid, Octane","Tk 4,600,000",2022,"1,800 cc","10,000 km",4
Toyota Corolla Cross hybrid 2021,Toyota,Corolla Cross,Automatic,"Petrol, Hybrid, Octane","Tk 3,850,000",2021,"1,800 cc","47,813 km",5
Toyota Noah HYBRID X 4 GRADE 2020,Toyota,Noah,Automatic,"Petrol, Hybrid, Octane","Tk 3,230,000",2020,"1,800 cc","70,000 km",6
Toyota Noah Non Hybrid X 4.5 AP 2020,Toyota,Noah,Automatic,"Petrol, Octane","Tk 3,850,000",2020,"2,000 cc","72,000 km",6
Toyota Crown G-Ready 2020,Toyota,Crown,Automatic,"Petrol, Hybrid, Octane","Tk 7,400,000",2020,"2,500 cc","82,000 km",6
Toyota Noah Si Wxb-lll Body Kit 2020,Toyota,Noah,Automatic,Hybrid,"Tk 3,740,000",2020,"1,800 cc","71,000 km",6
Toyota Aqua hybrid 2014,Toyota,Aqua,Automatic,Octane,"Tk 1,370,000",2014,"1,500 cc","42,000 km",12
Toyota Prado octen drive 2007,Toyota,Prado,Automatic,Octane,"Tk 3,150,000",2007,"2,700 cc","59,000 km",19
Toyota Sienta push start 2015,Toyota,Sienta,Automatic,Octane,"Tk 1,950,000",2015,"1,500 cc","38,000 km",11
Toyota Harrier Non Hybrid Sunroof 4 2020,Toyota,Harrier,Automatic,"Petrol, Octane","Tk 7,100,000",2020,"2,000 cc","65,000 km",6
Toyota Probox GL 2004,Toyota,Probox,Automatic,"CNG, Octane","Tk 880,000",2004,"1,500 cc","54,946 km",22
Toyota Corolla X Full Fresh 2004,Toyota,Corolla,Automatic,"CNG, Octane","Tk 1,250,000",2004,"1,500 cc","86,482 km",22
Toyota Corolla x 2005,Toyota,Corolla,Automatic,"CNG, Octane","Tk 1,099,999",2005,"1,500 cc","95,000 km",21
Mitsubishi X-Pander gray 2020,Mitsubishi,X-Pander,Automatic,Octane,"Tk 2,990,000",2020,"1,500 cc","32,000 km",6
Toyota Hiace Super Gl 2004,Toyota,Hiace,Automatic,"CNG, Octane","Tk 980,000",2004,"2,000 cc","87,000 km",22
Toyota Corolla 2002,Toyota,Corolla,Automatic,"Octane, LPG","Tk 930,000",2006,"1,500 cc","67,000 km",20
Toyota C-HR G Led with 360Camera 2020,Toyota,C-HR,Automatic,Hybrid,"Tk 3,470,000",2020,"1,800 cc","61,000 km",6
Toyota Hiace Super Gl Key Start 2021,Toyota,Hiace,Automatic,"Petrol, Octane","Tk 3,790,000",2021,"2,000 cc","117,000 km",5
Toyota Corolla 111 1997,Toyota,Corolla,Automatic,"CNG, Octane","Tk 630,000",1997,"1,500 cc","87,000 km",29
Toyota Prius S Silver 4.5 Point 2020,Toyota,Prius,Automatic,Hybrid,"Tk 2,950,000",2020,"1,800 cc","47,000 km",6
Toyota C-HR Hybrid-GR-Sports 4AP 2020,Toyota,C-HR,Automatic,"Petrol, Hybrid, Octane","Tk 3,700,000",2020,"1,800 cc","60,000 km",6
Toyota Noah ESQUIRE gi premium 2018,Toyota,Noah,Automatic,"Octane, LPG","Tk 3,590,008",2018,"2,000 cc","32,000 km",8
Toyota Premio Fex Black Color 2021,Toyota,Premio,Automatic,Octane,"Tk 4,770,000",2021,"1,500 cc","44,000 km",5
Toyota Corolla x 2005,Toyota,Corolla,Automatic,"CNG, Octane","Tk 1,200,000",2005,"1,500 cc","86,000 km",21
Honda Insight hybrid 2019,Honda,Insight,Automatic,"Hybrid, Octane","Tk 3,030,000",2019,"1,500 cc","62,000 km",7
Toyota Corolla Hybrid 2020,Toyota,Corolla,Automatic,"Petrol, Hybrid, Octane","Tk 2,450,000",2020,"1,800 cc","54,823 km",6
Toyota Axio white 2006,Toyota,Axio,Automatic,"CNG, Octane","Tk 1,120,000",2006,"1,500 cc","98,000 km",20
Toyota Premio F-Ex Beige Interior 2021,Toyota,Premio,Automatic,"Petrol, Octane","Tk 4,720,000",2021,"1,500 cc","9,400 km",5
Toyota Corolla X 2004,Toyota,Corolla,Automatic,"CNG, Octane","Tk 1,150,000",2004,"1,500 cc","98,000 km",22
Proton Saga VVTI 2019,Proton,Saga,Automatic,Octane,"Tk 790,000",2019,"1,300 cc","35,000 km",7
Toyota Prius S Touring 4 Grade 2021,Toyota,Prius,Automatic,"Petrol, Hybrid, Octane","Tk 3,700,000",2021,"1,800 cc","49,000 km",5
Toyota Noah X si greet 2014,Toyota,Noah,Automatic,"CNG, Octane","Tk 2,600,000",2014,"2,000 cc","68,000 km",12
Honda Insight Hybrid EX PKG 2020,Honda,Insight,Automatic,"Petrol, Hybrid, Octane","Tk 3,750,000",2020,"1,500 cc","68,000 km",6
Toyota Prius S Push 4 Grade 2021,Toyota,Prius,Automatic,"Petrol, Hybrid, Octane","Tk 3,400,000",2021,"1,800 cc","58,000 km",5
Toyota Axio Non-Hybrid Push Oil 2020,Toyota,Axio,Automatic,"Petrol, Octane","Tk 2,750,000",2020,"1,500 cc","73,000 km",6
Toyota Hiace GRAND CABIN TRH224 2021,Toyota,Hiace,Automatic,Octane,"Tk 5,700,000",2021,"2,700 cc","88,888 km",5
Honda Grace hybrid 2018,Honda,Grace,Automatic,"Hybrid, Octane","Tk 1,920,000",2018,"1,500 cc","48,000 km",8
Toyota RAV4 hybrid 2020,Toyota,RAV4,Automatic,"Petrol, Hybrid, Octane","Tk 5,150,000",2020,"2,500 cc","52,847 km",6
Toyota Allion A15 2006,Toyota,Allion,Automatic,"CNG, Octane","Tk 1,580,000",2006,"1,500 cc","79,000 km",20
Nissan X-Trail sun roof 2010,Nissan,X-Trail,Automatic,Octane,"Tk 1,880,000",2010,"2,000 cc","70,000 km",16
Toyota Axio key start 2015,Toyota,Axio,Automatic,"CNG, Octane","Tk 1,750,000",2015,"1,500 cc","56,000 km",11
Toyota Axio Non Hybrid EX Push 2020,Toyota,Axio,Automatic,"Petrol, Octane","Tk 2,650,000",2020,"1,500 cc","85,000 km",6
Toyota Harrier NON-HY-SUNROOF. 2020,Toyota,Harrier,Automatic,"Petrol, Octane","Tk 6,650,000",2020,"2,000 cc","55,000 km",6
Toyota RAV4 Non Hybrid G-Z 4.5 2020,Toyota,RAV4,Automatic,"Petrol, Octane","Tk 7,200,000",2020,"2,000 cc","50,000 km",6
"Toyota Noah X, NON-HYBRID 2021",Toyota,Noah,Automatic,Octane,"Tk 3,650,000",2021,"2,000 cc","117,000 km",5
Toyota Axio G 2008,Toyota,Axio,Automatic,"CNG, Octane","Tk 1,270,000",2008,"1,500 cc","75,000 km",18
Toyota Prius Hybrid 2017,Toyota,Prius,Automatic,"Hybrid, Octane","Tk 2,250,000",2017,"1,800 cc","68,000 km",9
Toyota Axio Octane 4 point Push 2020,Toyota,Axio,Automatic,Octane,"Tk 2,750,000",2020,"1,500 cc","57,000 km",6
Toyota Axio X Limited 2010,Toyota,Axio,Automatic,"CNG, LPG","Tk 1,510,000",2010,"1,500 cc","78,000 km",16
Toyota Camry silver 1995,Toyota,Camry,Automatic,Octane,"Tk 350,000",1995,"1,830 cc","75,000 km",31
Toyota Noah PUSH START X PACKAGE 2020,Toyota,Noah,Automatic,Octane,"Tk 3,930,000",2020,"2,000 cc","51,560 km",6
Toyota Corolla x asesta 2004,Toyota,Corolla,Automatic,"CNG, Octane","Tk 1,030,000",2004,"1,331 cc","98,000 km",22
Toyota Fielder Hybrid-EX 4Grade 2020,Toyota,Fielder,Automatic,"Petrol, Hybrid, Octane","Tk 2,450,000",2020,"1,500 cc","80,000 km",6
Toyota Axio Hybrid EX 4 AP 2020,Toyota,Axio,Automatic,"Petrol, Hybrid, Octane","Tk 2,400,000",2020,"1,500 cc","80,000 km",6
Toyota Raum special edition 2006,Toyota,Raum,Automatic,"Petrol, CNG, Octane","Tk 850,000",2006,"1,500 cc","80,000 km",20
Toyota Aqua Push - Super Fresh 2013,Toyota,Aqua,Automatic,"Hybrid, Octane","Tk 1,230,000",2013,"1,500 cc","101,000 km",13
Toyota Passo silver 2005,Toyota,Passo,Automatic,Octane,"Tk 595,000",2005,"1,000 cc","65,000 km",21
Toyota Noah sr40 2000,Toyota,Noah,Automatic,"CNG, Octane","Tk 490,000",2000,"2,000 cc","87,000 km",26
Toyota RAV4 Hybrid G Sunroof 4.5 2020,Toyota,RAV4,Automatic,"Petrol, Hybrid, Octane","Tk 6,650,000",2020,"2,500 cc","41,000 km",6
Toyota Axio Non hybrid 2020,Toyota,Axio,Automatic,"Petrol, Octane","Tk 2,450,000",2020,"1,500 cc","54,762 km",6
Toyota Noah x 2003,Toyota,Noah,Automatic,"CNG, Octane","Tk 1,080,000",2003,"2,000 cc","98,000 km",23
Toyota Corolla X Edition 2005,Toyota,Corolla,Automatic,"CNG, Octane","Tk 1,275,000",2005,"1,500 cc","140,000 km",21
Toyota Yaris Cross hybrid 2021,Toyota,Yaris Cross,Automatic,"Hybrid, Octane","Tk 2,850,000",2021,"1,500 cc","56,000 km",5
Toyota C-HR S-LED 2020,Toyota,C-HR,Automatic,Hybrid,"Tk 3,400,000",2020,"1,800 cc","89,000 km",6
Toyota Esquire hybrid 2020,Toyota,Esquire,Automatic,"Petrol, Hybrid, Octane","Tk 3,300,000",2020,"1,800 cc","52,864 km",6
Toyota Axio hybrid Ready 2020,Toyota,Axio,Automatic,"Petrol, Hybrid, Octane","Tk 2,150,000",2020,"1,500 cc","52,684 km",6
Toyota Noah x 2004,Toyota,Noah,Automatic,"CNG, Octane","Tk 1,180,000",2004,"1,500 cc","87,000 km",22
Ford vvti engine bosano 2013,Ford,Other Model,Automatic,"CNG, Octane","Tk 790,000",2013,"1,500 cc","75,000 km",13
Toyota Premio car 2004,Toyota,Premio,Automatic,"CNG, Octane","Tk 1,350,000",2004,"1,500 cc","96,000 km",22
Toyota Premio Push state F EX 2015,Toyota,Premio,Automatic,Octane,"Tk 2,650,000",2015,"1,500 cc","65,000 km",11
Toyota C-HR G LED 2017,Toyota,C-HR,Automatic,"Hybrid, Octane","Tk 2,580,000",2017,"1,800 cc","73,919 km",9
Toyota Harrier HY Z LEATHER 5 GRADE 2021,Toyota,Harrier,Automatic,"Petrol, Hybrid, Octane","Tk 7,950,000",2021,"2,500 cc","36,000 km",5
Toyota Noah Octane 2 Door Power 2020,Toyota,Noah,Automatic,"Petrol, Octane","Tk 3,620,000",2020,"2,000 cc","66,000 km",6
"Toyota Premio FEX,5.12220 k.M 2020",Toyota,Premio,Automatic,Octane,"Tk 4,150,000",2020,"1,500 cc","12,220 km",6
"Toyota Avanza 2014 LPG, 7 Sit",Toyota,Avanza,Automatic,"Octane, LPG","Tk 1,455,000",2014,"1,331 cc","62,350 km",12
Toyota Axio HYBRID PUSH 2020,Toyota,Axio,Automatic,Hybrid,"Tk 2,300,000",2020,"1,500 cc","114,500 km",6
Nissan Juke push start 2012,Nissan,Juke,Automatic,Octane,"Tk 1,290,000",2012,"1,500 cc","59,000 km",14
Honda Vezel octen drive 2014,Honda,Vezel,Automatic,Octane,"Tk 1,920,000",2014,"1,500 cc","68,000 km",12
Toyota Allion car 2004,Toyota,Allion,Automatic,"CNG, Octane","Tk 1,230,000",2004,"1,500 cc","98,000 km",22
Toyota Noah X push state 2dor pa 2010,Toyota,Noah,Automatic,"CNG, Octane","Tk 1,895,000",2010,"2,000 cc","98,000 km",16
Toyota Esquire GI premium 2020,Toyota,Esquire,Automatic,Hybrid,"Tk 3,900,000",2020,"2,000 cc","77,000 km",6
Toyota Noah X push state 2014,Toyota,Noah,Automatic,"CNG, Octane","Tk 2,690,000",2014,"2,000 cc","85,000 km",12
Toyota Raum pull press 2004,Toyota,Raum,Automatic,"CNG, Octane","Tk 950,000",2004,"1,500 cc","89,000 km",22
Toyota Fielder Non Hybrid EX 4 AP 2020,Toyota,Fielder,Automatic,"Petrol, Octane","Tk 2,800,000",2020,"1,500 cc","85,000 km",6
Honda Vezel Z Non Hybrid 2014,Honda,Vezel,Automatic,Octane,"Tk 2,130,000",2014,"1,500 cc","57,456 km",12
Toyota C-HR G LED PACKAGE 2019,Toyota,C-HR,Automatic,Hybrid,"Tk 3,380,000",2019,"1,800 cc","31,764 km",7
Toyota Esquire hybrid 2020,Toyota,Esquire,Automatic,"Petrol, Hybrid, Octane","Tk 3,300,000",2020,"1,800 cc","52,647 km",6
Toyota Esquire hybrid 2020,Toyota,Esquire,Automatic,"Petrol, Hybrid, Octane","Tk 3,250,000",2020,"1,800 cc","54,762 km",6
Toyota Probox gl 2017,Toyota,Probox,Automatic,Octane,"Tk 1,550,000",2017,"1,500 cc","52,000 km",9
Toyota Allion push state 2013,Toyota,Allion,Automatic,"CNG, Octane","Tk 2,380,000",2013,"1,500 cc","85,000 km",13
Toyota Probox dx 2004,Toyota,Probox,Automatic,"CNG, Octane","Tk 620,000",2004,"1,300 cc","95,000 km",22
Toyota Corolla G 2004,Toyota,Corolla,Automatic,"CNG, Octane","Tk 1,070,000",2004,"1,500 cc","87,000 km",22
Toyota Noah push start 2018,Toyota,Noah,Automatic,Octane,"Tk 3,250,000",2018,"2,000 cc","59,000 km",8
Toyota Harrier Non HY Z-Leather 4.5 2020,Toyota,Harrier,Automatic,"Petrol, Octane","Tk 7,900,000",2020,"2,000 cc","27,000 km",6
Toyota Raum S 2009,Toyota,Raum,Automatic,"CNG, Octane","Tk 1,280,000",2009,"1,500 cc","89,083 km",17
Toyota Fielder X 2004,Toyota,Fielder,Automatic,"CNG, Octane","Tk 1,190,000",2004,"2,000 cc","98,000 km",22
Toyota Allion A15 2004,Toyota,Allion,Automatic,"CNG, Octane","Tk 1,350,000",2004,"1,500 cc","83,000 km",22
Toyota Premio push state F Ex 2017,Toyota,Premio,Automatic,Octane,"Tk 3,350,000",2017,"1,500 cc","58,000 km",9
Toyota Probox dx 2004,Toyota,Probox,Automatic,"CNG, Octane","Tk 590,000",2004,"1,300 cc","85,000 km",22
Toyota Voxy S-G Package Pearl 2022,Toyota,Voxy,Automatic,Hybrid,"Tk 4,770,000",2022,"1,800 cc","86,000 km",4
Mitsubishi Outlander Roadest 2012,Mitsubishi,Outlander,Automatic,Octane,"Tk 2,390,000",2012,"2,000 cc","52,000 km",14
Toyota Fielder Hybrid EX 4.5 Grade 2020,Toyota,Fielder,Automatic,"Petrol, Hybrid, Octane","Tk 2,550,000",2020,"1,500 cc","80,000 km",6
Toyota Allion G Push Start 2015,Toyota,Allion,Automatic,Octane,"Tk 2,450,000",2015,"1,500 cc","73,324 km",11
Toyota Corolla A100 1993,Toyota,Corolla,Automatic,"Octane, LPG","Tk 420,000",1993,"1,500 cc","85,000 km",33
Mahindra Bolero gray 2019,Mahindra,Bolero,Manual,Octane,"Tk 990,000",2019,"1,500 cc","59,000 km",7
Toyota Premio Push state 2011,Toyota,Premio,Automatic,"CNG, Octane","Tk 2,150,000",2011,"1,500 cc","85,000 km",15
Toyota Axio Black 2009,Toyota,Axio,Automatic,"CNG, Octane","Tk 1,390,000",2009,"1,500 cc","75,000 km",17
Toyota Esquire hybrid 2020,Toyota,Esquire,Automatic,"Petrol, Hybrid, Octane","Tk 3,650,000",2020,"1,800 cc","53,264 km",6
Toyota Esquire hybrid 2020,Toyota,Esquire,Automatic,"Petrol, Hybrid, Octane","Tk 3,250,000",2020,"1,800 cc","52,647 km",6
Toyota Harrier hybrid 2020,Toyota,Harrier,Automatic,"Petrol, Hybrid, Octane","Tk 6,200,000",2020,"2,500 cc","52,647 km",6
Toyota Allion push start 2012,Toyota,Allion,Automatic,"CNG, Octane","Tk 2,150,000",2012,"1,500 cc","65,000 km",14
Toyota Passo wine 2008,Toyota,Passo,Automatic,Octane,"Tk 750,000",2008,"1,000 cc","52,000 km",18
Mitsubishi Lancer Ex 2010,Mitsubishi,Lancer,Automatic,Octane,"Tk 1,290,000",2010,"1,500 cc","52,000 km",16
Toyota Allion Push state 2007,Toyota,Allion,Automatic,"CNG, Octane","Tk 1,595,000",2007,"1,500 cc","98,000 km",19
Toyota Premio push state F ex pack 2019,Toyota,Premio,Automatic,Octane,"Tk 3,995,000",2019,"1,500 cc","38,000 km",7
Toyota Harrier Non Hybrid 4 Grade 2020,Toyota,Harrier,Automatic,"Petrol, Octane","Tk 6,800,000",2020,"2,000 cc","67,000 km",6
Toyota Aqua S PUSH 4 GRADE 2020,Toyota,Aqua,Automatic,"Petrol, Hybrid, Octane","Tk 1,960,000",2020,"1,500 cc","69,000 km",6
Toyota Axio X LTD 2016,Toyota,Axio,Automatic,Octane,"Tk 2,150,000",2016,"1,500 cc","65,727 km",10
Toyota Allion G plus 2016,Toyota,Allion,Automatic,Octane,"Tk 2,970,000",2016,"1,500 cc","42,000 km",10
Glory 2021,Other brand,Other model,Automatic,Octane,"Tk 2,390,000",2021,"1,500 cc","28,000 km",5
Toyota Premio push start 2012,Toyota,Premio,Automatic,"CNG, Octane","Tk 2,320,000",2012,"1,500 cc","79,000 km",14
Nissan Sunny blue 2004,Nissan,Sunny,Automatic,"CNG, Octane","Tk 650,000",2004,"1,500 cc","85,000 km",22
Toyota Hiace push state 2dor pawe 2011,Toyota,Hiace,Automatic,Diesel,"Tk 1,680,000",2011,"2,386 cc","98,000 km",15
Toyota Axio Hybrid Ex Push Start 2020,Toyota,Axio,Automatic,"Hybrid, Octane","Tk 2,420,000",2020,"1,500 cc","36,000 km",6
Toyota Premio Fex 2015,Toyota,Premio,Automatic,Octane,"Tk 2,690,000",2015,"1,500 cc","52,000 km",11
Toyota Noah X NON HYBRID UNIT 2021,Toyota,Noah,Automatic,Octane,"Tk 3,650,000",2021,"2,000 cc","95,432 km",5
Toyota Fielder Hybrid EX 2020,Toyota,Fielder,Automatic,"Petrol, Hybrid, Octane","Tk 2,230,000",2020,"1,500 cc","53,000 km",6
Toyota Corolla 111 SE Saloon 1997,Toyota,Corolla,Automatic,Octane,"Tk 650,000",1997,"1,500 cc","78,693 km",29
Nissan X-Trail sunroof 7 sit 2014,Nissan,X-Trail,Automatic,Octane,"Tk 2,590,000",2014,"2,000 cc","76,518 km",12
Toyota Noah X NON HYBRID UNIT 2021,Toyota,Noah,Automatic,Octane,"Tk 3,650,000",2021,"2,000 cc","107,542 km",5
Nissan X-Trail Sunroof sit pawer 2004,Nissan,X-Trail,Automatic,"Octane, LPG","Tk 780,000",2004,"2,000 cc","98,000 km",22
Toyota Corolla hybrid 2021,Toyota,Corolla,Automatic,"Petrol, Hybrid, Octane","Tk 2,450,000",2021,"1,800 cc","56,824 km",5
Toyota Axio hybrid 2020,Toyota,Axio,Automatic,"Petrol, Hybrid, Octane","Tk 2,450,000",2020,"1,500 cc","54,726 km",6
Honda Insight EX 2020,Honda,Insight,Automatic,"Petrol, Hybrid, Octane","Tk 3,750,000",2020,"1,500 cc","52,361 km",6
Toyota Axio Non Hybrid 2020,Toyota,Axio,Automatic,"Petrol, Octane","Tk 2,450,000",2020,"1,500 cc","54,782 km",6
Toyota Allion red 2005,Toyota,Allion,Automatic,"Octane, LPG","Tk 1,390,000",2005,"1,500 cc","87,000 km",21
Toyota ist silver 2004,Toyota,ist,Automatic,Octane,"Tk 940,000",2004,"1,300 cc","59,000 km",22
Toyota Crown Royal saloon 2014,Toyota,Crown,Automatic,"Hybrid, Octane","Tk 4,350,000",2014,"2,500 cc","59,000 km",12
Toyota Hiace 4 POINT DUAL AC 2020,Toyota,Hiace,Automatic,Octane,"Tk 3,450,000",2020,"2,000 cc","67,000 km",6
Toyota Allion G 2015,Toyota,Allion,Automatic,Octane,"Tk 2,590,000",2015,"1,500 cc","52,000 km",11
Toyota Noah sr40 1997,Toyota,Noah,Automatic,"CNG, Octane","Tk 570,000",1997,"2,000 cc","75,000 km",29
GLORY580 7sit 2022,Other brand,Other model,Automatic,Octane,"Tk 2,190,000",2022,"1,500 cc","45,000 km",4
Toyota Fielder AXIO COROLLA 2014,Toyota,Fielder,Automatic,Octane,"Tk 1,830,000",2014,"1,500 cc","75,800 km",12
Toyota Yaris G HYB 28000 KM 2020,Toyota,Yaris,Automatic,Hybrid,"Tk 2,430,000",2020,"1,500 cc","28,000 km",6
Toyota Axio hybrid 2020,Toyota,Axio,Automatic,"Petrol, Hybrid, Octane","Tk 2,150,000",2020,"1,500 cc","54,782 km",6
Toyota Harrier Z HYBRID TOP TRIM 2022,Toyota,Harrier,Automatic,"Hybrid, Octane","Tk 8,550,000",2022,"2,500 cc","16,871 km",4
Toyota Noah X NON HYBRID UNIT 2020,Toyota,Noah,Automatic,Octane,"Tk 3,500,000",2020,"2,000 cc","95,764 km",6
Toyota Wil vs 2002,Toyota,Other Model,Automatic,"CNG, Octane","Tk 895,000",2002,"1,500 cc","98,000 km",24
Toyota Fielder hybrid 2015,Toyota,Fielder,Automatic,"Hybrid, Octane","Tk 1,700,000",2015,"1,500 cc","72,000 km",11
Toyota Allion push state 2010,Toyota,Allion,Automatic,Octane,"Tk 2,050,000",2010,"1,500 cc","68,000 km",16
Suzuki Swift octen drive 2005,Suzuki,Swift,Automatic,Octane,"Tk 430,000",2005,"1,331 cc","88,000 km",21
Toyota Allion G PACKAGE 2016,Toyota,Allion,Automatic,Petrol,"Tk 2,880,000",2016,"1,500 cc","78,000 km",10
Toyota Fielder X LTD Fresh 2012,Toyota,Fielder,Automatic,"CNG, Octane","Tk 1,730,000",2012,"1,500 cc","68,201 km",14
Toyota ist All Auto 2004,Toyota,ist,Automatic,"Octane, LPG","Tk 940,000",2004,"1,300 cc","2,004 km",22
Honda Insight hybrid 2020,Honda,Insight,Automatic,"Petrol, Hybrid, Octane","Tk 3,750,000",2020,"1,500 cc","52,647 km",6
Toyota ist black 2004,Toyota,ist,Automatic,Octane,"Tk 850,000",2004,"1,300 cc","87,000 km",22
Toyota Noah push start 2013,Toyota,Noah,Automatic,"CNG, Octane","Tk 2,220,000",2013,"2,000 cc","75,000 km",13
Toyota Hiace GL LED DUAL AC 2020,Toyota,Hiace,Automatic,Octane,"Tk 3,500,000",2020,"2,000 cc","46,587 km",6
Toyota Vitz push state 2011,Toyota,Vitz,Automatic,Octane,"Tk 1,250,000",2011,"1,331 cc","68,000 km",15
Toyota C-HR G-LED 2017,Toyota,C-HR,Automatic,Octane,"Tk 2,385,000",2017,"1,800 cc","68,170 km",9
Toyota Axio HYBRID EX PUSH READY 2020,Toyota,Axio,Automatic,"Hybrid, Octane","Tk 22,800,000",2020,"1,500 cc","64,891 km",6
Mitsubishi Outlandar 7 seats 2018,Mitsubishi,Outlandar,Automatic,Octane,"Tk 3,580,000",2018,"2,000 cc","54,000 km",8
Toyota Corolla Cross HYBRID s 2021,Toyota,Corolla Cross,Automatic,"Petrol, Hybrid, Octane, Other fuel type","Tk 3,800,000",2021,"1,800 cc","80,000 km",5
Toyota Aqua hybrid 2020,Toyota,Aqua,Automatic,"Petrol, Hybrid, Octane","Tk 1,700,000",2020,"1,500 cc","54,786 km",6
Honda Vezel HYBRID 2021,Honda,Vezel,Automatic,"Petrol, Hybrid, Octane, Other fuel type","Tk 3,800,000",2021,"1,500 cc","70,000 km",5
Toyota Prius S touring Ready 2017,Toyota,Prius,Automatic,"Petrol, Hybrid, Octane, Other fuel type","Tk 2,200,000",2017,"1,800 cc","90,000 km",9
Toyota Corolla X ASESTA 2005,Toyota,Corolla,Automatic,"CNG, Octane","Tk 1,020,000",2005,"1,331 cc","78,000 km",21
Toyota Aqua push state 2013,Toyota,Aqua,Automatic,"Hybrid, Octane","Tk 1,190,000",2013,"1,331 cc","68,000 km",13
Toyota Corolla x 2003,Toyota,Corolla,Automatic,"CNG, Octane","Tk 950,000",2003,"1,500 cc","85,000 km",23
Toyota Corolla Fielder WXB HV 2014,Toyota,Corolla,Automatic,"Hybrid, Octane","Tk 1,650,000",2014,"1,500 cc","73,189 km",12
Toyota Premio car 2004,Toyota,Premio,Automatic,"Octane, LPG","Tk 1,350,000",2004,"1,500 cc","98,000 km",22
Toyota Harrier hybrid 2014,Toyota,Harrier,Automatic,"Hybrid, Octane","Tk 3,990,000",2014,"2,400 cc","5,900 km",12
Toyota Corolla G 2005,Toyota,Corolla,Automatic,"CNG, Octane","Tk 1,290,000",2005,"1,500 cc","86,000 km",21
Toyota Harrier Advance premium 2014,Toyota,Harrier,Automatic,Octane,"Tk 4,264,000",2014,"2,000 cc","71,301 km",12
Nissan Navara 2005,Nissan,Navara,Manual,Diesel,"Tk 550,000",2005,"2,200 cc","133,000 km",21
Toyota Corolla X asesta 2002,Toyota,Corolla,Automatic,"CNG, Octane","Tk 880,000",2002,"1,331 cc","86,000 km",24
Toyota Noah Non Hybrid 2020,Toyota,Noah,Automatic,"Petrol, Hybrid, Octane","Tk 3,350,000",2020,"2,000 cc","52,684 km",6
Toyota Allion Pre Order 2021,Toyota,Allion,Automatic,"Petrol, Octane","Tk 3,750,000",2021,"1,500 cc","57,264 km",5
Toyota Noah Non Hybrid 2020,Toyota,Noah,Automatic,"Petrol, Octane","Tk 3,450,000",2020,"2,000 cc","53,627 km",6
Hyundai Santa Fe 2015,Hyundai,Santa Fe,Automatic,Octane,"Tk 2,790,000",2015,"2,400 cc","70,000 km",11
Toyota Axio G addition 2014,Toyota,Axio,Automatic,"Octane, LPG","Tk 1,850,000",2014,"1,500 cc","46,000 km",12
Toyota RAV4 black 2004,Toyota,RAV4,Automatic,Octane,"Tk 1,190,000",2004,"2,000 cc","86,000 km",22
Toyota Corolla Cross Sunrof Mnrof modelis 2021,Toyota,Corolla Cross,Automatic,"Hybrid, Octane","Tk 4,480,000",2021,"1,800 cc","40,000 km",5
Toyota Allion push state 2010,Toyota,Allion,Automatic,"CNG, Octane","Tk 1,790,000",2010,"1,500 cc","85,000 km",16
Toyota Corolla G Addition 2004,Toyota,Corolla,Automatic,"CNG, Octane","Tk 1,255,000",2004,"1,500 cc","91,000 km",22
Toyota Passo G Addition Octane 2011,Toyota,Passo,Automatic,Octane,"Tk 1,215,000",2011,"1,320 cc","63,000 km",15
Tata pickup 2020,Tata,Other Model,Manual,Diesel,"Tk 290,000",2020,808 cc,"14,521 km",6
Toyota Premio G superior 2008,Toyota,Premio,Automatic,"CNG, Octane","Tk 1,899,999",2008,"1,500 cc","90,000 km",18
Toyota Voxy ZS Hybrid Pearl 2020,Toyota,Voxy,Automatic,"Petrol, Hybrid, Octane","Tk 3,350,000",2020,"1,800 cc","100,000 km",6
Toyota Voxy Hybrid V 2020,Toyota,Voxy,Automatic,"Petrol, Hybrid, Octane","Tk 3,000,000",2020,"1,800 cc","62,543 km",6
Nissan Teana silver 2014,Nissan,Teana,Automatic,Octane,"Tk 1,990,000",2014,"2,000 cc","42,000 km",12
Toyota Allion white 2004,Toyota,Allion,Automatic,"CNG, Octane","Tk 1,290,000",2004,"1,500 cc","86,000 km",22
Toyota Noah X key state 2011,Toyota,Noah,Automatic,"CNG, Octane","Tk 1,750,000",2011,"2,000 cc","98,000 km",15
Toyota Corolla 100 Wagon 1999,Toyota,Corolla,Automatic,"CNG, Octane","Tk 350,000",1999,"1,331 cc","500,000 km",27
Toyota Axio EX HYBRID 2020,Toyota,Axio,Automatic,Hybrid,"Tk 2,390,000",2020,"1,500 cc","78,000 km",6
Nissan Navara 2001,Nissan,Navara,Manual,Diesel,"Tk 450,000",2002,"2,200 cc","123,000 km",24
Toyota Yaris Cross HYBRID 2021,Toyota,Yaris Cross,Automatic,"Petrol, Hybrid, Octane, Other fuel type","Tk 2,800,000",2021,"1,800 cc","78,000 km",5
Toyota Corolla G 2001,Toyota,Corolla,Automatic,"CNG, Octane","Tk 895,000",2001,"1,500 cc","75,000 km",25
Toyota Hiace Super GL Dark Prime2 2020,Toyota,Hiace,Automatic,Petrol,"Tk 4,550,000",2020,"2,000 cc","69,700 km",6
Toyota Hiace GL 2020,Toyota,Hiace,Automatic,Octane,"Tk 3,280,000",2020,"2,020 cc","79,632 km",6
Toyota Hiace DUAL-AC ORG. 2020,Toyota,Hiace,Automatic,"Petrol, Octane","Tk 3,600,000",2020,"2,000 cc","65,000 km",6
Toyota Fielder EX NON HYBRID 2020,Toyota,Fielder,Automatic,Octane,"Tk 2,690,000",2020,"1,500 cc","74,236 km",6
Toyota Fielder Black 2011,Toyota,Fielder,Automatic,LPG,"Tk 1,550,000",2011,"1,500 cc","85,000 km",15
Toyota Fielder hybrid 2018,Toyota,Fielder,Automatic,Octane,"Tk 1,870,000",2018,"1,500 cc","48,000 km",8
Toyota Premio F EX PKG 2021,Toyota,Premio,Automatic,Octane,"Tk 3,990,000",2021,"1,500 cc","41,000 km",5
Toyota Axio EX HYBRID DHAKAREADY 2020,Toyota,Axio,Automatic,"Hybrid, Octane","Tk 2,250,000",2020,"1,500 cc","76,123 km",6
Toyota Corolla golden 2004,Toyota,Corolla,Automatic,"CNG, Octane","Tk 950,000",2004,"1,500 cc","87,000 km",22
Honda Insight Grey Purple 2022,Honda,Insight,Automatic,Hybrid,"Tk 4,350,000",2022,"1,500 cc","10,000 km",4
Nissan Bluebird . 2004,Nissan,Bluebird,Automatic,Petrol,"Tk 770,000",2004,"1,500 cc","75,000 km",22
Toyota Harrier Non Hybrid Pearl 2020,Toyota,Harrier,Automatic,"Petrol, Octane","Tk 7,800,000",2020,"2,000 cc","100,000 km",6
Toyota Fielder NON Hybrid EX 2020,Toyota,Fielder,Automatic,"Petrol, Octane","Tk 2,450,000",2020,"1,500 cc","63,497 km",6
Honda Vezel non hybrid 2014,Honda,Vezel,Automatic,Octane,"Tk 1,850,000",2014,"1,500 cc","59,000 km",12
Toyota Corolla G 2004,Toyota,Corolla,Automatic,"CNG, Octane","Tk 1,095,000",2004,"1,500 cc","89,000 km",22
Hyundai Ancient Hybrid 2019,Hyundai,Ancient,Automatic,"Hybrid, Octane","Tk 3,050,000",2019,"1,500 cc","68,000 km",7
Toyota Fielder cng 2013,Toyota,Fielder,Automatic,"CNG, Octane","Tk 1,750,000",2013,"1,500 cc","89,000 km",13
Toyota Rush push start 2011,Toyota,Rush,Manual,Octane,"Tk 1,450,000",2011,"1,500 cc","87,452 km",15
Nissan X-Trail Octen drive 2014,Nissan,X-Trail,Automatic,Octane,"Tk 2,650,000",2014,"2,000 cc","65,000 km",12
Toyota Axio G 2019,Toyota,Axio,Automatic,"Hybrid, Octane","Tk 2,294,000",2019,"1,500 cc","31,001 km",7
Toyota Noah S-Z.PREMIUM 2023,Toyota,Noah,Automatic,Octane,"Tk 6,300,000",2023,"2,000 cc","15,000 km",3
Toyota Axio EX -HYBRID 2020,Toyota,Axio,Automatic,"Hybrid, Octane","Tk 2,340,000",2020,"1,500 cc","68,796 km",6
Toyota Premio Fex pkz 2016,Toyota,Premio,Automatic,Octane,"Tk 3,150,000",2016,"1,500 cc","42,000 km",10
Toyota Hiace GL DUAL AC TRH 2021,Toyota,Hiace,Automatic,"Petrol, Octane","Tk 3,650,000",2021,"2,000 cc","34,000 km",5
Toyota Axio X SAFTY SENSE SILVER 2014,Toyota,Axio,Automatic,"Hybrid, Octane","Tk 1,480,000",2014,"1,500 cc","52,000 km",12
Toyota Corolla Cross hybrid 2021,Toyota,Corolla Cross,Automatic,"Petrol, Hybrid, Octane","Tk 3,850,000",2021,"1,800 cc","42,361 km",5
Toyota Esquire hybrid 2020,Toyota,Esquire,Automatic,"Petrol, Hybrid, Octane","Tk 3,350,000",2020,"1,800 cc","52,684 km",6
Toyota Esquire Non Hybrid 2020,Toyota,Esquire,Automatic,"Petrol, Octane","Tk 3,850,000",2020,"2,000 cc","54,761 km",6
Toyota Noah si 2013,Toyota,Noah,Automatic,"CNG, Octane","Tk 2,220,000",2013,"2,000 cc","79,000 km",13
Toyota Premio push start 2010,Toyota,Premio,Automatic,"CNG, Octane","Tk 2,140,000",2010,"1,500 cc","59,000 km",16
Toyota Esquire hybrid 2020,Toyota,Esquire,Automatic,"Petrol, Hybrid, Octane","Tk 3,300,000",2020,"1,800 cc","43,261 km",6
Toyota Premio F EX PKG 2017,Toyota,Premio,Automatic,Octane,"Tk 3,190,000",2017,"1,500 cc","65,000 km",9
Toyota Prado TXL Package 2023,Toyota,Prado,Automatic,Octane,"Tk 16,990,000",2023,"2,700 cc","19,600 km",3
Mitsubishi X-Pander gray 2020,Mitsubishi,X-Pander,Automatic,Octane,"Tk 2,850,000",2020,"1,500 cc","56,000 km",6
Toyota Corolla G 2004,Toyota,Corolla,Automatic,"CNG, Octane","Tk 1,050,000",2004,"1,500 cc","96,000 km",22
Toyota Prado tx 2003,Toyota,Prado,Automatic,Octane,"Tk 2,550,000",2003,"2,700 cc","68,000 km",23
Toyota Noah X Special Hybrd 2020,Toyota,Noah,Automatic,"Petrol, Hybrid, Octane","Tk 3,650,000",2020,"1,800 cc","95,300 km",6
Toyota Axio key start 2015,Toyota,Axio,Automatic,"Octane, LPG","Tk 1,690,000",2015,"1,500 cc","59,000 km",11
Toyota Allion push start 2009,Toyota,Allion,Automatic,Octane,"Tk 1,780,000",2009,"1,500 cc","87,000 km",17
Toyota Hiace GL DUAL AC READY 2020,Toyota,Hiace,Automatic,Octane,"Tk 3,250,000",2020,"2,000 cc","40,896 km",6
Toyota Esquire Hybrid XI 2 Door PW 2020,Toyota,Esquire,Automatic,"Petrol, Hybrid, Octane","Tk 3,430,000",2020,"1,800 cc","70,000 km",6
Toyota Vitz Family use 2010,Toyota,Vitz,Automatic,Octane,"Tk 1,150,000",2010,"1,300 cc","56,000 km",16
Toyota Axio car key state 2017,Toyota,Axio,Automatic,"Octane, LPG","Tk 2,050,000",2017,"1,500 cc","68,000 km",9
Toyota Noah G Pearl 486000 km 2020,Toyota,Noah,Automatic,Hybrid,"Tk 3,670,000",2020,"1,800 cc","86,000 km",6
Toyota C-HR GR SPORTS TWO TON 2020,Toyota,C-HR,Automatic,"Petrol, Hybrid, Octane","Tk 3,700,000",2020,"1,800 cc","44,000 km",6
Toyota Prius s turing 2016,Toyota,Prius,Automatic,"Hybrid, Octane","Tk 2,150,000",2016,"1,800 cc","56,000 km",10
Toyota Corolla Hybrid GX 2020,Toyota,Corolla,Automatic,"Petrol, Hybrid, Octane","Tk 2,350,000",2020,"1,800 cc","58,976 km",6
Toyota Esquire hybrid 2020,Toyota,Esquire,Automatic,"Petrol, Hybrid, Octane","Tk 3,450,000",2020,"1,800 cc","53,264 km",6
Toyota Fielder hybrid 2020,Toyota,Fielder,Automatic,"Petrol, CNG, Octane","Tk 2,150,000",2020,"1,500 cc","54,762 km",6
Toyota Fielder Non Hybrid 2020,Toyota,Fielder,Automatic,"Petrol, Octane","Tk 2,500,000",2020,"1,500 cc","54,718 km",6
Toyota Fielder 2020,Toyota,Fielder,Automatic,"Petrol, Octane","Tk 2,450,000",2020,"1,500 cc","54,713 km",6
Toyota Prado TXL Package 2023,Toyota,Prado,Automatic,Octane,"Tk 17,500,000",2023,"2,700 cc","21,000 km",3
Toyota Axio hybrid 2015,Toyota,Axio,Automatic,"Hybrid, Octane","Tk 1,595,000",2015,"1,500 cc","65,000 km",11
Toyota Hiace Super Gl 2014,Toyota,Hiace,Automatic,"CNG, Octane","Tk 2,890,000",2014,"2,000 cc","75,000 km",12
Toyota Noah G PUSH 2 DOOR POWER 2020,Toyota,Noah,Automatic,"Hybrid, Octane","Tk 3,450,000",2020,"1,800 cc","70,142 km",6
Toyota Fielder EX -NON HYBRID 2020,Toyota,Fielder,Automatic,Octane,"Tk 2,680,000",2020,"1,500 cc","84,203 km",6
Toyota Prius S Safety 4 Grade 2020,Toyota,Prius,Automatic,"Petrol, Hybrid, Octane","Tk 3,070,000",2020,"1,800 cc","63,500 km",6
Toyota Corolla X 2003,Toyota,Corolla,Automatic,"CNG, Octane","Tk 980,000",2003,"1,500 cc","78,000 km",23
Toyota Probox 1 door power 2004,Toyota,Probox,Automatic,"CNG, Octane","Tk 680,000",2004,"1,331 cc","89,000 km",22
Toyota Fielder x 2020,Toyota,Fielder,Automatic,"Hybrid, Octane","Tk 2,445,000",2020,"1,500 cc","113,000 km",6
Toyota Axio G PUSH START 2020,Toyota,Axio,Automatic,Octane,"Tk 3,045,000",2020,"1,500 cc","63,000 km",6
Toyota Noah X Pkg Push Hy 1DP 2020,Toyota,Noah,Automatic,"Petrol, Hybrid, Octane","Tk 3,150,000",2020,"1,800 cc","92,002 km",6
Toyota Hiace GL Led Headlight 2020,Toyota,Hiace,Automatic,Octane,"Tk 3,350,000",2020,"2,000 cc","90,000 km",6
Toyota Esquire GI HYBRID DHAKAREADY 2020,Toyota,Esquire,Automatic,"Hybrid, Octane","Tk 3,540,000",2020,"1,800 cc","68,452 km",6
Toyota Prius S-Touring Seclection 2020,Toyota,Prius,Automatic,"Petrol, Hybrid, Octane","Tk 3,390,000",2020,"1,800 cc","48,147 km",6
Toyota TownAce Noah 2009,Toyota,TownAce,Automatic,"CNG, Octane","Tk 680,000",2009,"1,500 cc","500,000 km",17
Toyota Harrier Z Non Hybrid 2020,Toyota,Harrier,Automatic,Octane,"Tk 7,850,000",2020,"2,000 cc","46,000 km",6
Toyota Noah x 2006,Toyota,Noah,Automatic,"CNG, Octane","Tk 1,230,000",2006,"2,000 cc","95,000 km",20
Toyota Corolla A100 1994,Toyota,Corolla,Automatic,"CNG, Octane","Tk 320,000",1994,"1,500 cc","99,000 km",32
Toyota Axio X Edition 2012,Toyota,Axio,Automatic,"CNG, Octane","Tk 1,545,000",2012,"1,500 cc","85,000 km",14
Toyota Axio 1st hand 2016,Toyota,Axio,Automatic,"Hybrid, Octane","Tk 1,550,000",2016,"1,500 cc","60,000 km",10
Toyota Harrier advance premium 2015,Toyota,Harrier,Automatic,Octane,"Tk 4,600,000",2015,"2,000 cc","42,000 km",11
Toyota Fielder Non Hybrid 2020,Toyota,Fielder,Automatic,Octane,"Tk 2,590,000",2020,"1,500 cc","86,400 km",6
Toyota Hiace Super GL 2020,Toyota,Hiace,Automatic,"Petrol, Octane","Tk 4,160,000",2020,"2,000 cc","105,000 km",6
Toyota Hiace DX 2020,Toyota,Hiace,Automatic,"Petrol, Octane","Tk 3,050,000",2020,"2,000 cc","102,000 km",6
Toyota Esquire GI PREMIUM PUSH 2020,Toyota,Esquire,Automatic,Hybrid,"Tk 3,750,000",2020,"1,800 cc","95,432 km",6
Toyota Hiace Super Gl Dark Prime 2022,Toyota,Hiace,Automatic,Octane,"Tk 4,660,000",2022,"2,000 cc","29,000 km",4
Toyota Prado tx 2004,Toyota,Prado,Automatic,Octane,"Tk 2,950,000",2004,"2,700 cc","56,000 km",22
Toyota Noah X 2019,Toyota,Noah,Automatic,Hybrid,"Tk 3,150,000",2019,"1,800 cc","47,315 km",7
Toyota Noah X KEY START 2020,Toyota,Noah,Automatic,Octane,"Tk 3,600,000",2020,"2,000 cc","96,873 km",6
Toyota Esquire GI PREMIUM PUSH 2020,Toyota,Esquire,Automatic,Hybrid,"Tk 3,900,000",2020,"1,800 cc","770,329 km",6
Toyota Allion NON HYBRID A15 2020,Toyota,Allion,Automatic,"Petrol, Hybrid, Octane","Tk 3,600,000",2020,"1,500 cc","64,258 km",6
Toyota Fielder hybrid 2020,Toyota,Fielder,Automatic,"Petrol, Hybrid, Octane","Tk 2,150,000",2020,"1,500 cc","54,726 km",6
Toyota Hiace Dx Single Ac 2020,Toyota,Hiace,Automatic,Octane,"Tk 3,040,000",2020,"2,000 cc","77,000 km",6
Toyota Hiace Dx Single Ac 2020,Toyota,Hiace,Automatic,Octane,"Tk 3,050,000",2020,"2,000 cc","72,000 km",6
Toyota Allion silver 2004,Toyota,Allion,Automatic,"CNG, Octane","Tk 1,320,000",2004,"1,500 cc","87,000 km",22
Toyota Corolla X 2003,Toyota,Corolla,Automatic,"CNG, Octane","Tk 950,000",2003,"1,500 cc","89,000 km",23
Nissan Sunny blue 2004,Nissan,Sunny,Automatic,"CNG, Octane","Tk 670,000",2004,"1,500 cc","87,000 km",22
Suzuki Alto 2008,Suzuki,Alto,Automatic,Octane,"Tk 555,000",2017,660 cc,"48,580 km",9
Toyota RAV4 G-Z NON HYBRID 2020,Toyota,RAV4,Automatic,"Petrol, Octane","Tk 7,100,000",2020,"2,000 cc","48,000 km",6
"Toyota Sienta G-Kero,Full Bodykit 2020",Toyota,Sienta,Automatic,"Hybrid, Octane","Tk 3,020,000",2020,"1,500 cc","30,000 km",6
Toyota Axio Hybrid EX Push 2020,Toyota,Axio,Automatic,"Petrol, Hybrid, Octane","Tk 2,430,000",2020,"1,500 cc","87,000 km",6
Nissan X-Trail Hybrid 2015,Nissan,X-Trail,Automatic,"Hybrid, Octane","Tk 2,045,000",2015,"2,000 cc","67,000 km",11
Mitsubishi Lancer Ex Fresh Unit 2010,Mitsubishi,Lancer,Automatic,Octane,"Tk 1,480,000",2010,"1,500 cc","66,000 km",16
Toyota Sprinter 100 1993,Toyota,Sprinter,Automatic,"CNG, Octane","Tk 420,000",1993,"1,500 cc",0 km,33
Toyota Noah WXB HYBRID 2020,Toyota,Noah,Automatic,Hybrid,"Tk 3,420,000",2020,"1,800 cc","114,000 km",6
Toyota Axio EX 2020,Toyota,Axio,Automatic,"Hybrid, Octane","Tk 2,300,000",2020,"1,500 cc","47,569 km",6
Toyota Noah Si 2010,Toyota,Noah,Automatic,Octane,"Tk 2,130,000",2010,"2,000 cc","76,300 km",16
Toyota Axio EX PUSH HV READY 2020,Toyota,Axio,Automatic,"Hybrid, Octane","Tk 2,300,000",2020,"1,500 cc","72,131 km",6
Toyota Noah Hybrid G 2 Door PW 2020,Toyota,Noah,Automatic,"Petrol, Hybrid, Octane","Tk 3,200,000",2020,"1,800 cc","80,000 km",6
Toyota Hiace SUPER GL DUAL AC TRH 2020,Toyota,Hiace,Automatic,"Petrol, Octane","Tk 4,130,000",2020,"2,000 cc","64,000 km",6
Toyota Axio Non Hybrid White 2020,Toyota,Axio,Automatic,"Petrol, Octane","Tk 2,650,000",2020,"1,500 cc","91,000 km",6
Nissan X-Trail SUNROOF NON HYBRID 2020,Nissan,X-Trail,Automatic,"Petrol, Octane","Tk 5,300,000",2020,"2,000 cc","65,000 km",6
Toyota Corolla Hybrid GX Model- 2020,Toyota,Corolla,Automatic,"Petrol, Hybrid, Octane","Tk 2,650,000",2020,"1,800 cc","69,300 km",6
Toyota Corolla Cross Z Leather Body Kit 2023,Toyota,Corolla Cross,Automatic,"Petrol, Hybrid, Octane","Tk 5,150,000",2023,"1,800 cc","57,120 km",3
"Toyota Corolla Cross Z LEATHER, 4.5 POINT 2023",Toyota,Corolla Cross,Automatic,Hybrid,"Tk 5,050,000",2023,"1,800 cc","32,142 km",3
Toyota Fielder EX-NON HYBRID G-3.5 2021,Toyota,Fielder,Automatic,Octane,"Tk 2,750,000",2021,"1,500 cc","231,000 km",5
Toyota Premio FL-PKG PEARL COLOR 2020,Toyota,Premio,Automatic,Octane,"Tk 4,400,000",2020,"1,500 cc","31,000 km",6
Toyota C-HR G PKG 2020,Toyota,C-HR,Automatic,"Hybrid, Octane","Tk 3,700,000",2020,"1,790 cc","38,788 km",6
Toyota Corolla Cross Z 2025,Toyota,Corolla Cross,Automatic,"Hybrid, Octane","Tk 6,700,000",2025,"1,790 cc",5 km,1
Toyota Corolla Cross Z 2022,Toyota,Corolla Cross,Automatic,"Hybrid, Octane","Tk 4,725,000",2022,"1,790 cc","29,700 km",4
Toyota Hiace DX PKG BLUE 2020,Toyota,Hiace,Automatic,Octane,"Tk 3,170,000",2020,"2,000 cc","198,000 km",6
Toyota RAV4 G PKG OCT SUNROOF 2020,Toyota,RAV4,Automatic,Octane,"Tk 6,999,998",2020,"2,000 cc","56,000 km",6
Toyota Harrier Z Leather Bodykit 2020,Toyota,Harrier,Automatic,"Petrol, Octane","Tk 7,800,000",2020,"2,000 cc","71,200 km",6
Toyota Fielder hybrid 2020,Toyota,Fielder,Automatic,"Petrol, Hybrid, Octane","Tk 2,150,000",2020,"1,500 cc","52,647 km",6
Toyota Noah hybrid 2022,Toyota,Noah,Automatic,"Petrol, Hybrid, Octane","Tk 4,400,000",2022,"1,800 cc","21,476 km",4
Toyota Noah hybrid 2022,Toyota,Noah,Automatic,"Petrol, Hybrid, Octane","Tk 4,400,000",2022,"1,800 cc","26,247 km",4
Toyota Noah hybrid 2022,Toyota,Noah,Automatic,"Petrol, Hybrid, Octane","Tk 3,750,000",2022,"1,800 cc","32,614 km",4
Toyota Fielder hybrid 2020,Toyota,Fielder,Automatic,"Petrol, Hybrid, Octane","Tk 2,150,000",2020,"1,500 cc","53,624 km",6
Toyota Corolla Cross Z Red Wine 2024,Toyota,Corolla Cross,Automatic,"Hybrid, Octane","Tk 5,170,000",2024,"1,800 cc","44,000 km",2
Toyota Hiace Super Gl 2015,Toyota,Hiace,Automatic,"CNG, Octane","Tk 3,350,000",2015,"2,000 cc","79,000 km",11
Toyota Raum 2004,Toyota,Raum,Automatic,Octane,"Tk 1,075,000",2009,"1,500 cc","85,000 km",17
Toyota Yaris Cross Z Pearl 2 Tone 2021,Toyota,Yaris Cross,Automatic,"Hybrid, Octane","Tk 3,350,000",2021,"1,500 cc","39,000 km",5
Toyota Corolla WXB sedan 2021,Toyota,Corolla,Automatic,Octane,"Tk 3,100,000",2021,"1,800 cc","39,754 km",5
Hyundai Sonata SUNROOF MOONROOF 2010,Hyundai,Sonata,Automatic,Octane,"Tk 1,545,000",2010,"2,000 cc","69,000 km",16
Toyota C-HR G LED 4.5 Grade 2020,Toyota,C-HR,Automatic,Hybrid,"Tk 3,520,000",2020,"1,800 cc","47,000 km",6
Toyota Crown G 2020,Toyota,Crown,Automatic,"Hybrid, Octane","Tk 8,700,000",2020,"2,490 cc","61,941 km",6
Toyota Axio Hybrid EX 2020,Toyota,Axio,Automatic,"Petrol, Hybrid, Octane","Tk 2,150,000",2020,"1,500 cc","65,426 km",6
Toyota Noah hybrid 2020,Toyota,Noah,Automatic,"Petrol, Hybrid, Octane","Tk 2,900,000",2020,"1,800 cc","56,847 km",6
Toyota Corolla Cross Z Massive Grey 2024,Toyota,Corolla Cross,Automatic,Hybrid,"Tk 5,380,000",2024,"1,800 cc","9,000 km",2
Toyota Hiace DX Black Dual AC 2020,Toyota,Hiace,Automatic,Petrol,"Tk 3,650,000",2020,"2,000 cc","99,000 km",6
Toyota Esquire GI hybrid 2019,Toyota,Esquire,Automatic,"Hybrid, Octane","Tk 3,185,000",2019,"1,800 cc","62,000 km",7
Toyota Fielder x 2003,Toyota,Fielder,Automatic,"CNG, Octane","Tk 999,999",2003,"1,500 cc","80,000 km",23
Toyota Axio Ex Non Hybrid 2020,Toyota,Axio,Automatic,Octane,"Tk 2,850,000",2020,"1,500 cc","73,000 km",6
Toyota Axio X Limited 2008,Toyota,Axio,Automatic,"Octane, LPG","Tk 1,415,000",2008,"1,500 cc","86,000 km",18
Toyota Prius S TOURING SELECTION 2020,Toyota,Prius,Automatic,"Hybrid, Octane","Tk 3,020,000",2020,"1,800 cc","71,523 km",6
Toyota Premio F STANDARD PACKAGE 2020,Toyota,Premio,Automatic,Octane,"Tk 3,720,000",2020,"1,500 cc","41,236 km",6
Toyota Fielder EX PUSH DHAKA REDAY 2020,Toyota,Fielder,Automatic,"Hybrid, Octane","Tk 2,420,000",2020,"1,500 cc","53,260 km",6
Toyota Premio F STANDARD 2020,Toyota,Premio,Automatic,Octane,"Tk 3,690,000",2020,"1,500 cc","67,852 km",6
Toyota Hiace Super GL Key Start 2020,Toyota,Hiace,Automatic,"Petrol, Octane","Tk 4,170,000",2020,"2,000 cc","83,000 km",6
Toyota Hiace Super GLPush-Start 2020,Toyota,Hiace,Automatic,"Petrol, Octane","Tk 4,200,000",2020,"2,000 cc","75,000 km",6
Toyota Voxy Hybrid S-Z 2022,Toyota,Voxy,Automatic,"Petrol, Hybrid, Octane","Tk 4,900,000",2022,"1,800 cc","21,000 km",4
Nissan X-Trail Ge-40RCE 5 Grade 2023,Nissan,X-Trail,Automatic,"Petrol, Hybrid, Octane","Tk 7,500,000",2023,"1,500 cc","71,000 km",3
Nissan X-Trail Hybrid 2017,Nissan,X-Trail,Automatic,"Hybrid, Octane","Tk 2,590,000",2017,"2,000 cc","47,000 km",9
Toyota Corolla Cross Hybrid Z Leather 2023,Toyota,Corolla Cross,Automatic,"Petrol, Hybrid, Octane","Tk 4,670,000",2023,"1,800 cc","31,000 km",3
Toyota Allion G Push Sensor Good 2020,Toyota,Allion,Automatic,"Petrol, Octane","Tk 4,250,000",2020,"1,500 cc","82,000 km",6
Toyota Esquire Gi-Pre Nonhy Sunroof 2020,Toyota,Esquire,Automatic,"Petrol, Octane","Tk 5,200,000",2020,"2,000 cc","54,174 km",6
Toyota Fielder PetrlOctn Point-4 2020,Toyota,Fielder,Automatic,"Petrol, Octane","Tk 2,600,000",2020,"1,500 cc","133,519 km",6
Toyota Fielder Ex Nonhybrid Gp-4.00 2020,Toyota,Fielder,Automatic,"Petrol, Octane","Tk 2,650,000",2020,"1,500 cc","51,319 km",6
Toyota Corolla Cross Z Leather 360 TRD 2021,Toyota,Corolla Cross,Automatic,"Petrol, Hybrid, Octane","Tk 4,550,000",2021,"1,800 cc","66,125 km",5
Toyota Aqua Sky Blue 2020,Toyota,Aqua,Automatic,"Hybrid, Octane","Tk 2,100,000",2020,"1,500 cc","48,521 km",6
"Toyota Supra MK-5,35th EDITION 2021",Toyota,Supra,Automatic,"Petrol, Hybrid, Octane","Tk 14,200,000",2021,"2,000 cc","17,512 km",5
Toyota Hiace 2003,Toyota,Hiace,Manual,Diesel,"Tk 400,000",2003,"2,000 cc","90,000 km",23
Toyota Aqua G edition 2012,Toyota,Aqua,Automatic,"Hybrid, Octane","Tk 1,250,000",2012,"1,500 cc","45,000 km",14
Toyota Axio EX-NON HYBRID G-4.0 2021,Toyota,Axio,Automatic,Octane,"Tk 3,020,000",2021,"1,500 cc","92,000 km",5
Toyota Axio EX-NON HYBRID G-4.0 2021,Toyota,Axio,Automatic,Octane,"Tk 3,130,000",2021,"1,500 cc","18,000 km",5
Honda CR-V EX-B Edition 2022,Honda,CR-V,Automatic,Octane,"Tk 7,000,000",2022,"1,490 cc","47,300 km",4
Mitsubishi Car 2003,Mitsubishi,Other Model,Manual,Diesel,"Tk 1,500,000",2003,"2,477 cc","75,000 km",23
Toyota Premio Fex Redwine 2020,Toyota,Premio,Automatic,Octane,"Tk 4,580,000",2020,"1,500 cc","16,000 km",6
Toyota Fielder NON HYBRID EX PUSH 2020,Toyota,Fielder,Automatic,Octane,"Tk 2,700,000",2020,"1,500 cc","81,236 km",6
Nissan X-Trail Hybrid sunroof 2017,Nissan,X-Trail,Automatic,"Hybrid, Octane","Tk 2,780,000",2017,"2,000 cc","84,000 km",9
Toyota Fielder 2020,Toyota,Fielder,Automatic,"Hybrid, Octane, LPG","Tk 2,480,000",2020,"1,500 cc","50,000 km",6
Toyota Prius S LED Mica Blue 2021,Toyota,Prius,Automatic,"Petrol, Hybrid, Octane","Tk 3,200,000",2021,"1,800 cc","29,000 km",5
Toyota Prius S Touring Selection 2020,Toyota,Prius,Automatic,"Petrol, Hybrid, Octane","Tk 2,999,999",2020,"1,800 cc","94,000 km",6
Toyota RAV4 X  HYBRID  GREY 2020,Toyota,RAV4,Automatic,Hybrid,"Tk 5,550,000",2020,"2,500 cc","99,000 km",6
Toyota Corolla Cross Z 2022,Toyota,Corolla Cross,Automatic,Octane,"Tk 4,900,000",2022,"1,790 cc","36,988 km",4
Toyota Axio Ex Non Hybrid White 2020,Toyota,Axio,Automatic,"Petrol, Octane","Tk 2,800,000",2020,"1,500 cc","83,120 km",6
Nissan Juke 2011,Nissan,Juke,Automatic,Octane,"Tk 1,375,000",2020,"1,500 cc","50,000 km",6
Toyota Allion 2003,Toyota,Allion,Automatic,"Diesel, Petrol, CNG, LPG","Tk 1,290,000",2003,"1,500 cc","55,523 km",23
Toyota Esquire Gi Hybrid Pearl070 2020,Toyota,Esquire,Automatic,Hybrid,"Tk 3,350,000",2020,"1,800 cc","117,000 km",6
Toyota Hiace Super GL DarkPrime 2 2021,Toyota,Hiace,Automatic,"Petrol, Octane","Tk 4,550,000",2021,"2,000 cc","34,755 km",5
Toyota Axio Ex Black Color Ready 2020,Toyota,Axio,Automatic,"Petrol, Octane","Tk 2,800,000",2020,"1,500 cc","49,155 km",6
Toyota Hiace Gl Dual AC 2020,Toyota,Hiace,Manual,Octane,"Tk 3,260,000",2020,"2,000 cc","77,852 km",6
Suzuki Ciaz PLUG IN HYBRID 2019,Suzuki,Ciaz,Automatic,"Hybrid, Octane","Tk 1,520,000",2019,"1,500 cc","78,800 km",7
Nissan X-Trail HARD JEEP 2010,Nissan,X-Trail,Automatic,Octane,"Tk 1,890,000",2010,"2,000 cc","71,425 km",16
Toyota Hiace Ambulance 2020,Toyota,Hiace,Automatic,Octane,"Tk 2,790,000",2020,"2,000 cc","73,655 km",6
Toyota Voxy SZ HYBRID 2025,Toyota,Voxy,Automatic,"Petrol, Hybrid, Octane","Tk 6,500,000",2025,"1,800 cc",9 km,1
Toyota Fielder Ex Nonhybrid Gp-4.00 2020,Toyota,Fielder,Automatic,"Petrol, Octane","Tk 2,800,000",2020,"1,500 cc","95,356 km",6
Toyota Fielder EX Non Hybrid 474km 2020,Toyota,Fielder,Automatic,"Petrol, Octane","Tk 2,750,000",2020,"1,500 cc","74,120 km",6
Toyota Harrier Z Leather pkg 2021,Toyota,Harrier,Automatic,Hybrid,"Tk 7,950,000",2021,"2,500 cc","75,484 km",5
Nissan Sunny 2003,Nissan,Sunny,Automatic,"Petrol, LPG","Tk 450,000",2024,"1,295 cc","216,000 km",2
"Honda Grace G Ltd, 2017",Honda,Grace,Automatic,"Hybrid, Octane","Tk 1,790,000",2017,"1,500 cc","77,000 km",9
Toyota Axio Non Hybrid 2020,Toyota,Axio,Automatic,Octane,"Tk 2,590,000",2020,"1,500 cc","90,000 km",6
Toyota Aqua S KEY START 2020,Toyota,Aqua,Automatic,"Petrol, Hybrid, Octane","Tk 1,900,000",2020,"1,500 cc","72,000 km",6
Toyota Corolla S 2020,Toyota,Corolla,Automatic,"Petrol, Hybrid, Octane","Tk 2,920,000",2020,"1,800 cc","80,000 km",6
Toyota Axio Hybrid EX 2020,Toyota,Axio,Automatic,"Petrol, Hybrid, Octane","Tk 2,150,000",2020,"1,500 cc","58,432 km",6
Honda Fit HYBRID 2020,Honda,Fit,Automatic,"Petrol, Hybrid, Octane","Tk 2,050,000",2020,"1,500 cc","58,948 km",6
Toyota Corolla Cross hybrid 2021,Toyota,Corolla Cross,Automatic,"Petrol, Hybrid, Octane","Tk 3,850,000",2021,"1,800 cc","54,786 km",5
Toyota Premio push start 2015,Toyota,Premio,Automatic,Octane,"Tk 2,630,000",2015,"1,500 cc","58,000 km",11
Toyota Premio silver 2004,Toyota,Premio,Automatic,"CNG, LPG","Tk 1,350,000",2004,"1,500 cc","90,000 km",22
Toyota Axio black 2013,Toyota,Axio,Automatic,Octane,"Tk 1,650,000",2013,"1,500 cc","85,000 km",13
Toyota Allion silver 2004,Toyota,Allion,Automatic,"CNG, Octane","Tk 1,350,000",2004,"1,500 cc","98,000 km",22
Toyota Premio push start 2007,Toyota,Premio,Automatic,"CNG, Octane","Tk 1,700,000",2007,"1,500 cc","80,000 km",19
Toyota Voxy SZ Pearl R55k km 2022,Toyota,Voxy,Automatic,Hybrid,"Tk 4,680,000",2022,"1,800 cc","55,000 km",4
Toyota Noah SZ Black 4.530k km 2023,Toyota,Noah,Automatic,Hybrid,"Tk 5,580,000",2023,"1,800 cc","30,000 km",3
Toyota Voxy SZ HYBRID 2025,Toyota,Voxy,Automatic,"Petrol, Hybrid, Octane","Tk 6,500,000",2025,"1,800 cc",20 km,1
Toyota Corolla Cross Z LEATHER 2023,Toyota,Corolla Cross,Automatic,"Petrol, Hybrid, Octane","Tk 5,100,000",2023,"1,800 cc","17,000 km",3
Toyota Hiace GL 2020,Toyota,Hiace,Automatic,"Petrol, Octane","Tk 3,200,000",2020,"2,000 cc","75,420 km",6
Toyota Voxy SZ HYBRID 2023,Toyota,Voxy,Automatic,"Petrol, Hybrid, Octane","Tk 5,900,000",2023,"1,800 cc","19,000 km",3
Toyota Voxy ZS Kira Non-HV Mica 2020,Toyota,Voxy,Automatic,"Petrol, Octane","Tk 3,850,000",2020,"2,000 cc","90,120 km",6
Toyota Hiace DX DUAL AC READY 2020,Toyota,Hiace,Automatic,Octane,"Tk 3,220,000",2020,"2,000 cc","84,523 km",6
Toyota Noah WXB 2020,Toyota,Noah,Automatic,"Hybrid, Octane","Tk 3,750,000",2020,"1,800 cc","48,000 km",6
Honda CR-V EX MASTER BROWN INT 2020,Honda,CR-V,Automatic,Octane,"Tk 5,750,000",2020,"1,500 cc","49,863 km",6
Toyota Allion A15 2005,Toyota,Allion,Automatic,"CNG, Octane","Tk 1,395,000",2005,"1,500 cc","75,000 km",21
Toyota Fielder EX PUSH DHAKA REDAY 2020,Toyota,Fielder,Automatic,"Hybrid, Octane","Tk 2,480,000",2020,"1,500 cc","76,123 km",6
Toyota Axio EX -HYBRID 2020,Toyota,Axio,Automatic,"Hybrid, Octane","Tk 2,340,000",2020,"1,500 cc","67,152 km",6
Toyota Noah X SMART PUSH 2DPOWER 2020,Toyota,Noah,Automatic,Octane,"Tk 3,940,000",2020,"2,000 cc","68,524 km",6
Toyota Esquire GI 2019,Toyota,Esquire,Automatic,"Hybrid, Octane","Tk 3,600,000",2019,"1,800 cc","50,000 km",7
Toyota C-HR G-LED READY DHAKA 2020,Toyota,C-HR,Automatic,"Hybrid, Octane","Tk 3,450,000",2020,"1,800 cc","68,756 km",6
Toyota Prado TX-L 2019,Toyota,Prado,Automatic,"Petrol, Octane","Tk 14,200,000",2019,"2,700 cc","37,000 km",7
Toyota Axio Non Hybrid EX 3.5 AP 2020,Toyota,Axio,Automatic,"Petrol, Octane","Tk 2,850,000",2020,"1,500 cc","69,000 km",6
Toyota Prado TX-L 5 Grade. 2022,Toyota,Prado,Automatic,"Petrol, Octane","Tk 18,000,000",2022,"2,700 cc","27,000 km",4
Toyota Yaris Cross Hybrid Z Leather 4.5 2021,Toyota,Yaris Cross,Automatic,"Petrol, Hybrid, Octane","Tk 3,600,000",2021,"1,500 cc","60,000 km",5
Toyota Esquire Hybrid GI Premium 2020,Toyota,Esquire,Automatic,"Petrol, Hybrid, Octane","Tk 3,600,000",2020,"1,800 cc","85,000 km",6
Toyota Hiace SUPER GL 2021,Toyota,Hiace,Automatic,"Petrol, Octane","Tk 4,200,000",2021,"2,000 cc","57,748 km",5
Toyota Corolla Cross Z PKG-FULL LOAD-360- 2022,Toyota,Corolla Cross,Automatic,"Petrol, Hybrid, Octane","Tk 5,000,000",2022,"1,800 cc","51,469 km",4
Toyota Hiace Super Gl Dark Prime 2021,Toyota,Hiace,Automatic,"Petrol, Octane","Tk 4,500,000",2021,"2,000 cc","48,000 km",5
Toyota Hiace Super Gl Dark Prime 2021,Toyota,Hiace,Automatic,"Petrol, Octane","Tk 4,500,000",2021,"2,000 cc","72,000 km",5
Toyota Noah X 2020,Toyota,Noah,Automatic,Hybrid,"Tk 3,400,000",2020,"1,800 cc","52,000 km",6
Toyota Prius 4.5 A Pkg Ready 2020,Toyota,Prius,Automatic,Hybrid,"Tk 3,299,999",2020,"1,800 cc","40,545 km",6
Toyota Axio Ex 2020,Toyota,Axio,Automatic,Hybrid,"Tk 2,300,000",2020,"1,500 cc","62,000 km",6
Toyota Axio 2012,Toyota,Axio,Automatic,"CNG, Octane","Tk 1,620,000",2012,"1,500 cc","83,000 km",14
Toyota Esquire GIP-PKG 2020,Toyota,Esquire,Automatic,Octane,"Tk 4,950,000",2020,"1,980 cc","61,810 km",6
Toyota Noah SI-WXB PKG 2020,Toyota,Noah,Automatic,Octane,"Tk 4,800,000",2020,"1,980 cc","47,550 km",6
Toyota Esquire GI-PKG 2020,Toyota,Esquire,Automatic,"Hybrid, Octane","Tk 4,200,000",2020,"1,790 cc","76,948 km",6
Toyota Noah X PKG NON HYB 2020,Toyota,Noah,Automatic,Octane,"Tk 3,539,999",2020,"2,000 cc","110,000 km",6
Nissan X-Trail Super Fresh 2011,Nissan,X-Trail,Automatic,Octane,"Tk 1,880,000",2011,"2,000 cc","85,000 km",15
Toyota Noah GL KR 42standardroof 2004,Toyota,Noah,Automatic,"CNG, Octane","Tk 1,280,000",2004,"1,800 cc","88,000 km",22
Toyota Corolla GX HYBRID 2020,Toyota,Corolla,Manual,"Hybrid, Octane","Tk 2,600,000",2020,"1,800 cc","60,218 km",6
Toyota Axio EX PUSH SAFTY SENSE 2020,Toyota,Axio,Automatic,"Hybrid, Octane","Tk 2,560,000",2020,"1,500 cc","38,000 km",6
Toyota Axio EX PUSH SAFTY SENSE 2020,Toyota,Axio,Automatic,"Hybrid, Octane","Tk 2,540,000",2020,"1,500 cc","42,000 km",6
Toyota Axio EX PUSH SAFTY SENSE 2020,Toyota,Axio,Automatic,"Hybrid, Octane","Tk 2,380,000",2020,"1,500 cc","94,000 km",6
Toyota Axio Non Hybrid 2020 Ex,Toyota,Axio,Automatic,Octane,"Tk 2,620,000",2020,"1,500 cc","85,632 km",6
Toyota Axio Non Hybrid Ex 2020,Toyota,Axio,Automatic,Octane,"Tk 2,620,000",2020,"1,500 cc","86,000 km",6
Toyota Fielder Non Hybrid 2020,Toyota,Fielder,Automatic,Octane,"Tk 2,630,000",2020,"1,500 cc","84,230 km",6
Toyota Axio Hybrid Ex 2020,Toyota,Axio,Automatic,"Hybrid, Octane","Tk 2,190,000",2020,"1,500 cc","90,000 km",6
Toyota Noah WXB Hybrid 2020,Toyota,Noah,Automatic,"Hybrid, Octane","Tk 3,550,000",2020,"1,800 cc","73,000 km",6
Toyota Hiace SUPER GL DARK PRIME2 2022,Toyota,Hiace,Automatic,"Petrol, Octane","Tk 4,750,000",2022,"2,000 cc","17,549 km",4
Toyota Fielder Non Hybrid Ex 2020,Toyota,Fielder,Automatic,Octane,"Tk 2,600,000",2020,"1,500 cc","83,620 km",6
Toyota Axio EX HYBRID WHITE 2020,Toyota,Axio,Automatic,"Petrol, Octane","Tk 2,150,000",2020,"1,500 cc","99,000 km",6
Toyota Fielder EX HYBRID SILVER 2020,Toyota,Fielder,Automatic,"Petrol, Hybrid, Octane","Tk 2,150,000",2020,"1,500 cc","63,000 km",6
Toyota Fielder Hybrid Ex Push 2020,Toyota,Fielder,Automatic,Hybrid,"Tk 2,220,000",2020,"1,500 cc","85,270 km",6
Toyota Fielder EX Hybrid Ready 2020,Toyota,Fielder,Automatic,"Petrol, Hybrid, Octane","Tk 2,200,000",2020,"1,500 cc","41,265 km",6
Toyota Noah SI WXB 2 HYBRID 2020,Toyota,Noah,Automatic,"Petrol, Hybrid, Octane","Tk 3,600,000",2020,"1,800 cc","64,000 km",6
Toyota Prius S TOURNG BDY KIT 4 P 2018,Toyota,Prius,Automatic,"Petrol, Hybrid, Octane","Tk 2,750,000",2018,"1,500 cc","114,000 km",8
Toyota Premio F L PKG 2021,Toyota,Premio,Automatic,Octane,"Tk 4,400,000",2021,"1,490 cc","33,305 km",5
Toyota Yaris Cross Z Leather Fixed PR 2021,Toyota,Yaris Cross,Automatic,"Petrol, Hybrid, Octane","Tk 3,350,000",2021,"1,500 cc","29,000 km",5
Toyota Hiace Super GL full pad 2018,Toyota,Hiace,Automatic,"Diesel, CNG","Tk 3,500,000",2018,"2,000 cc","150,000 km",8
Toyota Prado TXL Pearl 526300 km 2022,Toyota,Prado,Automatic,Petrol,"Tk 17,000,000",2022,"2,700 cc","26,300 km",4
Toyota Fielder Hybrid 4 point 2020,Toyota,Fielder,Automatic,Hybrid,"Tk 2,320,000",2020,"1,500 cc","88,250 km",6
Toyota Fielder Hybrid Ex Package 2020,Toyota,Fielder,Automatic,Hybrid,"Tk 2,200,000",2020,"1,500 cc","80,742 km",6
Toyota Hiace DUAL AC 2020,Toyota,Hiace,Automatic,"Petrol, Octane","Tk 3,400,000",2020,"2,000 cc","47,100 km",6
Toyota Voxy Zs Kiramki NonHybrid 2020,Toyota,Voxy,Automatic,"Petrol, Octane","Tk 3,760,000",2020,"2,000 cc","86,259 km",6
Toyota Noah new shape 2022,Toyota,Noah,Automatic,"Petrol, Hybrid, Octane","Tk 3,950,000",2022,"1,800 cc","46,510 km",4
Toyota C-HR G-LED 2017,Toyota,C-HR,Automatic,Hybrid,"Tk 2,376,000",2017,"1,800 cc","67,440 km",9
Toyota Corolla Cross Z leather Upcoming 2023,Toyota,Corolla Cross,Automatic,"Hybrid, Octane","Tk 4,690,000",2023,"1,800 cc","19,000 km",3
Toyota Noah X 2020,Toyota,Noah,Automatic,Octane,"Tk 3,980,000",2020,"1,800 cc","36,586 km",6
Toyota Fielder EX HYBRID DHAKAREADY 2020,Toyota,Fielder,Automatic,Octane,"Tk 2,690,000",2020,"1,500 cc","71,256 km",6
Honda CR-V EX MASTER BROWN INT 2020,Honda,CR-V,Automatic,Octane,"Tk 5,750,000",2020,"1,500 cc","49,875 km",6
Toyota Hiace GL DUAL AC READY 2020,Toyota,Hiace,Automatic,Octane,"Tk 3,270,000",2020,"2,000 cc","78,596 km",6
Toyota Noah X Hybrid 2021,Toyota,Noah,Automatic,"Hybrid, Octane","Tk 3,580,000",2021,"1,800 cc","32,539 km",5
Toyota Hiace GL DUAL AC READY 2021,Toyota,Hiace,Automatic,Octane,"Tk 3,200,000",2021,"2,000 cc","42,156 km",5
Toyota Corolla X 2005,Toyota,Corolla,Automatic,"CNG, Octane","Tk 1,270,000",2005,"1,500 cc","85,000 km",21
Toyota Esquire Non HY GI Premium 4 2020,Toyota,Esquire,Automatic,"Petrol, Octane","Tk 4,600,000",2020,"2,000 cc","63,500 km",6
Toyota Corolla Cross Hybrid Z 4.5 Grade 2023,Toyota,Corolla Cross,Automatic,"Petrol, Hybrid, Octane","Tk 4,670,000",2023,"1,800 cc","31,000 km",3
Toyota Esquire Hybrid GI 2 Door PW 2020,Toyota,Esquire,Automatic,"Petrol, Hybrid, Octane","Tk 3,450,000",2020,"1,800 cc","86,000 km",6
Toyota Premio F-EX 2020,Toyota,Premio,Automatic,"Octane, LPG","Tk 4,600,000",2020,"1,500 cc","45,000 km",6
Toyota Prius S Touring Hybrid 2020,Toyota,Prius,Automatic,"Hybrid, Octane","Tk 3,150,000",2020,"1,800 cc","93,300 km",6
Toyota Hiace Super GL Dark Prime 2023,Toyota,Hiace,Automatic,Octane,"Tk 4,800,000",2023,"2,000 cc","38,150 km",3
Toyota Hiace Super GL 2022,Toyota,Hiace,Automatic,Octane,"Tk 4,300,000",2022,"2,000 cc","115,000 km",4
Honda CR-V Ex HV Sunroof 5S SUV 2020,Honda,CR-V,Automatic,"Petrol, Hybrid, Octane","Tk 5,550,000",2020,"1,500 cc","84,000 km",6
Toyota C-HR GR-SPORTS GP-4.5 2020,Toyota,C-HR,Automatic,"Petrol, Hybrid, Octane","Tk 3,800,000",2020,"1,800 cc","40,269 km",6
Toyota Voxy S-Z HYBRID 2023,Toyota,Voxy,Automatic,"Hybrid, Octane","Tk 5,100,000",2023,"1,800 cc","79,318 km",3
Toyota Prius A- Touring Selection 2020,Toyota,Prius,Automatic,"Petrol, Hybrid, Octane","Tk 3,300,000",2020,"1,800 cc","94,307 km",6
Toyota Hiace SUPER GL DHAKA READY 2020,Toyota,Hiace,Automatic,"Petrol, Octane","Tk 4,300,000",2020,"2,000 cc","77,013 km",6
Toyota Noah NON HYBRID X PKG... 2021,Toyota,Noah,Automatic,"Petrol, Octane","Tk 3,700,000",2021,"2,000 cc","67,748 km",5
Toyota Yaris Cross G HYBRID READY 2021,Toyota,Yaris Cross,Automatic,"Petrol, Hybrid, Octane","Tk 3,550,000",2021,"1,500 cc","35,005 km",5
Toyota Yaris Cross 360 cam ready dhaka 2021,Toyota,Yaris Cross,Automatic,"Hybrid, Octane","Tk 3,550,000",2021,"1,500 cc","39,013 km",5
Toyota Corolla G-X HYBRID 2020,Toyota,Corolla,Automatic,"Petrol, Hybrid, Octane","Tk 2,700,000",2020,"1,800 cc","57,748 km",6
Toyota Prius  -Rc  2018,Toyota,Prius,Automatic,"Petrol, Hybrid, Octane","Tk 3,170,000",2018,"1,800 cc","66,000 km",8
Toyota Esquire Xi Non hybrid Peral 2020,Toyota,Esquire,Automatic,"Petrol, Octane","Tk 4,170,000",2020,"2,000 cc","109,000 km",6
Toyota Esquire Gi Non hybrid Black 2020,Toyota,Esquire,Automatic,"Petrol, Octane","Tk 4,150,000",2020,"2,000 cc","96,000 km",6
Toyota Prado Petrol TXL Pkg Pearl 2021,Toyota,Prado,Automatic,Petrol,"Tk 16,600,000",2021,"2,700 cc","10,500 km",5
Toyota Hiace Super GL Key 4 Point 2021,Toyota,Hiace,Automatic,"Petrol, Octane","Tk 4,050,000",2021,"2,000 cc","90,120 km",5
Toyota Esquire Xi non hybrid peral 2020,Toyota,Esquire,Automatic,"Petrol, Octane","Tk 4,160,000",2020,"2,000 cc","118,000 km",6
Toyota Axio Non-Hybrid Octne 2015,Toyota,Axio,Automatic,Octane,"Tk 1,995,000",2015,"1,500 cc","63,044 km",11
Toyota Premio F L PKG 2020,Toyota,Premio,Automatic,Octane,"Tk 4,650,000",2020,"1,490 cc","43,105 km",6
Toyota Esquire NON HYBRID XI 2020,Toyota,Esquire,Automatic,Octane,"Tk 4,000,000",2020,"2,000 cc","132,876 km",6
Toyota Axio EX PUSH 2020,Toyota,Axio,Automatic,Hybrid,"Tk 2,350,000",2020,"1,500 cc","114,762 km",6
Toyota Axio EX PACKAGE HYBRID 2020,Toyota,Axio,Automatic,Hybrid,"Tk 2,350,000",2020,"1,500 cc","114,625 km",6
Toyota Aqua XREADYSHOWROOM 2021,Toyota,Aqua,Automatic,"Petrol, Hybrid, Octane","Tk 2,500,000",2021,"1,500 cc","81,000 km",5
Honda Insight EXBLACKSTYLE 2021,Honda,Insight,Automatic,"Petrol, Hybrid, Octane","Tk 3,900,000",2021,"1,500 cc","31,283 km",5
Toyota Yaris Cross Z LEATHER 360 CAMERA 2021,Toyota,Yaris Cross,Automatic,"Petrol, Hybrid, Octane","Tk 3,620,000",2021,"1,500 cc","77,000 km",5
Toyota Esquire GI PREMIUM HV-PKG 2020,Toyota,Esquire,Automatic,Hybrid,"Tk 3,850,000",2020,"1,800 cc","69,846 km",6
Toyota Esquire GI PREMIUM-HV-PKG 2020,Toyota,Esquire,Automatic,Hybrid,"Tk 3,850,000",2020,"1,800 cc","63,874 km",6
Toyota Hiace SUPER GL KEY STRAT 2020,Toyota,Hiace,Automatic,"Petrol, Octane","Tk 3,950,000",2020,"2,000 cc","45,035 km",6
Toyota Axio EX-PKG 2020,Toyota,Axio,Automatic,Hybrid,"Tk 2,350,000",2020,"1,500 cc","114,873 km",6
Toyota Voxy SZ PACKAGE-HYBRID 2022,Toyota,Voxy,Automatic,Hybrid,"Tk 4,750,000",2022,"1,800 cc","55,873 km",4
Toyota Yaris Cross Z PKG 4 CAMERA 2020,Toyota,Yaris Cross,Automatic,"Petrol, Hybrid, Octane","Tk 3,450,000",2020,"1,500 cc","68,000 km",6
Toyota Crown  ADVANCE 2022,Toyota,Crown,Automatic,"Petrol, Hybrid, Octane","Tk 12,500,000",2022,"2,500 cc","18,000 km",4
Toyota Prius S TOURING 2019,Toyota,Prius,Automatic,Hybrid,"Tk 3,150,000",2019,"1,800 cc","97,763 km",7
Toyota Corolla Cross Z PACKAGE PANORAMIC 2022,Toyota,Corolla Cross,Automatic,Hybrid,"Tk 4,950,000",2022,"1,800 cc","36,874 km",4
Toyota Premio F-EX READY SHOWROOM 2021,Toyota,Premio,Automatic,"Petrol, Octane","Tk 4,800,000",2021,"1,500 cc","36,081 km",5
Lexus RX 350H READY SHOWROOM 2023,Lexus,RX,Automatic,"Petrol, Octane","Tk 16,000,000",2023,"2,500 cc","14,600 km",3
Toyota Prius  f STOCK 2020,Toyota,Prius,Automatic,"Petrol, Hybrid, Octane","Tk 2,950,000",2020,"1,800 cc","54,000 km",6
Toyota Noah .1 2020,Toyota,Noah,Automatic,"Petrol, Octane","Tk 6,970,000",2020,"2,000 cc","77,000 km",6
Toyota Fielder EX PUSH START HV 2020,Toyota,Fielder,Automatic,Hybrid,"Tk 2,380,000",2020,"1,500 cc","88,321 km",6
Toyota Axio PUSH HV EX PKG 2020,Toyota,Axio,Automatic,Hybrid,"Tk 2,390,000",2020,"1,500 cc","104,321 km",6
Honda Insight PUSH HYBRID LX 2021,Honda,Insight,Automatic,Hybrid,"Tk 3,650,000",2021,"1,500 cc","123,287 km",5
Toyota Axio EX PUSH NON-HV 2020,Toyota,Axio,Automatic,Electric,"Tk 2,620,000",2020,"1,500 cc","225,438 km",6
Toyota Axio EX READY SHOWROOM 2020,Toyota,Axio,Automatic,"Petrol, Hybrid, Octane","Tk 2,350,000",2020,"1,500 cc","35,946 km",6
Toyota Prius A TOURING SELECTION 2020,Toyota,Prius,Automatic,"Petrol, Hybrid, Octane","Tk 3,400,000",2020,"1,800 cc","51,793 km",6
Honda Vezel HYBRID 2021,Honda,Vezel,Automatic,"Petrol, Hybrid, Octane, Other fuel type","Tk 3,800,000",2021,"1,500 cc","50,000 km",5
Toyota RAV4 HYBRID 2020,Toyota,RAV4,Automatic,"Petrol, Hybrid, Octane, Other fuel type","Tk 5,100,000",2020,"2,500 cc","90,000 km",6
Toyota Allion G Package 2021,Toyota,Allion,Automatic,Octane,"Tk 3,800,000",2021,"1,500 cc","45,210 km",5
Toyota Axio Hybrid EX 2020,Toyota,Axio,Automatic,"Petrol, Hybrid, Octane","Tk 2,250,000",2020,"1,500 cc","78,000 km",6
Toyota Axio HYBRID 2020,Toyota,Axio,Automatic,Hybrid,"Tk 2,150,000",2020,"1,500 cc","65,412 km",6
Toyota Fielder NON HYBRID 2020,Toyota,Fielder,Automatic,Octane,"Tk 2,600,000",2020,"1,500 cc","45,446 km",6
Mazda MX-5 2022,Mazda,MX-5,Automatic,Octane,"Tk 4,000,000",2022,"1,500 cc","15,120 km",4
Toyota Aqua Hybrid S 2020,Toyota,Aqua,Automatic,"Petrol, Hybrid, Octane","Tk 1,700,000",2020,"1,500 cc","57,978 km",6
Toyota Voxy HYBRID 2020,Toyota,Voxy,Automatic,Hybrid,"Tk 2,800,000",2020,"1,800 cc","69,578 km",6
Toyota Corolla Hybrid GX PLUS 2021,Toyota,Corolla,Automatic,Hybrid,"Tk 2,450,000",2021,"1,800 cc","48,562 km",5
Toyota Noah X 2020,Toyota,Noah,Automatic,Octane,"Tk 3,450,000",2020,"2,000 cc","65,202 km",6
Honda Vezel Hybrid 2021,Honda,Vezel,Automatic,Hybrid,"Tk 3,950,000",2021,"1,500 cc","15,422 km",5
Toyota Axio Fielder Hybrid EX 2021,Toyota,Axio,Automatic,Hybrid,"Tk 2,150,000",2021,"1,500 cc","54,530 km",5
Toyota Esquire Gi Premium 2020,Toyota,Esquire,Automatic,Octane,"Tk 3,850,000",2020,"2,000 cc","54,160 km",6
Toyota Fielder Hybrid EX 2020,Toyota,Fielder,Automatic,Hybrid,"Tk 2,150,000",2020,"1,500 cc","62,556 km",6
Toyota Noah Hybrid X 2020,Toyota,Noah,Automatic,Hybrid,"Tk 2,950,000",2020,"1,800 cc","54,132 km",6
Toyota Esquire Hybrid 2021,Toyota,Esquire,Automatic,Hybrid,"Tk 3,850,000",2021,"1,800 cc","48,416 km",5
Toyota Axio Hybrid EX 2020,Toyota,Axio,Automatic,Hybrid,"Tk 2,150,000",2020,"1,500 cc","65,485 km",6
Toyota C-HR Hybrid 2021,Toyota,C-HR,Automatic,Hybrid,"Tk 3,450,000",2021,"1,800 cc","45,852 km",5
Toyota Corolla Hybrid GX 2021,Toyota,Corolla,Automatic,Hybrid,"Tk 2,450,000",2021,"1,800 cc","45,232 km",5
Toyota RAV4 Hybrid 2020,Toyota,RAV4,Automatic,Hybrid,"Tk 5,550,000",2020,"2,500 cc","22,552 km",6
Toyota Noah X Push Start Bronze 2020,Toyota,Noah,Automatic,"Petrol, Hybrid, Octane","Tk 3,100,000",2020,"1,800 cc","132,002 km",6
Toyota Noah X 2 Door Power 2020,Toyota,Noah,Automatic,"Petrol, Hybrid, Octane","Tk 3,150,000",2020,"1,800 cc","163,002 km",6
Toyota Yaris Cross Z-LEATHER BODY KIT 2021,Toyota,Yaris Cross,Automatic,"Petrol, Hybrid, Octane","Tk 3,870,000",2021,"1,500 cc","31,856 km",5
Toyota Allion push start 2014,Toyota,Allion,Automatic,Octane,"Tk 2,520,000",2014,"1,500 cc","75,000 km",12
Toyota Hiace GL BLACK DUAL AC 2021,Toyota,Hiace,Automatic,"Petrol, Octane","Tk 3,450,000",2021,"2,000 cc","69,350 km",5
Toyota Axio EX HYBRID WHITE AP-4 2020,Toyota,Axio,Automatic,Hybrid,"Tk 2,250,000",2020,"1,500 cc","88,360 km",6
Toyota Noah X SMART PUSH WHITE 2020,Toyota,Noah,Automatic,"Petrol, Octane","Tk 3,680,000",2020,"2,000 cc","91,370 km",6
Toyota Premio F-EX PEARL AP 4.5 2021,Toyota,Premio,Automatic,Petrol,"Tk 4,850,000",2021,"1,500 cc","29,340 km",5
Toyota Noah X SMART PUSH BROWN 2021,Toyota,Noah,Automatic,Petrol,"Tk 3,770,000",2021,"2,000 cc","68,170 km",5
Toyota Hiace DX WHITE DUAL AC 2021,Toyota,Hiace,Automatic,Petrol,"Tk 3,280,000",2021,"2,000 cc","73,580 km",5
Toyota Noah Non Hybrid X Pearl 2021,Toyota,Noah,Automatic,Petrol,"Tk 3,790,000",2021,"2,000 cc","148,000 km",5
Toyota Hiace ORIGINAL GL DUAL AC 2020,Toyota,Hiace,Automatic,"Petrol, Octane","Tk 3,450,000",2020,"2,000 cc","47,100 km",6
Toyota Noah 2 Power Door Hybrid 2020,Toyota,Noah,Automatic,Hybrid,"Tk 3,300,000",2020,"1,800 cc","78,250 km",6
Toyota Harrier NON-HY-Z LEATHER-4.5 2020,Toyota,Harrier,Automatic,"Petrol, Octane","Tk 7,850,000",2020,"2,000 cc","19,000 km",6
Toyota Aqua japan 2017,Toyota,Aqua,Automatic,"Hybrid, Octane","Tk 1,595,000",2017,"1,500 cc","125,000 km",9
Toyota Axio X Non Hybrid 2015,Toyota,Axio,Automatic,Octane,"Tk 2,020,000",2015,"1,500 cc","70,767 km",11
Toyota Corolla GX-PKG 2020,Toyota,Corolla,Automatic,"Hybrid, Octane","Tk 3,150,000",2020,"1,790 cc","49,148 km",6
Toyota Noah SI WXB NON HYB 2020,Toyota,Noah,Automatic,Octane,"Tk 4,250,000",2020,"2,000 cc","56,000 km",6
Honda Insight EX PACKAGE 2021,Honda,Insight,Automatic,"Hybrid, Octane","Tk 4,700,000",2021,"1,490 cc","25,622 km",5
Toyota Corolla Cross Z Pearl 4 Point 2022,Toyota,Corolla Cross,Automatic,Hybrid,"Tk 4,440,000",2022,"1,800 cc","58,600 km",4
Toyota Harrier Petrol Black Z Pkg 2023,Toyota,Harrier,Automatic,Petrol,"Tk 10,150,000",2023,"2,000 cc","12,800 km",3
Toyota Harrier Petrol Z Pkg Black 2020,Toyota,Harrier,Automatic,Petrol,"Tk 8,180,000",2020,"2,000 cc","44,600 km",6
Toyota Corolla Cross Z Black 526400 km 2024,Toyota,Corolla Cross,Automatic,Hybrid,"Tk 5,600,000",2024,"1,800 cc","26,400 km",2
Toyota Sienta G Blue 3.5115k km 2020,Toyota,Sienta,Automatic,Hybrid,"Tk 2,680,000",2020,"1,500 cc","115,000 km",6
Toyota Corolla S White 4.598k km 2020,Toyota,Corolla,Automatic,Hybrid,"Tk 2,890,000",2020,"1,800 cc","98,000 km",6
Lexus NX 300H Version L Wine 2020,Lexus,NX,Automatic,Hybrid,"Tk 8,700,000",2020,"2,500 cc","33,600 km",6
Toyota Noah SIWXB Pkg Mica Blue 2020,Toyota,Noah,Automatic,Petrol,"Tk 4,650,000",2020,"2,000 cc","42,400 km",6
Toyota Hiace GL Black Dual AC 2020,Toyota,Hiace,Automatic,Petrol,"Tk 3,790,000",2020,"2,000 cc","52,000 km",6
Honda CR-V EX Masterpeice Black 2021,Honda,CR-V,Automatic,Petrol,"Tk 6,100,000",2021,"1,500 cc","21,000 km",5
Toyota Harrier Premium Pkg Black 2020,Toyota,Harrier,Automatic,Petrol,"Tk 7,220,000",2020,"2,000 cc","46,000 km",6
Toyota Noah X Pearl RA163000 km 2020,Toyota,Noah,Automatic,Hybrid,"Tk 3,200,000",2020,"1,800 cc","163,000 km",6
Toyota Fielder EX White 459700 km 2020,Toyota,Fielder,Automatic,Petrol,"Tk 2,850,000",2020,"1,500 cc","59,700 km",6
Toyota Corolla S White 4.563000 km 2020,Toyota,Corolla,Automatic,Hybrid,"Tk 2,890,000",2020,"1,800 cc","63,000 km",6
Toyota Esquire GI Black 4136k km 2020,Toyota,Esquire,Automatic,Hybrid,"Tk 3,650,000",2020,"1,800 cc","136,000 km",6
Toyota Hiace Super GL Dark Prime2 2022,Toyota,Hiace,Automatic,Petrol,"Tk 4,950,000",2022,"2,000 cc","2,300 km",4
Toyota Esquire GI Pearl R49k km 2021,Toyota,Esquire,Automatic,Petrol,"Tk 4,590,000",2021,"2,000 cc","49,600 km",5
Toyota Hiace SuperGL Black3.548k 2021,Toyota,Hiace,Automatic,Petrol,"Tk 4,890,000",2021,"2,000 cc","48,700 km",5
Toyota Fielder EX Silver 3.5213k 2020,Toyota,Fielder,Automatic,Petrol,"Tk 2,650,000",2020,"1,500 cc","213,000 km",6
Toyota Harrier Petrol Pearl Z Pkg 2020,Toyota,Harrier,Automatic,Petrol,"Tk 8,080,000",2020,"2,000 cc","50,000 km",6
Toyota Corolla Cross Z Black 5 Point 2024,Toyota,Corolla Cross,Automatic,Hybrid,"Tk 5,400,000",2024,"1,800 cc","7,700 km",2
Toyota Premio F-EX SILVER P-4.5 2021,Toyota,Premio,Automatic,"Petrol, Octane","Tk 4,550,000",2021,"1,500 cc","34,000 km",5
Toyota Harrier Petrol Z Pkg Black 2020,Toyota,Harrier,Automatic,Petrol,"Tk 8,050,000",2020,"2,000 cc","34,000 km",6
Honda Insight EX PKG 2021,Honda,Insight,Automatic,"Petrol, Hybrid, Octane","Tk 3,950,000",2021,"1,500 cc","100,000 km",5
Toyota Fielder EX PKG 2020,Toyota,Fielder,Automatic,"Petrol, Hybrid, Octane","Tk 2,350,000",2020,"1,500 cc","78,012 km",6
Toyota Hiace GL Dual Ac Ambulance 2021,Toyota,Hiace,Automatic,"Petrol, Octane","Tk 3,350,000",2021,"2,000 cc","64,000 km",5
Toyota Hiace SUPER GL SILVER KEY 2016,Toyota,Hiace,Automatic,Diesel,"Tk 2,250,000",2016,"3,000 cc","61,000 km",10
Toyota Axio EX PKG 2020,Toyota,Axio,Automatic,"Petrol, Hybrid, Octane","Tk 2,050,000",2020,"1,500 cc","98,520 km",6
Toyota Hiace Super GL 2021 PEARL,Toyota,Hiace,Automatic,"Petrol, Octane","Tk 4,300,000",2021,"2,000 cc","68,000 km",5
Toyota Axio EX Non Hybrid OFFER 2020,Toyota,Axio,Automatic,"Petrol, Octane","Tk 2,850,000",2020,"1,500 cc","68,000 km",6
Toyota Esquire GI PREMIUM 2020,Toyota,Esquire,Automatic,"Petrol, Hybrid, Octane","Tk 4,100,000",2020,"1,800 cc","54,210 km",6
Toyota Hiace DX SINGLE AC WHITE 2020,Toyota,Hiace,Automatic,"Petrol, Octane","Tk 2,800,000",2020,"2,000 cc","92,000 km",6
Toyota Premio FL  Point- 5  2019,Toyota,Premio,Automatic,"Petrol, Octane","Tk 3,750,000",2019,"1,500 cc","25,136 km",7
Toyota Hiace SUPER GL DARK PRIME 2020,Toyota,Hiace,Automatic,"Petrol, Octane","Tk 4,150,000",2020,"2,000 cc","90,000 km",6
Toyota Prius S-Touring Selection 2020,Toyota,Prius,Automatic,"Petrol, Hybrid, Octane","Tk 3,300,000",2020,"1,800 cc","45,210 km",6
Toyota Fielder EX Non Hybrid OFFER 2020,Toyota,Fielder,Automatic,"Petrol, Hybrid, Octane","Tk 2,800,000",2020,"1,500 cc","42,000 km",6
Toyota Prius S Hybrid 2020,Toyota,Prius,Automatic,"Petrol, Hybrid, Octane","Tk 2,900,000",2020,"1,800 cc","48,570 km",6
Toyota Axio EX HYBRID SILVER 2020,Toyota,Axio,Automatic,"Petrol, Hybrid, Octane","Tk 2,350,000",2020,"1,500 cc","35,000 km",6
Toyota Hiace GL AMBULANCE 2020,Toyota,Hiace,Automatic,"Petrol, Octane","Tk 2,900,000",2020,"2,000 cc","86,521 km",6
Toyota Premio FL LED 2020,Toyota,Premio,Automatic,"Petrol, Octane","Tk 4,350,000",2020,"1,500 cc","31,750 km",6
Toyota Axio EX 2020,Toyota,Axio,Automatic,"Petrol, Hybrid, Octane","Tk 2,250,000",2020,"1,500 cc","100,225 km",6
Toyota Prius S HYBRID PEARL 2018,Toyota,Prius,Automatic,"Petrol, Hybrid, Octane","Tk 2,550,000",2018,"1,800 cc","85,000 km",8
Toyota Corolla Cross Z LEATHER HYBRID 2022,Toyota,Corolla Cross,Automatic,"Petrol, Hybrid, Octane","Tk 4,450,000",2022,"1,800 cc","70,000 km",4
Toyota C-HR GR Sports 4.5 2020,Toyota,C-HR,Automatic,"Petrol, Hybrid, Octane","Tk 3,720,000",2020,"1,800 cc","56,000 km",6
Toyota Voxy HYBRID ZS KIRAMEKI-3 2021,Toyota,Voxy,Automatic,"Petrol, Hybrid, Octane","Tk 3,550,000",2021,"1,800 cc","53,000 km",5
Toyota Corolla Cross Z LEATHER 2022,Toyota,Corolla Cross,Automatic,Hybrid,"Tk 4,460,000",2022,"1,800 cc","54,289 km",4
Toyota Hiace Original GL 2020,Toyota,Hiace,Automatic,"Petrol, Octane","Tk 3,520,000",2020,"2,000 cc","89,352 km",6
Toyota Noah Hybrid 2 Door power 2020,Toyota,Noah,Automatic,Hybrid,"Tk 3,300,000",2020,"1,800 cc","81,461 km",6
Toyota Voxy Nonhybrid 2Door Powr 2020,Toyota,Voxy,Automatic,"Petrol, Octane","Tk 3,700,000",2020,"2,000 cc","86,390 km",6
Toyota Hiace GL 2020,Toyota,Hiace,Automatic,"Petrol, Octane","Tk 3,400,000",2020,"2,000 cc","74,100 km",6
Toyota Noah Non hybrid 2020,Toyota,Noah,Automatic,"Petrol, Octane","Tk 3,450,000",2020,"2,000 cc","83,601 km",6
Toyota Fielder Non hybrid Ex push 2020,Toyota,Fielder,Automatic,"Petrol, Octane","Tk 2,600,000",2020,"1,500 cc","81,603 km",6
Toyota Axio Non hybrid Ex push 2020,Toyota,Axio,Automatic,"Petrol, Octane","Tk 2,590,000",2020,"1,500 cc","70,254 km",6
Toyota Fielder Non hybrid Ex push 2020,Toyota,Fielder,Automatic,"Petrol, Octane","Tk 2,600,000",2020,"1,500 cc","70,351 km",6
Toyota Esquire Gi package Hybrid 2020,Toyota,Esquire,Automatic,Hybrid,"Tk 3,520,000",2020,"1,800 cc","89,462 km",6
Toyota Hiace SUPER GL 2020,Toyota,Hiace,Automatic,"Petrol, Octane","Tk 4,030,000",2020,"2,000 cc","64,289 km",6
Toyota Hiace Gl Dual AC key 3.5pt 2020,Toyota,Hiace,Automatic,"Octane, Other fuel type","Tk 3,350,000",2020,"2,000 cc","75,691 km",6
Toyota Aqua S style package 2020,Toyota,Aqua,Automatic,Hybrid,"Tk 2,050,000",2020,"1,500 cc","81,570 km",6
Toyota Voxy Zs Kirameki Hybrid 2020,Toyota,Voxy,Automatic,Hybrid,"Tk 3,400,000",2020,"1,800 cc","79,241 km",6
Toyota Esquire Gi package Hybrid 2020,Toyota,Esquire,Automatic,Hybrid,"Tk 3,700,000",2020,"1,800 cc","70,824 km",6
Toyota Esquire Gi Prm Hyb 2Dpwr 2020,Toyota,Esquire,Automatic,"Hybrid, Octane","Tk 3,850,000",2020,"1,800 cc","60,236 km",6
Toyota Esquire Gi Prm Hyb 2Dpwr 4pt 2020,Toyota,Esquire,Automatic,"Hybrid, Octane","Tk 3,850,000",2020,"1,800 cc","80,236 km",6
Toyota Axio Non hybrid Ex push 2020,Toyota,Axio,Automatic,"Petrol, Octane","Tk 2,600,000",2020,"1,500 cc","88,250 km",6
Toyota Axio Ex pkg hyb push 4pt 2020,Toyota,Axio,Automatic,"Hybrid, Octane","Tk 2,430,000",2020,"1,500 cc","80,126 km",6
Toyota Fielder Ex pkg hyb push 4pt 2020,Toyota,Fielder,Automatic,"Hybrid, Octane","Tk 2,330,000",2020,"1,500 cc","90,632 km",6
Toyota Corolla Cross Z leather hyb 4.5pt 2022,Toyota,Corolla Cross,Automatic,"Hybrid, Octane","Tk 4,750,000",2022,"1,800 cc","46,213 km",4
Toyota Hiace Org Gl heater 2Ac 4p 2020,Toyota,Hiace,Automatic,"Octane, Other fuel type","Tk 3,600,000",2020,"2,000 cc","64,213 km",6
Toyota Fielder Ex Octen push 3.5pt 2020,Toyota,Fielder,Automatic,"Octane, Other fuel type","Tk 2,650,000",2020,"1,500 cc","97,823 km",6
Toyota Prius S Touring Hyb 4point 2018,Toyota,Prius,Automatic,"Hybrid, Octane","Tk 2,900,000",2018,"1,800 cc","91,389 km",8
Toyota Noah Non Hyb key 2DP 3.5p 2019,Toyota,Noah,Automatic,"Octane, Other fuel type","Tk 3,430,000",2019,"2,000 cc","63,269 km",7
Toyota Noah Non Hyb 1Dpwr 4pt 2020,Toyota,Noah,Automatic,"Octane, Other fuel type","Tk 3,520,000",2020,"2,000 cc","68,123 km",6
Toyota Corolla Cross Z Leather 4.5 Grade 2022,Toyota,Corolla Cross,Automatic,Hybrid,"Tk 4,750,000",2022,"1,800 cc","46,981 km",4
Toyota Axio NON HYBRID- 4 POINT 2020,Toyota,Axio,Automatic,"Petrol, Octane","Tk 2,730,000",2020,"1,500 cc","74,902 km",6
Toyota Fielder Hybrid Ex Package 2020,Toyota,Fielder,Automatic,Hybrid,"Tk 2,350,000",2020,"1,500 cc","84,245 km",6
Toyota Fielder NON HYBRID 3.5 POINT 2020,Toyota,Fielder,Automatic,"Petrol, Octane","Tk 2,670,000",2020,"1,500 cc","84,180 km",6
Toyota Hiace GL Dual AC 2021,Toyota,Hiace,Automatic,Octane,"Tk 3,380,000",2021,"2,000 cc","49,685 km",5
Toyota Corolla Cross Z LEATHER 2023,Toyota,Corolla Cross,Automatic,"Hybrid, Octane","Tk 4,750,000",2023,"1,800 cc","47,000 km",3
Toyota Hiace DX 2021,Toyota,Hiace,Automatic,Octane,"Tk 3,300,000",2021,"2,000 cc","43,658 km",5
Toyota Noah XI NON HYB PUSHREADY 2020,Toyota,Noah,Automatic,Octane,"Tk 3,980,000",2020,"2,000 cc","73,652 km",6
Toyota Premio FL LED 4.5 Grade 2020,Toyota,Premio,Automatic,"Petrol, Octane","Tk 4,260,000",2020,"1,500 cc","43,000 km",6
Toyota Corolla Gx Pkg Hybrid GP-4.0 2021,Toyota,Corolla,Automatic,"Petrol, Hybrid, Octane","Tk 3,050,000",2021,"1,800 cc","70,400 km",5
Toyota Aqua L KEY START 2020,Toyota,Aqua,Automatic,"Petrol, Hybrid, Octane","Tk 1,750,000",2020,"1,500 cc","75,000 km",6
Toyota Alphard EXECUTIVE LOUNGE HY 2020,Toyota,Alphard,Automatic,"Hybrid, Octane","Tk 8,900,000",2020,"2,500 cc","25,000 km",6
Toyota Fielder Ex Nonhybrid Gp-4.00 2020,Toyota,Fielder,Automatic,"Petrol, Octane","Tk 2,700,000",2020,"1,500 cc","62,018 km",6
Toyota RAV4 Hybrid 2020,Toyota,RAV4,Automatic,"Hybrid, Octane","Tk 6,300,000",2020,"2,500 cc","67,588 km",6
Toyota Prado TX 2012,Toyota,Prado,Automatic,Octane,"Tk 6,890,000",2012,"2,700 cc","75,000 km",14
Toyota Corolla G Addition 2004,Toyota,Corolla,Automatic,"CNG, Octane","Tk 1,245,000",2004,"1,500 cc","89,000 km",22
"Toyota Noah SI WXB, NON HYBRID 2020",Toyota,Noah,Automatic,"Petrol, Octane","Tk 4,250,000",2020,"1,800 cc","38,452 km",6
Toyota Crown New Shape. 2020,Toyota,Crown,Automatic,"Hybrid, Octane","Tk 7,300,000",2020,"2,500 cc","42,851 km",6
Nissan X-Trail EMERGENCY BRAKE PKG 2020,Nissan,X-Trail,Automatic,"Petrol, Hybrid, Octane","Tk 3,850,000",2020,"2,000 cc","57,448 km",6
Toyota Yaris Cross Pearl 2020,Toyota,Yaris Cross,Automatic,"Hybrid, Octane","Tk 3,450,000",2020,"1,500 cc","45,726 km",6
Toyota Corolla Dhaka Ready 2020,Toyota,Corolla,Automatic,"Hybrid, Octane","Tk 2,700,000",2020,"1,800 cc","48,521 km",6
Toyota Crown RS ADVANCE CROSSOVER 2022,Toyota,Crown,Automatic,"Hybrid, Octane","Tk 12,000,000",2022,"2,400 cc","14,550 km",4
Toyota Voxy ZS KIRAMEKI  2021,Toyota,Voxy,Automatic,"Hybrid, Octane","Tk 3,500,000",2021,"1,800 cc","42,512 km",5
Toyota Corolla Cross NEW SHAPE READY CAR 2025,Toyota,Corolla Cross,Automatic,"Hybrid, Octane","Tk 6,300,000",2025,"1,800 cc",5 km,1
Lexus RX 500h F SPORTS 2023,Lexus,RX,Automatic,"Hybrid, Octane","Tk 20,500,000",2023,"2,400 cc","1,320 km",3
Toyota Corolla Touring 2020,Toyota,Corolla,Automatic,"Hybrid, Octane","Tk 2,800,000",2020,"1,800 cc","52,412 km",6
Toyota C-HR G LED NEW S.READY 2020,Toyota,C-HR,Automatic,"Hybrid, Octane","Tk 3,500,000",2020,"1,800 cc","50,246 km",6
"Toyota Esquire GI PREMIUM, HYBRID 2020",Toyota,Esquire,Automatic,Hybrid,"Tk 3,950,000",2020,"1,800 cc","56,080 km",6
Honda Insight LX PKG 2021,Honda,Insight,Automatic,"Hybrid, Octane","Tk 4,200,000",2021,"1,490 cc","89,425 km",5
Toyota Noah S-Z PKG 2023,Toyota,Noah,Automatic,"Hybrid, Octane","Tk 5,850,000",2023,"1,790 cc","18,742 km",3
Toyota Noah sz package 2023,Toyota,Noah,Automatic,"Hybrid, Octane","Tk 5,850,000",2023,"1,790 cc","18,752 km",3
Toyota Harrier ZLP-PKG 2020,Toyota,Harrier,Automatic,Octane,"Tk 8,350,000",2020,"1,980 cc","48,078 km",6
Toyota Corolla GX-PKG 2020,Toyota,Corolla,Automatic,"Hybrid, Octane","Tk 3,100,000",2020,"1,790 cc","76,647 km",6
Toyota Corolla Cross z-pkg 2025,Toyota,Corolla Cross,Automatic,"Hybrid, Octane","Tk 6,600,000",2025,"1,790 cc",22 km,1
Toyota Corolla Cross z-pkg 2025,Toyota,Corolla Cross,Automatic,"Hybrid, Octane","Tk 6,700,000",2025,"1,790 cc",15 km,1
Toyota Harrier ZLP-PKG 2020,Toyota,Harrier,Automatic,Octane,"Tk 8,400,000",2020,"1,980 cc","58,000 km",6
Toyota Noah G-PKG 2021,Toyota,Noah,Automatic,"Hybrid, Octane","Tk 4,050,000",2021,"1,790 cc","51,783 km",5
Toyota Harrier ZLP Package 2021,Toyota,Harrier,Automatic,Octane,"Tk 8,900,000",2021,"1,980 cc","36,620 km",5
Toyota Premio F Package 2020,Toyota,Premio,Automatic,Octane,"Tk 4,100,000",2020,"1,490 cc","70,419 km",6
Toyota Fielder EX-PKG 2020,Toyota,Fielder,Automatic,Octane,"Tk 3,075,000",2020,"1,490 cc","60,941 km",6
Toyota Esquire GIP-PKG 2020,Toyota,Esquire,Automatic,"Hybrid, Octane","Tk 4,200,000",2020,"1,490 cc","76,422 km",6
Toyota Esquire . 2019,Toyota,Esquire,Automatic,Hybrid,"Tk 17,000,000",2019,"2,000 cc","110,000 km",7
Toyota Fielder EX-PKG 2020,Toyota,Fielder,Automatic,Octane,"Tk 3,100,000",2020,"1,490 cc","89,250 km",6
Toyota Noah S-G PKG 2022,Toyota,Noah,Automatic,"Hybrid, Octane","Tk 5,300,000",2022,"1,790 cc","34,291 km",4
Toyota Noah X HYB PUSH 2DR POWER 2020,Toyota,Noah,Automatic,Octane,"Tk 3,720,000",2020,"2,000 cc","137,000 km",6
Toyota Axio EX PACKAGE 2020,Toyota,Axio,Automatic,"Petrol, Hybrid, Octane","Tk 2,290,000",2020,"1,500 cc","125,000 km",6
Toyota Harrier ZLP-PKG 2020,Toyota,Harrier,Automatic,Octane,"Tk 8,300,000",2020,"1,980 cc","32,133 km",6
Toyota Corolla Cross Z-PKG 2023,Toyota,Corolla Cross,Automatic,"Hybrid, Octane","Tk 5,200,000",2023,"1,790 cc","42,393 km",3
Toyota Prado TX L PACKAGE 2021,Toyota,Prado,Automatic,Octane,"Tk 16,400,000",2021,"2,700 cc","24,321 km",5
Toyota C-HR G-LED 2021,Toyota,C-HR,Automatic,"Hybrid, Octane","Tk 3,350,000",2021,"1,800 cc","45,328 km",5
Toyota C-HR G LED 2018,Toyota,C-HR,Automatic,"Hybrid, Octane","Tk 2,745,000",2018,"1,800 cc","57,000 km",8
Toyota Prius S Touring- 4 Point 2018,Toyota,Prius,Automatic,Hybrid,"Tk 2,770,000",2018,"1,800 cc","89,356 km",8
Toyota Noah Hybrid x 2022,Toyota,Noah,Automatic,Hybrid,"Tk 3,950,000",2022,"1,800 cc","22,174 km",4
Toyota Noah Non hybrid-3.5 POINT 2020,Toyota,Noah,Automatic,"Petrol, Octane","Tk 3,500,000",2020,"2,000 cc","68,298 km",6
Toyota Hiace Original GL 2020,Toyota,Hiace,Automatic,"Petrol, Octane","Tk 3,520,000",2020,"2,000 cc","92,673 km",6
Toyota Noah x 3.5 silver hyb 2020,Toyota,Noah,Automatic,"Petrol, Hybrid, Octane","Tk 3,520,000",2020,"1,800 cc","68,000 km",6
Toyota Hiace dx silver GP 4 2021,Toyota,Hiace,Automatic,"Petrol, Octane","Tk 3,380,000",2021,"2,000 cc","96,000 km",5
Toyota Hiace gl 3.5 black 2020,Toyota,Hiace,Automatic,"Petrol, Octane","Tk 3,620,000",2020,"2,000 cc","98,000 km",6
Toyota Corolla Cross z leather pkg HYB 2022,Toyota,Corolla Cross,Automatic,"Petrol, Hybrid, Octane","Tk 4,740,000",2022,"1,800 cc","46,000 km",4
Toyota Fielder ex HYB silver 2020,Toyota,Fielder,Automatic,"Petrol, Hybrid, Octane","Tk 2,320,000",2020,"1,500 cc","98,000 km",6
Toyota Passo G OctanePush Start 2011,Toyota,Passo,Automatic,Octane,"Tk 1,185,000",2011,"1,320 cc","68,000 km",15
Toyota Prius S TOURING MODELISTA 2018,Toyota,Prius,Automatic,Hybrid,"Tk 2,900,000",2018,"1,800 cc","93,418 km",8
Toyota Axio Hybrid Ex Package 2020,Toyota,Axio,Automatic,Hybrid,"Tk 2,290,000",2020,"1,500 cc","80,365 km",6
Toyota Hiace Original GL 2020,Toyota,Hiace,Automatic,"Petrol, Octane","Tk 3,620,000",2020,"2,000 cc","88,256 km",6
Toyota Axio Non hybrid 2020,Toyota,Axio,Automatic,"Petrol, Octane","Tk 2,600,000",2020,"1,500 cc","89,354 km",6
Toyota Corolla G-X HYB pearl 4 2020,Toyota,Corolla,Automatic,"Petrol, Electric, Octane","Tk 2,800,000",2020,"1,800 cc","78,000 km",6
Toyota Corolla wxb HYB pearl 2021,Toyota,Corolla,Automatic,"Petrol, Hybrid, Octane","Tk 3,300,000",2021,"1,800 cc","93,000 km",5
Toyota Hiace SUPER GL 2020,Toyota,Hiace,Automatic,"Petrol, Octane","Tk 3,950,000",2020,"2,000 cc","70,359 km",6
Toyota Noah Non hybrid 2020,Toyota,Noah,Automatic,"Petrol, Octane","Tk 3,450,000",2020,"1,800 cc","80,351 km",6
Toyota Noah Non Hyb key 1Dpw 4pt 2020,Toyota,Noah,Automatic,"Octane, Other fuel type","Tk 3,500,000",2020,"2,000 cc","60,156 km",6
Toyota Corolla Cross Z leather hyb 4.5pt 2022,Toyota,Corolla Cross,Automatic,"Hybrid, Octane","Tk 4,740,000",2022,"1,800 cc","45,123 km",4
Toyota Fielder Ex pkg hyb push 4pt 2020,Toyota,Fielder,Automatic,"Hybrid, Octane","Tk 2,320,000",2020,"1,500 cc","90,639 km",6
Toyota Axio Ex pkg Hyb push 4pt 2020,Toyota,Axio,Manual,"Hybrid, Octane","Tk 2,420,000",2020,"1,500 cc","80,321 km",6
Toyota Axio Ex Hyb push 3.5pt 2020,Toyota,Axio,Automatic,"Hybrid, Octane","Tk 2,250,000",2020,"1,500 cc","152,383 km",6
Toyota Fielder Ex Non Hybrid Push 2020,Toyota,Fielder,Automatic,"Octane, Other fuel type","Tk 2,650,000",2020,"1,500 cc","91,533 km",6
Toyota Prius S touring 4pt 2018,Toyota,Prius,Automatic,"Hybrid, Octane","Tk 2,900,000",2018,"1,800 cc","82,888 km",8
Toyota Hiace Gl Dual AC key 2020,Toyota,Hiace,Automatic,"Octane, Other fuel type","Tk 3,330,000",2020,"2,000 cc","85,691 km",6
Toyota Fielder Non hybrid Ex push 2020,Toyota,Fielder,Automatic,"Petrol, Octane","Tk 2,600,000",2020,"1,500 cc","82,560 km",6
Toyota Corolla Cross Z LEATHER 4.5 POINT 2022,Toyota,Corolla Cross,Automatic,Hybrid,"Tk 4,760,000",2022,"1,800 cc","45,981 km",4
Toyota Fielder Hybrid Ex Package 2020,Toyota,Fielder,Automatic,Hybrid,"Tk 2,280,000",2020,"1,500 cc","70,813 km",6
Toyota Axio Non hybrid Ex push 2020,Toyota,Axio,Automatic,"Petrol, Octane","Tk 2,600,000",2020,"1,500 cc","81,471 km",6
Toyota Hiace Original GL 2020,Toyota,Hiace,Automatic,"Petrol, Octane","Tk 3,540,000",2020,"2,000 cc","77,390 km",6
Toyota Hiace SUPER GL 2020,Toyota,Hiace,Automatic,"Petrol, Octane","Tk 4,080,000",2020,"2,000 cc","81,570 km",6
Toyota Noah Hybrid 2020,Toyota,Noah,Automatic,Hybrid,"Tk 3,100,000",2020,"1,800 cc","77,245 km",6
Toyota Fielder Ex Hybrid Grade- 4 2020,Toyota,Fielder,Automatic,Hybrid,"Tk 2,320,000",2020,"1,500 cc","89,462 km",6
Toyota Esquire Gi Premium Hybrid 2020,Toyota,Esquire,Automatic,Hybrid,"Tk 3,800,000",2020,"1,800 cc","79,351 km",6
Toyota Esquire Non hybrid 2020,Toyota,Esquire,Automatic,"Petrol, Octane","Tk 3,980,000",2020,"2,000 cc","88,241 km",6
Toyota Hiace ambulance white 2020,Toyota,Hiace,Automatic,"Petrol, Octane","Tk 2,970,000",2020,"2,000 cc","147,000 km",6
Toyota Axio Non HybridGrade- 4 2020,Toyota,Axio,Automatic,"Petrol, Octane","Tk 2,680,000",2020,"1,500 cc","75,289 km",6
Toyota Esquire Gi Premium Hybrid 2020,Toyota,Esquire,Automatic,Hybrid,"Tk 3,740,000",2020,"1,800 cc","82,618 km",6
Toyota Noah G 4 POINT 1 DOOR PWR 2020,Toyota,Noah,Automatic,"Petrol, Hybrid, Octane","Tk 3,200,000",2020,"1,800 cc","57,000 km",6
Toyota Corolla Cross Z package 2023,Toyota,Corolla Cross,Automatic,"Hybrid, Octane","Tk 4,870,000",2023,"1,800 cc","46,000 km",3
Toyota Prius S TOURING SELECTION 2020,Toyota,Prius,Automatic,"Hybrid, Octane","Tk 2,980,000",2020,"1,800 cc","74,125 km",6
Toyota Hiace DX DUAL AC READY 2020,Toyota,Hiace,Automatic,Octane,"Tk 3,280,000",2020,"2,000 cc","80,124 km",6
Toyota Axio NON HYBRID EX PUSH 2020,Toyota,Axio,Automatic,Octane,"Tk 2,580,000",2020,"1,500 cc","69,284 km",6
Toyota Noah X SMART PUSH NON HYB 2020,Toyota,Noah,Automatic,Octane,"Tk 3,880,000",2020,"1,800 cc","22,000 km",6
Toyota Axio EX PUSH HV READY 2020,Toyota,Axio,Automatic,"Hybrid, Octane","Tk 2,270,000",2020,"1,500 cc","63,253 km",6
Toyota Hiace GL NEW SHAPE 2020,Toyota,Hiace,Automatic,Octane,"Tk 3,280,000",2020,"2,000 cc","63,217 km",6
Toyota Hiace GL DUAL AC READY 2020,Toyota,Hiace,Automatic,Octane,"Tk 3,390,000",2020,"2,000 cc","59,865 km",6
Toyota Noah Hybrid SI WXB V-2 2021,Toyota,Noah,Automatic,"Petrol, Hybrid, Octane","Tk 3,500,000",2021,"1,800 cc","40,000 km",5
Toyota Noah SIWXB Pearl 2020,Toyota,Noah,Automatic,"Petrol, Hybrid, Octane","Tk 3,870,000",2020,"1,800 cc","62,500 km",6
Toyota Hiace Ambulance HIGH ROOF 2020,Toyota,Hiace,Automatic,Octane,"Tk 3,000,000",2020,"2,000 cc","75,769 km",6
Honda Insight HYBRID LX PUSH 2021,Honda,Insight,Automatic,Hybrid,"Tk 3,650,000",2021,"1,800 cc","123,321 km",5
Toyota Noah NON HV ONE DOOR PWR 2021,Toyota,Noah,Automatic,Octane,"Tk 3,600,000",2021,"2,000 cc","107,323 km",5
Toyota Axio EX HYBRID-UNIT 2020,Toyota,Axio,Automatic,Hybrid,"Tk 2,350,000",2020,"1,500 cc","114,833 km",6
Toyota Prado LAND CRUISER 2021,Toyota,Prado,Automatic,Octane,"Tk 16,800,000",2021,"2,700 cc","24,542 km",5
Toyota Esquire HYBRID GI PREMIUM 2020,Toyota,Esquire,Automatic,Hybrid,"Tk 3,850,000",2020,"1,800 cc","63,872 km",6
Toyota Fielder HYBRID EX PUSH START 2020,Toyota,Fielder,Automatic,Hybrid,"Tk 2,450,000",2020,"1,500 cc","88,762 km",6
Toyota Axio EX PUSH START NON HV 2020,Toyota,Axio,Automatic,Octane,"Tk 2,600,000",2020,"1,500 cc","207,653 km",6
Toyota Harrier PREMIUM OLD SHAPE 2020,Toyota,Harrier,Automatic,Octane,"Tk 6,550,000",2020,"2,000 cc","54,762 km",6
Toyota Esquire HYBRID GI PREMIUM 2020,Toyota,Esquire,Automatic,Hybrid,"Tk 3,850,000",2020,"1,800 cc","63,524 km",6
Toyota Esquire HYBRID GI PREMIUM 2020,Toyota,Esquire,Automatic,Hybrid,"Tk 3,950,000",2020,"1,800 cc","77,653 km",6
Toyota Esquire GI PREMIUM-PUSH 2020,Toyota,Esquire,Automatic,Hybrid,"Tk 3,850,000",2020,"1,800 cc","69,874 km",6
Toyota Axio hybrid push start ex 2020,Toyota,Axio,Automatic,Hybrid,"Tk 2,350,000",2020,"1,500 cc","114,654 km",6
Toyota Fielder EX PUSH START HV 2020,Toyota,Fielder,Automatic,Hybrid,"Tk 2,450,000",2020,"1,500 cc","88,225 km",6
Toyota Allion All Power 2004,Toyota,Allion,Automatic,"Octane, LPG","Tk 1,280,000",2004,"1,500 cc","78,595 km",22
Honda Insight Hybrid EX 2021,Honda,Insight,Automatic,Hybrid,"Tk 38,500,000",2021,"1,500 cc","45,220 km",5
Toyota Corolla HYBRID 2021,Toyota,Corolla,Automatic,Hybrid,"Tk 2,400,000",2021,"1,800 cc","36,542 km",5
Toyota Aqua Hybrid B 2021,Toyota,Aqua,Automatic,Hybrid,"Tk 1,950,000",2021,"1,500 cc","48,365 km",5
Toyota RAV4 Hybrid G 2022,Toyota,RAV4,Automatic,Hybrid,"Tk 6,850,000",2022,"2,500 cc","47,621 km",4
Toyota Fielder hybrid 2020,Toyota,Fielder,Automatic,"Petrol, Hybrid, Octane","Tk 2,150,000",2020,"1,500 cc","53,264 km",6
Toyota Harrier Hybrid 2020,Toyota,Harrier,Automatic,Hybrid,"Tk 6,450,000",2020,"2,500 cc","65,242 km",6
Toyota Aqua hybrid 2020,Toyota,Aqua,Automatic,"Petrol, Hybrid, Octane","Tk 1,720,000",2020,"1,500 cc","56,384 km",6
Toyota Axio hybrid 2020,Toyota,Axio,Automatic,"Petrol, Hybrid, Octane","Tk 2,150,000",2020,"1,500 cc","53,264 km",6
Toyota Axio HYBRID 2020,Toyota,Axio,Automatic,Hybrid,"Tk 2,150,000",2020,"1,500 cc","45,623 km",6
Toyota Noah X Key Nonhybrid 2DP 2021,Toyota,Noah,Automatic,"Petrol, Octane","Tk 3,800,000",2021,"2,000 cc","78,500 km",5
Toyota RAV4 Non Hybrid X pearl 2020,Toyota,RAV4,Automatic,Petrol,"Tk 6,450,000",2020,"2,000 cc","69,000 km",6
Toyota Allion A-15 2004,Toyota,Allion,Automatic,"Octane, LPG","Tk 1,450,000",2004,"1,500 cc","76,000 km",22
Toyota Allion 2011,Toyota,Allion,Automatic,"Octane, LPG","Tk 2,099,999",2011,"1,500 cc","75,000 km",15
Toyota Corolla X New Fresh 2004,Toyota,Corolla,Automatic,"Octane, LPG","Tk 1,280,000",2004,"1,500 cc","68,000 km",22
Toyota Premio FL Push 4.5 Grade 2020,Toyota,Premio,Automatic,"Petrol, Octane","Tk 4,150,000",2020,"1,500 cc","56,000 km",6
Toyota Esquire GI 2021,Toyota,Esquire,Automatic,Hybrid,"Tk 3,400,000",2021,"2,000 cc","80,000 km",5
Toyota Corolla WXB-PKG 2020,Toyota,Corolla,Automatic,"Hybrid, Octane","Tk 3,575,000",2020,"1,790 cc","42,344 km",6
Toyota Premio F Push Start 2014,Toyota,Premio,Automatic,"CNG, Octane","Tk 2,650,000",2014,"1,500 cc","78,216 km",12
Toyota Allion A15 2009,Toyota,Allion,Automatic,"Octane, LPG","Tk 1,950,000",2009,"1,500 cc","61,000 km",17
Toyota Fielder HYBRID PUSH UNIT 2020,Toyota,Fielder,Automatic,Hybrid,"Tk 2,400,000",2020,"1,500 cc","88,365 km",6
Toyota Prius A TOURING SELECTION 2020,Toyota,Prius,Automatic,"Petrol, Hybrid, Octane","Tk 3,380,000",2020,"1,800 cc","51,000 km",6
Nissan X-Trail 2012,Nissan,X-Trail,Automatic,"Octane, LPG","Tk 1,950,000",2017,"2,000 cc","85,800 km",9
Toyota Axio X Limited 2008,Toyota,Axio,Automatic,"CNG, Octane","Tk 1,395,000",2008,"1,500 cc","92,000 km",18
Toyota Axio EX PKG 4.0 WHITE 2020,Toyota,Axio,Automatic,Octane,"Tk 2,900,000",2020,"1,500 cc","34,282 km",6
Toyota Allion G PUSH 2020,Toyota,Allion,Automatic,"Petrol, Octane","Tk 3,870,000",2020,"1,500 cc","55,000 km",6
Toyota Aqua Mica Blue ColorY 2020,Toyota,Aqua,Automatic,"Petrol, Hybrid, Octane","Tk 1,950,000",2020,"1,500 cc","75,120 km",6
Toyota Aqua XG Pearl Pre-Order 2021,Toyota,Aqua,Automatic,"Petrol, Hybrid, Octane","Tk 2,100,000",2021,"1,500 cc","122,000 km",5
Honda Vezel RS Non Hybrid 2016,Honda,Vezel,Automatic,Octane,"Tk 2,450,000",2016,"1,500 cc","74,218 km",10
Toyota Hiace SUPER GL 2020,Toyota,Hiace,Automatic,"Petrol, Octane","Tk 4,300,000",2020,"2,000 cc","67,748 km",6
Toyota Crown RS ADVANCE 2022,Toyota,Crown,Automatic,"Hybrid, Octane","Tk 12,000,000",2022,"2,400 cc","14,574 km",4
Toyota Yaris Cross Z HYBRID 2020,Toyota,Yaris Cross,Automatic,"Petrol, Hybrid, Octane","Tk 3,450,000",2020,"1,500 cc","62,500 km",6
Toyota Yaris Cross HYBRID 360 CAM 2021,Toyota,Yaris Cross,Automatic,"Petrol, Hybrid, Octane","Tk 3,500,000",2021,"1,500 cc","42,510 km",5
Nissan X-Trail E.B. PKG HYBRID 360 2020,Nissan,X-Trail,Automatic,"Petrol, Hybrid, Octane","Tk 3,800,000",2020,"2,000 cc","510,013 km",6
Lexus RX 500H F-SPORT 2023,Lexus,RX,Automatic,"Petrol, Hybrid, Octane","Tk 20,500,000",2023,"2,400 cc","1,334 km",3
Toyota Corolla TOURING DOUBLE BIBEE 2020,Toyota,Corolla,Automatic,Hybrid,"Tk 2,825,000",2020,"1,800 cc","111,000 km",6
Toyota C-HR G.M.NERO READY CAR 2020,Toyota,C-HR,Automatic,"Petrol, Hybrid, Octane","Tk 3,400,000",2020,"1,800 cc","51,013 km",6
Toyota RAV4 Hybrid 2022,Toyota,RAV4,Automatic,"Petrol, Hybrid, Octane","Tk 8,500,000",2022,"2,500 cc","19,510 km",4
"Toyota Corolla Cross G , BRONZE COLOR 2022",Toyota,Corolla Cross,Automatic,Hybrid,"Tk 4,195,000",2022,"1,800 cc","40,097 km",4
Toyota Premio F Key Silver 2020,Toyota,Premio,Automatic,"Petrol, Octane","Tk 3,880,000",2020,"1,500 cc","45,000 km",6
Toyota Prius A Premium Pearl 2020,Toyota,Prius,Automatic,"Hybrid, Octane","Tk 3,100,000",2020,"1,800 cc","81,000 km",6
Toyota Corolla Cross Z Leather Bronze 2020,Toyota,Corolla Cross,Automatic,Hybrid,"Tk 4,390,000",2020,"1,800 cc","33,000 km",6
Toyota Noah X Smart Non Push 2021,Toyota,Noah,Automatic,"Petrol, Octane","Tk 3,950,000",2021,"2,000 cc","122,000 km",5
Toyota Voxy Zs Kiramik Sunroof 2020,Toyota,Voxy,Automatic,"Petrol, Octane","Tk 5,350,000",2020,"2,000 cc","21,000 km",6
Toyota Premio F-EX Package 2020,Toyota,Premio,Automatic,Octane,"Tk 4,750,000",2020,"1,490 cc","100,822 km",6
Toyota Prius STS-PKG 2021,Toyota,Prius,Automatic,"Hybrid, Octane","Tk 3,850,000",2021,"1,790 cc","64,780 km",5
Toyota Corolla Cross Z-PKG 2023,Toyota,Corolla Cross,Automatic,"Hybrid, Octane","Tk 4,975,000",2023,"1,790 cc","42,093 km",3
Toyota Noah Z-PKG 2022,Toyota,Noah,Automatic,"Hybrid, Octane","Tk 5,250,000",2022,"1,790 cc","29,647 km",4
Toyota Corolla Cross Z-PKG 2023,Toyota,Corolla Cross,Automatic,"Hybrid, Octane","Tk 5,350,000",2023,"1,790 cc","34,918 km",3
Honda CR-V 2018,Honda,CR-V,Automatic,Octane,"Tk 4,490,000",2018,"1,500 cc","39,000 km",8
Toyota Hiace Super GL Grey Color 2020,Toyota,Hiace,Automatic,Petrol,"Tk 4,350,000",2020,"2,000 cc","84,000 km",6
Toyota Noah X 1 DOOR PWR 2020,Toyota,Noah,Automatic,"Petrol, Hybrid, Octane","Tk 3,050,000",2020,"1,800 cc","87,100 km",6
Toyota RAV4 2004,Toyota,RAV4,Automatic,Octane,"Tk 1,400,000",2009,"1,800 cc","85,000 km",17
Toyota Axio EX PKG 2021 PATROL,Toyota,Axio,Automatic,Petrol,"Tk 3,120,000",2021,"1,500 cc","123,000 km",5
Toyota Corolla G X HYBRID 2020,Toyota,Corolla,Automatic,Hybrid,"Tk 2,950,000",2020,"1,800 cc","67,000 km",6
Toyota Corolla Cross Z Leather Low Price 2021,Toyota,Corolla Cross,Automatic,"Petrol, Hybrid, Octane","Tk 4,450,000",2021,"1,800 cc",7 km,5
Toyota Land Cruiser TX-L 2023,Toyota,Land Cruiser,Automatic,"Petrol, Octane","Tk 18,300,000",2023,"2,700 cc","1,555 km",3
Toyota Hiace aa a2a.aa. aaaaaaaaRaaaaY 2020,Toyota,Hiace,Automatic,"Petrol, Octane","Tk 3,200,000",2020,"2,000 cc","97,000 km",6
Toyota Noah X PUSH NONHY 2DP 2021,Toyota,Noah,Automatic,"Petrol, Octane","Tk 3,970,000",2021,"2,000 cc","93,203 km",5
Mitsubishi Lancer EX ONLY OCTANE 2010,Mitsubishi,Lancer,Automatic,Octane,"Tk 1,480,000",2010,"1,500 cc","66,000 km",16
MG ZS Almost New 2022,MG,ZS,Automatic,Octane,"Tk 2,350,000",2022,"1,500 cc","17,695 km",4
Toyota Sienta G Package 2020,Toyota,Sienta,Automatic,"Hybrid, Octane","Tk 3,300,000",2020,"1,490 cc","65,175 km",6
Toyota Axio Hybrid 2020,Toyota,Axio,Automatic,"Hybrid, Octane","Tk 2,200,000",2020,"1,500 cc","80,472 km",6
Toyota Fielder Hybrid 2020,Toyota,Fielder,Automatic,"Hybrid, Octane","Tk 2,160,000",2020,"1,500 cc","82,587 km",6
Toyota Yaris GREADYSHOWROOM 2020,Toyota,Yaris,Automatic,"Petrol, Hybrid, Octane","Tk 2,320,000",2020,"1,500 cc","86,000 km",6
Honda Insight EX 3.5 POINT 2020,Honda,Insight,Automatic,"Petrol, Hybrid, Octane","Tk 3,330,000",2020,"1,500 cc","105,000 km",6
Toyota Harrier HV Z PKG MOONROOF 2021,Toyota,Harrier,Automatic,Hybrid,"Tk 7,700,000",2021,"2,500 cc","14,321 km",5
Toyota Fielder NON HYBRID UNIT 2020,Toyota,Fielder,Automatic,Octane,"Tk 2,650,000",2020,"1,500 cc","125,432 km",6
Toyota Hiace PUSH START SUPER GL 2020,Toyota,Hiace,Automatic,Octane,"Tk 4,300,000",2020,"2,000 cc","75,432 km",6
Toyota Yaris Cross  31 2020,Toyota,Yaris Cross,Automatic,"Petrol, Hybrid, Octane","Tk 3,320,000",2020,"1,500 cc","71,000 km",6
Toyota Fielder EXREADYSHOAROOM 2020,Toyota,Fielder,Automatic,"Petrol, Hybrid, Octane","Tk 2,270,000",2020,"1,500 cc","36,749 km",6
Toyota Axio Hybrid EX READY 2020,Toyota,Axio,Automatic,"Petrol, Hybrid, Octane","Tk 2,200,000",2020,"1,500 cc","71,794 km",6
Nissan Bluebird sylphy 2006,Nissan,Bluebird,Automatic,"CNG, Octane","Tk 1,200,000",2006,"1,500 cc","75,000 km",20
Toyota Noah SI WXB NON HYBRID 4 2020,Toyota,Noah,Automatic,"Petrol, Octane","Tk 4,250,000",2020,"2,000 cc","63,000 km",6
Toyota Aqua S Pkg Black 2020,Toyota,Aqua,Automatic,Hybrid,"Tk 1,990,000",2020,"1,500 cc","86,000 km",6
Toyota Fielder Non hybrid Ex push 2020,Toyota,Fielder,Automatic,"Petrol, Octane","Tk 2,580,000",2020,"1,500 cc","89,250 km",6
Toyota Fielder Hybrid 4 Grade 2020,Toyota,Fielder,Automatic,Hybrid,"Tk 2,320,000",2020,"1,500 cc","89,261 km",6
Toyota Hiace super gl white 2020,Toyota,Hiace,Automatic,"Petrol, Octane","Tk 4,050,000",2020,"2,000 cc","58,000 km",6
Toyota Corolla Cross Z Leather Ready 2022,Toyota,Corolla Cross,Automatic,"Hybrid, Octane","Tk 4,400,000",2022,"1,800 cc","20,000 km",4
Toyota Noah Hybrid S-Z 2023,Toyota,Noah,Automatic,"Petrol, Hybrid, Octane","Tk 5,250,000",2023,"1,800 cc","53,000 km",3
Toyota Noah X KEY Nonhybrid 1DP 2020,Toyota,Noah,Automatic,"Petrol, Octane","Tk 3,450,000",2020,"2,000 cc","92,000 km",6
Toyota Harrier Z Leather 2020,Toyota,Harrier,Automatic,Hybrid,"Tk 7,290,006",2020,"2,500 cc","77,000 km",6
Toyota Harrier Octane 2020,Toyota,Harrier,Automatic,Octane,"Tk 8,050,000",2020,"2,000 cc","34,000 km",6
Toyota Noah S - Z 2023,Toyota,Noah,Automatic,Hybrid,"Tk 5,700,000",2023,"1,800 cc","58,000 km",3
Toyota Corolla Cross Black 2022,Toyota,Corolla Cross,Automatic,"Hybrid, Octane","Tk 4,600,000",2022,"1,800 cc","48,754 km",4
Toyota Yaris Cross READY 2020,Toyota,Yaris Cross,Automatic,"Petrol, Hybrid, Octane","Tk 3,450,000",2020,"1,500 cc","47,500 km",6
Toyota Esquire GI PKG NON HYBRID 2020,Toyota,Esquire,Automatic,"Petrol, Octane","Tk 4,750,000",2020,"2,000 cc","27,013 km",6
Toyota Voxy S-Z HYBRID-PKG 2022,Toyota,Voxy,Automatic,"Petrol, Hybrid, Octane","Tk 5,150,000",2022,"1,800 cc","47,745 km",4
Toyota Harrier Z Leather Non-Hybrid 2020,Toyota,Harrier,Automatic,"Petrol, Octane","Tk 7,700,000",2020,"2,000 cc","66,000 km",6
Toyota Corolla Cross Z-PKG 2022,Toyota,Corolla Cross,Automatic,"Hybrid, Octane","Tk 4,725,000",2022,"1,790 cc","29,681 km",4
Toyota Esquire GI-PKG 2021,Toyota,Esquire,Automatic,"Hybrid, Octane","Tk 4,350,000",2021,"1,790 cc","78,341 km",5
Toyota Esquire GI-PKG 2020,Toyota,Esquire,Automatic,"Hybrid, Octane","Tk 4,050,000",2020,"1,790 cc","59,456 km",6
Toyota Esquire GI-PKG 2021,Toyota,Esquire,Automatic,"Hybrid, Octane","Tk 4,300,000",2021,"1,790 cc","61,710 km",5
Toyota Axio EX-Package 2020,Toyota,Axio,Automatic,Octane,"Tk 3,125,000",2020,"1,490 cc","33,315 km",6
Toyota Corolla Cross Z-PKG 2025,Toyota,Corolla Cross,Automatic,"Hybrid, Octane","Tk 5,750,000",2025,"1,790 cc","11,978 km",1
Toyota Esquire GI OCTEN 48000KM 2020,Toyota,Esquire,Automatic,Octane,"Tk 4,249,999",2020,"2,000 cc","48,000 km",6
Toyota Harrier ZLP Package 2022,Toyota,Harrier,Automatic,Octane,"Tk 9,700,000",2022,"1,980 cc","36,158 km",4
Toyota Axio EX PACKAGE 2020,Toyota,Axio,Automatic,"Petrol, Hybrid, Octane","Tk 2,500,000",2020,"1,500 cc","29,000 km",6
Toyota Axio EX PKG HYB 4 POINT 2020,Toyota,Axio,Automatic,Hybrid,"Tk 2,450,000",2020,"1,500 cc","67,000 km",6
Toyota Noah G NON HYB 360CAMERA 2022,Toyota,Noah,Automatic,Octane,"Tk 5,650,000",2022,"2,000 cc","22,000 km",4
Toyota Harrier ZLP-PKG 2020,Toyota,Harrier,Automatic,Octane,"Tk 8,550,000",2020,"1,980 cc","29,574 km",6
Toyota Noah SI-WXB II-PKG 2020,Toyota,Noah,Automatic,Octane,"Tk 4,800,000",2020,"1,980 cc","47,530 km",6
Toyota Harrier EX-PKG 2020,Toyota,Harrier,Automatic,"Hybrid, Octane","Tk 3,350,000",2020,"1,490 cc","44,119 km",6
Toyota Axio EX LED LIMITED PKG 2020,Toyota,Axio,Automatic,"Petrol, Octane","Tk 3,580,000",2020,"1,500 cc","22,000 km",6
Toyota Crown RS Advance-pkg 2018,Toyota,Crown,Automatic,"Hybrid, Octane","Tk 7,700,000",2018,"2,490 cc","19,799 km",8
Toyota Voxy hybrid 2022,Toyota,Voxy,Automatic,"Petrol, Hybrid, Octane","Tk 4,400,000",2022,"1,800 cc","54,786 km",4
Toyota Premio F-EX Pearl Ready 2021,Toyota,Premio,Automatic,"Petrol, Octane","Tk 4,780,000",2021,"1,500 cc","45,000 km",5
Toyota Hiace GL Silver 4 Point 2020,Toyota,Hiace,Automatic,Petrol,"Tk 3,470,000",2020,"2,000 cc","64,100 km",6
Toyota Noah Non hybrid 2020,Toyota,Noah,Automatic,"Petrol, Octane","Tk 3,450,000",2020,"2,000 cc","81,462 km",6
Toyota Sienta G Package 2020,Toyota,Sienta,Automatic,"Hybrid, Octane","Tk 2,480,000",2020,"1,500 cc","25,831 km",6
Toyota Axio Hybrid Ex Package 2020,Toyota,Axio,Automatic,Hybrid,"Tk 2,200,000",2020,"1,500 cc","88,356 km",6
Toyota Hiace DX DUAL AC 2020,Toyota,Hiace,Automatic,Octane,"Tk 3,220,000",2020,"2,000 cc","75,263 km",6
Honda CR-V EX Master 2020,Honda,CR-V,Automatic,Octane,"Tk 5,950,000",2020,"1,800 cc","46,985 km",6
Toyota Hiace DX SMART PACKAGE 2021,Toyota,Hiace,Automatic,Octane,"Tk 3,350,000",2021,"2,000 cc","83,125 km",5
Toyota Voxy Dhaka ready 2020,Toyota,Voxy,Automatic,Octane,"Tk 3,600,000",2020,"1,800 cc","47,250 km",6
Toyota Prius A PKG 4 GRD 2020,Toyota,Prius,Automatic,"Petrol, Hybrid, Octane","Tk 3,350,000",2020,"1,800 cc","70,000 km",6
Toyota Harrier NON HYBRID Z LEATHER 2020,Toyota,Harrier,Automatic,"Petrol, Octane","Tk 8,000,000",2020,"2,000 cc","25,000 km",6
Toyota Yaris Cross HYBRID Z-LEATHER 2021,Toyota,Yaris Cross,Automatic,"Petrol, Hybrid, Octane","Tk 2,930,000",2021,"1,500 cc","45,000 km",5
Toyota Harrier Z Leather JBL360 2020,Toyota,Harrier,Automatic,"Petrol, Octane","Tk 7,880,000",2020,"2,000 cc","46,000 km",6
Toyota Harrier Z-LEATHER NON-HY JBL 2020,Toyota,Harrier,Automatic,"Petrol, Octane","Tk 8,400,000",2020,"2,000 cc","5,901 km",6
Toyota Esquire Gi Premium Non-HV 2020,Toyota,Esquire,Automatic,"Petrol, Octane","Tk 4,500,000",2020,"2,000 cc","80,413 km",6
Toyota Noah X PUSH Offer Price 2020,Toyota,Noah,Automatic,"Petrol, Hybrid, Octane","Tk 3,150,000",2020,"1,800 cc","91,000 km",6
Toyota Yaris Cross Z Leather Body Kit 2021,Toyota,Yaris Cross,Automatic,"Petrol, Hybrid, Octane","Tk 3,480,000",2021,"1,500 cc","103,240 km",5
Toyota Hiace DX Dual Ac HeaterboX 2020,Toyota,Hiace,Automatic,"Petrol, Octane","Tk 3,500,000",2020,"2,000 cc","65,245 km",6
Toyota Fielder EX PUSH HV READY 2020,Toyota,Fielder,Automatic,"Hybrid, Octane","Tk 2,360,000",2020,"1,500 cc","54,213 km",6
Toyota Yaris Cross Dhaka Ready 2021,Toyota,Yaris Cross,Automatic,"Hybrid, Octane","Tk 3,500,000",2021,"1,500 cc","48,521 km",5
Honda Insight EX PKG PORT READY 2021,Honda,Insight,Automatic,"Diesel, Octane","Tk 4,400,000",2021,"1,500 cc","37,013 km",5
Lexus RX 300 F SPORTS 2022,Lexus,RX,Automatic,"Petrol, Octane","Tk 15,000,000",2022,"2,000 cc","34,013 km",4
Toyota Corolla Cross Dhaka Ready 2022,Toyota,Corolla Cross,Automatic,"Hybrid, Octane","Tk 4,600,000",2022,"1,800 cc","36,825 km",4
Lexus RX300 ...F SPORTS 2022,Lexus,RX300,Automatic,"Petrol, Octane","Tk 15,000,000",2022,"2,000 cc","36,007 km",4
Toyota Corolla Cross Z..READY.... 2022,Toyota,Corolla Cross,Automatic,"Petrol, Hybrid, Octane","Tk 4,800,000",2022,"1,800 cc","36,000 km",4
Honda Insight EX- STYLISH HYBRID 2021,Honda,Insight,Automatic,"Petrol, Hybrid, Octane","Tk 4,300,000",2021,"1,500 cc","54,000 km",5
Toyota Raize Z Z..READY..360ACam 2021,Toyota,Raize Z,Automatic,"Petrol, Hybrid, Octane","Tk 3,600,000",2021,"1,200 cc","8,729 km",5
Toyota Sienta G Cuero Package 2020,Toyota,Sienta,Automatic,"Hybrid, Octane","Tk 3,250,000",2020,"1,490 cc","79,345 km",6
Toyota Voxy Hybrid S-Z 2023,Toyota,Voxy,Automatic,"Petrol, Hybrid, Octane","Tk 5,800,000",2023,"1,800 cc","19,510 km",3
Toyota Auris G Gundam Edition 2013,Toyota,Auris,Automatic,Octane,"Tk 1,980,000",2013,"1,500 cc","77,243 km",13
Honda Insight Ex 2020,Honda,Insight,Automatic,Hybrid,"Tk 3,900,000",2020,"1,500 cc","87,000 km",6
Toyota Harrier ZLP-PKG 2021,Toyota,Harrier,Automatic,Octane,"Tk 8,850,000",2021,"1,980 cc","51,568 km",5
Toyota C-HR G-PKG 2020,Toyota,C-HR,Automatic,"Hybrid, Octane","Tk 3,700,000",2020,"1,790 cc","38,739 km",6
Toyota Aqua S STYLE PKG 2020,Toyota,Aqua,Automatic,Hybrid,"Tk 1,950,000",2020,"1,500 cc","116,000 km",6
Toyota Corolla Cross Z LEATHER BRAND NEW 2024,Toyota,Corolla Cross,Automatic,Hybrid,"Tk 5,550,001",2024,"1,800 cc",6 km,2
Toyota Corolla Cross Z PKG BRAND NEW 2025,Toyota,Corolla Cross,Automatic,Hybrid,"Tk 58,000,000",2025,"1,800 cc",9 km,1
Toyota Corolla Cross Z LEATHER BRAND NEW 2024,Toyota,Corolla Cross,Automatic,Hybrid,"Tk 5,549,999",2024,"1,800 cc",5 km,2
Toyota Axio EX-PKG 2020,Toyota,Axio,Automatic,Octane,"Tk 3,150,000",2020,"1,490 cc","30,805 km",6
Toyota Axio EX-PKG 2020,Toyota,Axio,Automatic,Octane,"Tk 3,125,000",2020,"1,490 cc","25,726 km",6
Toyota Noah GL Low Floor 2006,Toyota,Noah,Automatic,"CNG, Octane","Tk 1,000,000",2006,"1,800 cc","91,000 km",20
Toyota Corolla Altis Gl-i 2017,Toyota,Corolla,Automatic,Octane,"Tk 2,445,000",2017,"1,598 cc","55,000 km",9
Toyota Noah GI Hybrid 2014,Toyota,Noah,Automatic,"Hybrid, Octane","Tk 2,150,000",2014,"1,800 cc","70,254 km",12
Toyota Esquire GI 2014,Toyota,Esquire,Automatic,"Hybrid, Octane","Tk 2,250,000",2014,"1,800 cc","28,000 km",12
Toyota Belta 2011,Toyota,Belta,Automatic,Octane,"Tk 975,000",2016,"1,000 cc","97,000 km",10
Toyota Noah SI WXB 4.5 POINT 2020,Toyota,Noah,Automatic,"Petrol, Hybrid, Octane","Tk 3,650,000",2020,"1,800 cc","88,000 km",6
Toyota Yaris Cross XPKGREADYSHOWROOM 2022,Toyota,Yaris Cross,Automatic,"Petrol, Hybrid, Octane","Tk 3,400,000",2022,"1,500 cc","79,653 km",4
Toyota Corolla Cross Hybrid 2021,Toyota,Corolla Cross,Automatic,Hybrid,"Tk 3,850,000",2021,"1,800 cc","48,526 km",5
Toyota Harrier HYBRID 2021,Toyota,Harrier,Automatic,"Petrol, Hybrid, Octane, Other fuel type","Tk 5,800,000",2021,"2,500 cc","70,000 km",5
Nissan Bluebird sylphy 2006,Nissan,Bluebird,Automatic,"CNG, Octane","Tk 1,080,000",2006,"1,500 cc","89,000 km",20
Toyota Noah XI NON HYBRID SILVER 2020,Toyota,Noah,Automatic,"Petrol, Octane","Tk 3,490,000",2020,"2,000 cc","87,630 km",6
Toyota Noah SI WXB HYBRID AP 4 2020,Toyota,Noah,Automatic,"Petrol, Octane","Tk 3,780,000",2020,"2,000 cc","33,087 km",6
Toyota Axio EX PUSH SAFTY SENSE 2020,Toyota,Axio,Automatic,"Hybrid, Octane","Tk 2,560,000",2020,"1,500 cc","51,000 km",6
Toyota Axio EX PUSH SAFTY SENSE 2020,Toyota,Axio,Automatic,"Hybrid, Octane","Tk 2,570,000",2020,"1,500 cc","44,000 km",6
Toyota Axio EX PUSH SAFTY SENSE 2020,Toyota,Axio,Automatic,"Hybrid, Octane","Tk 2,540,000",2020,"1,500 cc","47,000 km",6
Toyota Prius A PREMIUM BLACK AP-4 2020,Toyota,Prius,Automatic,Hybrid,"Tk 3,350,000",2020,"1,800 cc","56,350 km",6
Toyota Hiace GL SUPER WHITE 2020,Toyota,Hiace,Automatic,Petrol,"Tk 3,450,000",2020,"2,000 cc","55,000 km",6
Toyota Axio EX PUSH SAFTY SENSE 2020,Toyota,Axio,Automatic,"Hybrid, Octane","Tk 2,560,000",2020,"1,500 cc","43,000 km",6
Toyota Axio EX PUSH SAFTY SENSE 2020,Toyota,Axio,Automatic,"Hybrid, Octane","Tk 2,570,000",2020,"1,500 cc","36,000 km",6
Toyota Axio EX PUSH SAFTY SENSE 2020,Toyota,Axio,Automatic,"Hybrid, Octane","Tk 2,480,000",2020,"1,500 cc","78,000 km",6
Toyota Axio EX PUSH SAFTY SENSE 2020,Toyota,Axio,Automatic,"Hybrid, Octane","Tk 2,380,000",2020,"1,500 cc","82,000 km",6
Toyota Axio EX PUSH SAFTY SENSE 2020,Toyota,Axio,Automatic,"Hybrid, Octane","Tk 2,530,000",2020,"1,500 cc","64,000 km",6
Toyota Axio EX PUSH SAFTY SENSE 2020,Toyota,Axio,Automatic,"Hybrid, Octane","Tk 2,570,000",2020,"1,500 cc","28,000 km",6
Toyota Axio EX PUSH SAFTY SENSE 2020,Toyota,Axio,Automatic,"Hybrid, Octane","Tk 2,470,000",2020,"1,500 cc","72,000 km",6
Toyota Hiace Super GL Dark Prime2 2021,Toyota,Hiace,Automatic,Petrol,"Tk 4,880,000",2021,"2,000 cc","80,800 km",5
Toyota Noah x 2021,Toyota,Noah,Automatic,Octane,"Tk 4,000,000",2021,"2,000 cc","60,000 km",5
Toyota Harrier Petrol Z pkg Pearl 2020,Toyota,Harrier,Automatic,Petrol,"Tk 7,950,000",2020,"2,000 cc","46,000 km",6
Toyota Corolla Cross Z Bronze 5 Point 2023,Toyota,Corolla Cross,Automatic,Hybrid,"Tk 5,260,000",2023,"1,800 cc","28,900 km",3
Toyota Harrier Z Pearl 4.59500 km 2020,Toyota,Harrier,Automatic,Petrol,"Tk 8,380,000",2020,"2,000 cc","9,500 km",6
Toyota Corolla Cross Z LEATHER HYBRID 2024,Toyota,Corolla Cross,Automatic,"Petrol, Hybrid, Octane","Tk 5,550,000",2024,"1,800 cc","1,025 km",2
Toyota Noah Hybrid G Wine Color 2021,Toyota,Noah,Automatic,Hybrid,"Tk 3,790,000",2021,"1,800 cc","33,000 km",5
Toyota Corolla Touring hyb black 4 2020,Toyota,Corolla,Automatic,"Petrol, Hybrid, Octane","Tk 2,700,000",2020,"1,800 cc","110,000 km",6
Toyota Hiace SUPER GL 2020,Toyota,Hiace,Automatic,"Petrol, Octane","Tk 4,050,000",2020,"2,000 cc","73,590 km",6
Toyota Noah Hybrid 2 Door power 2021,Toyota,Noah,Automatic,Hybrid,"Tk 3,500,000",2021,"1,800 cc","77,250 km",5
Toyota Noah Non hybrid 2020,Toyota,Noah,Automatic,"Petrol, Octane","Tk 3,480,000",2020,"2,000 cc","68,241 km",6
Toyota Hiace GL 2020,Toyota,Hiace,Automatic,"Petrol, Octane","Tk 3,340,000",2020,"2,000 cc","81,590 km",6
Toyota Hiace Original GL 2020,Toyota,Hiace,Automatic,"Petrol, Octane","Tk 3,600,000",2020,"2,000 cc","71,460 km",6
Toyota Fielder HYBRID PUSH- 4 POINT 2020,Toyota,Fielder,Automatic,Hybrid,"Tk 2,320,000",2020,"1,500 cc","89,243 km",6
Toyota Noah Nonhybrid push 2 D.P 2020,Toyota,Noah,Automatic,"Petrol, Octane","Tk 3,780,000",2020,"2,000 cc","79,251 km",6
Toyota Esquire Gi premium package 2020,Toyota,Esquire,Automatic,Hybrid,"Tk 3,620,000",2020,"1,800 cc","224,801 km",6
Toyota Hiace SUPER GL 2020,Toyota,Hiace,Automatic,"Petrol, Octane","Tk 4,000,000",2020,"2,000 cc","71,253 km",6
Toyota Fielder aaa1aaaaaaa 2020,Toyota,Fielder,Automatic,"Petrol, Octane","Tk 2,670,000",2020,"1,500 cc","84,265 km",6
Toyota Noah G-Hybrid a2aaaa a-aaoa 2020,Toyota,Noah,Automatic,Hybrid,"Tk 1,200,000",2020,"1,800 cc","79,341 km",6
Toyota Fielder Ex hybrid push 4pt 2020,Toyota,Fielder,Automatic,"Hybrid, Octane","Tk 2,320,000",2020,"1,500 cc","80,236 km",6
Toyota Noah aaa1aaaaaaa 2020,Toyota,Noah,Automatic,"Petrol, Octane","Tk 3,500,000",2020,"2,000 cc","74,251 km",6
Toyota Noah Non hyb 1Dp key 3.5p 2020,Toyota,Noah,Automatic,"Octane, Other fuel type","Tk 3,500,000",2020,"2,000 cc","60,420 km",6
Toyota Noah Octen key 2Dp 3.5pt 2019,Toyota,Noah,Automatic,"Octane, Other fuel type","Tk 3,420,000",2019,"1,500 cc","63,450 km",7
Toyota Fielder Non Hyb push 3.5pt 2020,Toyota,Fielder,Automatic,"Octane, Other fuel type","Tk 2,650,000",2020,"1,500 cc","85,645 km",6
Toyota Axio Ex hybrid push 4pt 2020,Toyota,Axio,Automatic,"Octane, Other fuel type","Tk 2,750,000",2020,"1,500 cc","81,645 km",6
Toyota Noah Hybrid 2 Door power 2020,Toyota,Noah,Automatic,Hybrid,"Tk 3,320,000",2020,"1,800 cc","79,327 km",6
Toyota Esquire Gi Premium Hybrid 2020,Toyota,Esquire,Automatic,Hybrid,"Tk 3,700,000",2020,"1,800 cc","89,146 km",6
Toyota Corolla Cross Z LEATHER MODELLISTA 2022,Toyota,Corolla Cross,Automatic,Hybrid,"Tk 4,750,000",2022,"1,800 cc","44,981 km",4
Toyota Axio Hybrid Ex Package 2020,Toyota,Axio,Automatic,Hybrid,"Tk 2,330,000",2020,"1,500 cc","81,529 km",6
Toyota Noah Non hybrid 2020,Toyota,Noah,Automatic,"Petrol, Octane","Tk 3,450,000",2020,"2,000 cc","80,246 km",6
Toyota Hiace SUPER GL DARK PRIME 2023,Toyota,Hiace,Automatic,"Petrol, Octane","Tk 4,820,000",2023,"2,000 cc","68,024 km",3
Toyota Esquire Gi package Hybrid 2020,Toyota,Esquire,Automatic,Hybrid,"Tk 3,630,000",2020,"1,800 cc","79,351 km",6
Toyota Noah Non hybrid 2020,Toyota,Noah,Automatic,"Petrol, Octane","Tk 3,600,000",2020,"2,000 cc","78,351 km",6
Toyota Prius S TOURNG BDY KIT 4 P 2018,Toyota,Prius,Automatic,"Petrol, Hybrid, Octane","Tk 2,750,000",2018,"1,500 cc","118,000 km",8
Toyota Esquire GI PKG 4.0 BLACK 2020,Toyota,Esquire,Automatic,"Hybrid, Octane","Tk 3,800,000",2020,"1,800 cc","93,750 km",6
Toyota Premio F-EX PKG 3.5 WINE 2020,Toyota,Premio,Automatic,Octane,"Tk 4,750,000",2020,"1,500 cc","9,149 km",6
Mitsubishi l200 2022,Mitsubishi,l200,Manual,Diesel,"Tk 5,995,000",2023,"2,500 cc","18,000 km",3
Honda CR-V Octane 2011,Honda,CR-V,Automatic,Octane,"Tk 2,280,000",2011,"2,000 cc","37,378 km",15
Mitsubishi Pajero Sunroof 2004,Mitsubishi,Pajero,Automatic,Octane,"Tk 1,950,000",2004,"3,000 cc","70,900 km",22
Toyota Noah Si 2010,Toyota,Noah,Automatic,Octane,"Tk 2,150,000",2010,"2,000 cc","75,300 km",16
Mitsubishi Pajero Progoti 2014,Mitsubishi,Pajero,Manual,Diesel,"Tk 3,350,000",2014,"2,500 cc","67,500 km",12
Mitsubishi l200 Double Cabin 2022,Mitsubishi,l200,Manual,Diesel,"Tk 6,550,000",2022,"2,500 cc","18,150 km",4
Mitsubishi l200 Double Cabin 2007,Mitsubishi,l200,Manual,"CNG, Octane","Tk 650,000",2007,"2,000 cc","100,000 km",19
Toyota Harrier Advance premium 2014,Toyota,Harrier,Automatic,Octane,"Tk 4,450,000",2014,"2,000 cc","53,000 km",12
Nissan X-Trail UK VERSION 2021,Nissan,X-Trail,Automatic,Octane,"Tk 4,850,000",2021,"1,500 cc","29,000 km",5
Mitsubishi l200 Double Cabin Pickup 2005,Mitsubishi,l200,Manual,Diesel,"Tk 850,000",2005,"2,500 cc","100,000 km",21
Toyota Voxy ZS Kirameki 2 ready 2020,Toyota,Voxy,Automatic,"Hybrid, Octane","Tk 3,550,000",2020,"2,000 cc","67,859 km",6
Toyota Fielder EX PUSH HV READY 2020,Toyota,Fielder,Automatic,"Hybrid, Octane","Tk 2,400,000",2020,"1,500 cc","53,142 km",6
Toyota Corolla Cross G 2022,Toyota,Corolla Cross,Automatic,Octane,"Tk 4,240,000",2022,"1,800 cc","57,369 km",4
Toyota Noah X-Smart Push Start 2020,Toyota,Noah,Automatic,"Hybrid, Octane","Tk 3,950,000",2020,"2,000 cc","67,964 km",6
Toyota Axio NON HYBRID EX PUSH 2020,Toyota,Axio,Automatic,Octane,"Tk 2,570,000",2020,"1,500 cc","72,896 km",6
Toyota Hiace GL DUAL AC READY 2021,Toyota,Hiace,Automatic,Octane,"Tk 3,480,000",2021,"2,000 cc","41,985 km",5
Toyota Yaris Cross Z Leather 4 Grade 2021,Toyota,Yaris Cross,Automatic,"Petrol, Hybrid, Octane","Tk 3,350,000",2021,"1,500 cc","81,240 km",5
Toyota Corolla Cross Z-LEATHER HYBRID 2021,Toyota,Corolla Cross,Automatic,"Hybrid, Octane","Tk 4,240,000",2021,"1,800 cc","67,452 km",5
Toyota Axio EX NON HYBRID READY 2020,Toyota,Axio,Manual,Octane,"Tk 2,580,000",2020,"1,500 cc","73,962 km",6
Toyota Axio G Hybrid 2013,Toyota,Axio,Automatic,"Hybrid, Octane","Tk 1,430,000",2013,"1,500 cc","126,000 km",13
Toyota Prius S Touring Selection 2021,Toyota,Prius,Automatic,"Petrol, Hybrid, Octane","Tk 3,300,000",2021,"1,800 cc","86,120 km",5
Toyota Premio F-L Package 2020,Toyota,Premio,Automatic,Octane,"Tk 4,450,000",2020,"1,490 cc","66,131 km",6
Toyota Hiace DX 2020,Toyota,Hiace,Automatic,"Petrol, Octane","Tk 3,230,000",2020,"2,000 cc","102,000 km",6
Toyota Axio Non Hybrid 2020,Toyota,Axio,Automatic,Octane,"Tk 2,590,000",2020,"1,500 cc","104,000 km",6
Toyota Hiace Super GL 2020,Toyota,Hiace,Automatic,"Petrol, Octane","Tk 4,140,000",2020,"2,000 cc","96,542 km",6
Toyota Hiace DX 2020,Toyota,Hiace,Automatic,"Petrol, Octane","Tk 3,220,000",2020,"2,000 cc","92,635 km",6
Toyota Noah 2020 Hybrid,Toyota,Noah,Automatic,"Hybrid, Octane","Tk 3,120,000",2020,"1,800 cc","86,000 km",6
Toyota Axio 2020 Hybrid,Toyota,Axio,Automatic,"Hybrid, Octane","Tk 2,220,000",2020,"1,500 cc","82,000 km",6
Toyota Aqua Hybrid 2020,Toyota,Aqua,Automatic,"Hybrid, Octane","Tk 2,050,000",2020,"1,500 cc","90,321 km",6
Toyota Corolla S Hybrid 2020,Toyota,Corolla,Automatic,"Hybrid, Octane","Tk 2,860,000",2020,"1,800 cc","62,352 km",6
Toyota Fielder Non Hybrid 2020,Toyota,Fielder,Automatic,Octane,"Tk 2,620,000",2020,"1,500 cc","102,000 km",6
Toyota Axio Hybrid Ex 2020,Toyota,Axio,Automatic,"Hybrid, Octane","Tk 2,170,000",2020,"1,500 cc","90,358 km",6
Toyota Hiace SUPER GL DARK PRIME2 2021,Toyota,Hiace,Automatic,"Petrol, Octane","Tk 4,680,000",2021,"2,000 cc","70,000 km",5
Toyota Yaris Cross HYBRID Z BROWN 360. 2021,Toyota,Yaris Cross,Automatic,"Petrol, Hybrid, Octane","Tk 3,280,000",2021,"1,500 cc","39,035 km",5
Toyota Esquire Hybrid GI Premium 2020,Toyota,Esquire,Automatic,"Petrol, Hybrid, Octane","Tk 4,250,000",2020,"1,800 cc","57,233 km",6
Toyota Corolla WXB Hybrid Peral 2021,Toyota,Corolla,Automatic,"Petrol, Hybrid, Octane","Tk 3,450,000",2021,"1,800 cc","4,000 km",5
Toyota Hiace DARK PRIME SUPER GL 2020,Toyota,Hiace,Automatic,Octane,"Tk 4,400,000",2020,"2,000 cc","44,198 km",6
Toyota Crown G READY SHOWROOM 2020,Toyota,Crown,Automatic,"Petrol, Hybrid, Octane","Tk 7,300,000",2020,"2,500 cc","80,060 km",6
Toyota Esquire GI PREMIUM MICA BLUE 2020,Toyota,Esquire,Automatic,"Petrol, Hybrid, Octane","Tk 4,100,000",2020,"1,800 cc","71,000 km",6
Toyota Corolla Cross Z Black Full Option 2024,Toyota,Corolla Cross,Automatic,Hybrid,"Tk 5,490,000",2024,"1,800 cc","11,000 km",2
Toyota Voxy HYBRID 2020,Toyota,Voxy,Automatic,Hybrid,"Tk 2,900,000",2020,"1,800 cc","64,775 km",6
Toyota Fielder EX HYBRID PUSH 2020,Toyota,Fielder,Automatic,"Petrol, Hybrid, Octane","Tk 2,200,000",2020,"1,500 cc","78,410 km",6
Toyota Yaris Cross HY Z LEATHER 4 AP 2020,Toyota,Yaris Cross,Automatic,"Petrol, Hybrid, Octane","Tk 3,580,000",2020,"1,500 cc","53,000 km",6
Toyota Hiace GL DUAL AC 2020,Toyota,Hiace,Automatic,"Petrol, Octane","Tk 3,350,000",2020,"2,000 cc","65,810 km",6
Toyota Premio F-Ex Power Seat 2020,Toyota,Premio,Automatic,"Petrol, Octane","Tk 4,650,000",2020,"1,500 cc","101,487 km",6
Toyota Esquire Gi Premium Pearl 2020,Toyota,Esquire,Automatic,"Petrol, Hybrid, Octane","Tk 3,870,000",2020,"1,800 cc","28,452 km",6
Toyota Premio F 4 Point BB 2020,Toyota,Premio,Automatic,"Petrol, Octane","Tk 3,850,000",2020,"1,500 cc","98,000 km",6
Toyota Axio Ex Pkg hybrid Gp-4 2020,Toyota,Axio,Automatic,"Petrol, Hybrid, Octane","Tk 2,250,000",2020,"1,500 cc","78,065 km",6
Toyota Hiace Super GL Dark-2 2022,Toyota,Hiace,Automatic,"Petrol, Octane","Tk 4,300,000",2022,"2,000 cc","32,000 km",4
Toyota Hiace SUPER GL DARK PRIM 2 2022,Toyota,Hiace,Automatic,"CNG, Octane, LPG","Tk 4,600,000",2022,"2,000 cc","57,000 km",4
Toyota Noah S-Z Pkg Fully Loaded 2022,Toyota,Noah,Automatic,"Petrol, Hybrid","Tk 5,000,000",2022,"1,800 cc","23,800 km",4
Toyota Yaris Cross G Pkg 360Camera 2021,Toyota,Yaris Cross,Automatic,"Petrol, Hybrid, Octane","Tk 3,350,000",2021,"1,500 cc","78,125 km",5
Toyota Raize Z PKG-360 2021,Toyota,Raize Z,Automatic,"Petrol, Hybrid, Octane","Tk 3,600,000",2021,"1,200 cc","6,778 km",5
Toyota Corolla Cross Z LEATHER PANAROMIC 2022,Toyota,Corolla Cross,Automatic,"Petrol, Hybrid, Octane","Tk 4,999,000",2022,"1,800 cc","42,540 km",4
"Toyota Harrier Z LEATHER , NON HY 2020",Toyota,Harrier,Automatic,"Petrol, Octane","Tk 7,700,000",2020,"2,000 cc","48,526 km",6
Toyota Noah NON HYBRID X UNIT 2020,Toyota,Noah,Automatic,Octane,"Tk 3,750,000",2020,"2,000 cc","109,873 km",6
Toyota Corolla Cross Z HARDTOP READY DK 2022,Toyota,Corolla Cross,Automatic,"Petrol, Hybrid, Octane","Tk 4,800,000",2022,"1,800 cc","46,000 km",4
Toyota Yaris Cross Z READY SHOWROOM 2021,Toyota,Yaris Cross,Automatic,"Petrol, Hybrid, Octane","Tk 3,580,000",2021,"1,500 cc","82,000 km",5
Honda Insight LX PUSH HYBRID PKG 2021,Honda,Insight,Automatic,Hybrid,"Tk 3,550,000",2021,"1,500 cc","123,874 km",5
Toyota Hiace SUPER GL DARK PRIME2 2021,Toyota,Hiace,Automatic,"Petrol, Octane","Tk 4,900,000",2021,"2,000 cc","20,000 km",5
Toyota Corolla Cross Z HARDTOP 2022,Toyota,Corolla Cross,Automatic,"Petrol, Hybrid, Octane","Tk 4,800,000",2022,"1,800 cc","30,000 km",4
Toyota Esquire GI PREMIUM UNIT 2020,Toyota,Esquire,Automatic,Hybrid,"Tk 3,700,000",2020,"1,800 cc","63,564 km",6
Toyota Axio EX NON HYBRID 2021,Toyota,Axio,Automatic,"Petrol, Octane","Tk 3,150,000",2021,"1,500 cc","83,000 km",5
Toyota Hiace SUPER GL DARK PRIME2 2022,Toyota,Hiace,Automatic,"Petrol, Octane","Tk 4,900,000",2022,"2,000 cc","41,000 km",4
Toyota Esquire GI PREMIUM PUSH UNIT 2020,Toyota,Esquire,Automatic,Hybrid,"Tk 3,700,000",2020,"1,800 cc","97,653 km",6
Toyota Premio . f DH. 2020,Toyota,Premio,Automatic,"Petrol, Octane","Tk 3,850,000",2020,"1,500 cc","74,596 km",6
Toyota Alphard HV-EXECUIVE LOUNGE 2020,Toyota,Alphard,Automatic,Hybrid,"Tk 10,600,000",2020,"2,500 cc","37,625 km",6
Toyota Harrier HYBRID Z 2021,Toyota,Harrier,Automatic,Hybrid,"Tk 7,650,000",2021,"2,500 cc","14,987 km",5
Toyota Fielder HYBRID EX PUSH 2020,Toyota,Fielder,Automatic,Hybrid,"Tk 2,450,000",2020,"1,500 cc","88,764 km",6
Toyota Hiace aaaaa.aaaaaaaR SUPER GL 2020,Toyota,Hiace,Automatic,"Petrol, Octane","Tk 4,270,000",2020,"2,000 cc","69,000 km",6
Toyota Corolla Cross HV Z HARDTOP UNIT 2021,Toyota,Corolla Cross,Automatic,Hybrid,"Tk 4,450,000",2021,"1,800 cc","44,321 km",5
Toyota Yaris Cross Z LEATHER 4.5 POINT 2020,Toyota,Yaris Cross,Automatic,"Petrol, Octane","Tk 3,450,000",2020,"1,500 cc","71,000 km",6
Toyota Axio EX 2021,Toyota,Axio,Automatic,"Petrol, Hybrid, Octane","Tk 2,780,000",2021,"1,500 cc","53,000 km",5
Toyota Fielder Hybrid EX 2021,Toyota,Fielder,Automatic,"Petrol, Hybrid, Octane","Tk 2,250,000",2021,"1,500 cc","85,000 km",5
Toyota Aqua 2020,Toyota,Aqua,Automatic,Hybrid,"Tk 1,700,000",2020,"1,500 cc","45,452 km",6
Toyota Axio Hybrid EX 2020,Toyota,Axio,Automatic,Hybrid,"Tk 2,200,000",2020,"1,500 cc","54,541 km",6
Toyota Corolla Cross Hybrid Z 2025,Toyota,Corolla Cross,Automatic,"Petrol, Hybrid, Octane","Tk 6,100,000",2025,"1,800 cc","50,000 km",1
Toyota Voxy Hybrid ZS READY 2020,Toyota,Voxy,Automatic,"Petrol, Hybrid, Octane","Tk 3,250,000",2020,"1,800 cc","72,405 km",6
Toyota Axio NON Hybrid EX 2020,Toyota,Axio,Automatic,"Petrol, Octane","Tk 2,450,000",2020,"1,500 cc","58,832 km",6
Toyota Axio Hybrid EX READY 2020,Toyota,Axio,Automatic,"Petrol, Hybrid, Octane","Tk 2,200,000",2020,"1,500 cc","68,945 km",6
Toyota Corolla HYBRID 2020,Toyota,Corolla,Automatic,Hybrid,"Tk 2,350,000",2020,"1,800 cc","78,956 km",6
Toyota Esquire Hybrid 2020,Toyota,Esquire,Automatic,Hybrid,"Tk 3,450,000",2020,"1,800 cc","56,525 km",6
Toyota Yaris Cross Hybrid 2021,Toyota,Yaris Cross,Automatic,Hybrid,"Tk 2,950,000",2021,"1,500 cc","23,654 km",5
Toyota Esquire HYBRID 2020,Toyota,Esquire,Automatic,Hybrid,"Tk 3,300,000",2020,"1,800 cc","74,565 km",6
Toyota C-HR hybrid 2021,Toyota,C-HR,Automatic,"Petrol, Hybrid, Octane","Tk 3,050,000",2021,"1,800 cc","53,264 km",5
Toyota Esquire Xi NON-HYBRID PEARL 2020,Toyota,Esquire,Automatic,"Petrol, Octane","Tk 4,050,000",2020,"2,000 cc","141,000 km",6
Toyota Corolla WXB HYBRID GRAY 2021,Toyota,Corolla,Automatic,"Petrol, Hybrid, Octane","Tk 3,100,000",2021,"1,800 cc","57,000 km",5
Toyota Voxy S-Z HYBRID NEW SHAPE 2023,Toyota,Voxy,Automatic,"Petrol, Hybrid, Octane","Tk 5,580,000",2023,"1,800 cc","13,997 km",3
Toyota Voxy S-Z PKG FULL LOAD 2023,Toyota,Voxy,Automatic,Hybrid,"Tk 5,580,000",2023,"1,800 cc","14,000 km",3
Toyota Axio silver 2013,Toyota,Axio,Automatic,"CNG, Octane","Tk 1,680,000",2013,"1,500 cc","75,000 km",13
Toyota Premio push start 2010,Toyota,Premio,Automatic,"CNG, Octane","Tk 1,950,000",2010,"1,500 cc","78,000 km",16
Toyota Noah X SMART WHITE AP 4 2020,Toyota,Noah,Automatic,Hybrid,"Tk 3,050,000",2020,"1,800 cc","98,360 km",6
Toyota Hiace SUPER GL -PEARL 2020,Toyota,Hiace,Automatic,Petrol,"Tk 4,150,000",2020,"2,000 cc","98,500 km",6
Toyota Premio FL LED PEARL AP 4.5 2020,Toyota,Premio,Automatic,"Petrol, Octane","Tk 3,950,000",2020,"1,500 cc","38,160 km",6
Toyota Premio F-EX BROWN AP 4.5 2021,Toyota,Premio,Automatic,"Petrol, Octane","Tk 4,780,000",2021,"1,500 cc","31,250 km",5
Toyota Noah X NON HYBRID SILVER 2020,Toyota,Noah,Automatic,"Petrol, Octane","Tk 3,650,000",2020,"2,000 cc","87,360 km",6
Toyota Hiace SUPER GL PEARL AP-4 2021,Toyota,Hiace,Automatic,"Petrol, Octane","Tk 4,350,000",2021,"2,000 cc","71,340 km",5
Toyota Hiace SUPER GL DARK PRIME2 2021,Toyota,Hiace,Automatic,Petrol,"Tk 4,300,000",2021,"2,000 cc","77,000 km",5
Toyota Esquire GI HYBRID BLACK AP-4 2020,Toyota,Esquire,Automatic,Hybrid,"Tk 3,670,000",2020,"1,800 cc","58,360 km",6
Toyota Hiace AMBULANC HIGHROOF 2020,Toyota,Hiace,Automatic,Petrol,"Tk 3,150,000",2020,"2,000 cc","99,000 km",6
Toyota Esquire GI PREMIUM HYBRI 2020,Toyota,Esquire,Automatic,Hybrid,"Tk 3,960,000",2020,"1,800 cc","98,905 km",6
Toyota Corolla Cross z leather black 2023,Toyota,Corolla Cross,Automatic,Hybrid,"Tk 4,940,000",2023,"1,800 cc","19,000 km",3
Toyota Hiace GL DUAL AC 2020,Toyota,Hiace,Automatic,Petrol,"Tk 3,250,000",2020,"2,000 cc","63,300 km",6
Toyota Fielder WXB HYBRID 2019,Toyota,Fielder,Automatic,Hybrid,"Tk 2,750,000",2019,"1,500 cc","92,360 km",7
Toyota Voxy Z-S KIRAMEKI PEARL 2020,Toyota,Voxy,Automatic,"Petrol, Octane","Tk 3,830,000",2020,"2,000 cc","83,170 km",6
Toyota Axio EX NON HYBRID AP 4 2021,Toyota,Axio,Automatic,"Petrol, Octane","Tk 2,950,000",2021,"1,500 cc","61,358 km",5
Toyota Noah SI WXB2 PEARL AP 4.5 2021,Toyota,Noah,Automatic,Hybrid,"Tk 3,780,000",2021,"1,800 cc","51,370 km",5
Toyota Hiace SUPER GL DARK PRIME2 2020,Toyota,Hiace,Automatic,Petrol,"Tk 4,250,000",2020,"2,000 cc","44,300 km",6
Toyota Esquire GI HYBRID BLACK 2020,Toyota,Esquire,Automatic,Hybrid,"Tk 3,820,000",2020,"1,800 cc","80,000 km",6
Toyota Premio FL-LED 2020,Toyota,Premio,Automatic,Petrol,"Tk 4,320,000",2020,"1,500 cc","31,000 km",6
Toyota Noah G HYBRID WHITE AP 4 2020,Toyota,Noah,Automatic,Hybrid,"Tk 3,650,000",2020,"1,800 cc","63,170 km",6
Toyota Harrier Z LEATHER NON HY 2020,Toyota,Harrier,Automatic,Petrol,"Tk 8,140,000",2020,"2,000 cc","25,000 km",6
Toyota Corolla Cross Z Black Full Option 2023,Toyota,Corolla Cross,Automatic,Hybrid,"Tk 5,290,000",2023,"1,800 cc","39,000 km",3
Toyota Yaris Cross Z Red 4 Point 2020,Toyota,Yaris Cross,Automatic,Hybrid,"Tk 3,470,000",2020,"1,500 cc","62,000 km",6
Toyota Harrier Petrol Black Z Pkg 2020,Toyota,Harrier,Automatic,Petrol,"Tk 7,880,000",2020,"2,000 cc","52,000 km",6
Toyota Noah SZ Pearl S Point 2025,Toyota,Noah,Automatic,Hybrid,"Tk 6,380,000",2025,"1,800 cc",7 km,1
Toyota Harrier Petrol Z Pkg Black 2021,Toyota,Harrier,Automatic,Petrol,"Tk 8,480,000",2021,"2,000 cc","39,000 km",5
Toyota Yaris Cross G Black R26000 km 2020,Toyota,Yaris Cross,Automatic,Hybrid,"Tk 3,350,000",2020,"1,500 cc","26,000 km",6
Toyota Hiace Ambulance GL Silver 2021,Toyota,Hiace,Automatic,Petrol,"Tk 2,980,000",2021,"2,000 cc","176,800 km",5
Toyota Hiace Super GL Pkg Grey 2021,Toyota,Hiace,Automatic,Petrol,"Tk 4,150,000",2021,"2,000 cc","108,000 km",5
Honda CR-V EX Masterpeice Pearl 2020,Honda,CR-V,Automatic,Petrol,"Tk 5,950,000",2020,"1,500 cc","68,500 km",6
Toyota Yaris Cross Z Pkg Pearl 2 Tone 2020,Toyota,Yaris Cross,Automatic,Hybrid,"Tk 3,530,000",2020,"1,500 cc","62,900 km",6
Toyota Harrier Petrol Z Pkg Black 2020,Toyota,Harrier,Automatic,Petrol,"Tk 7,830,000",2020,"2,000 cc","31,000 km",6
Toyota Axio EX Silver 436700 km 2020,Toyota,Axio,Automatic,Petrol,"Tk 3,070,000",2020,"1,500 cc","36,700 km",6
Toyota Corolla Cross Z Pearl 4.579000 km 2022,Toyota,Corolla Cross,Automatic,Hybrid,"Tk 4,390,000",2022,"1,800 cc","79,000 km",4
Toyota Voxy ZS Kirameki Black 2020,Toyota,Voxy,Automatic,Petrol,"Tk 4,050,000",2020,"2,000 cc","37,900 km",6
Nissan X-Trail GEFORC Black 4.543k 2023,Nissan,X-Trail,Automatic,Hybrid,"Tk 6,880,000",2023,"1,500 cc","43,000 km",3
Mazda Axela S Touring Red R27k 2020,Mazda,Axela,Automatic,Petrol,"Tk 4,050,000",2020,"1,500 cc","27,000 km",6
Toyota Yaris Cross G Black 3.563000 km 2020,Toyota,Yaris Cross,Automatic,Hybrid,"Tk 3,350,000",2020,"1,500 cc","63,000 km",6
Toyota Esquire Gi Premium Black 2020,Toyota,Esquire,Automatic,Petrol,"Tk 4,550,000",2020,"2,000 cc","70,000 km",6
Toyota Noah X Pearl 3.5136k km 2020,Toyota,Noah,Automatic,Petrol,"Tk 3,700,000",2020,"2,000 cc","136,000 km",6
Toyota Hiace Super GL Dark Prime2 2020,Toyota,Hiace,Automatic,Petrol,"Tk 4,450,000",2020,"2,000 cc","129,800 km",6
Toyota Hiace DX White 3.5 Point 2021,Toyota,Hiace,Automatic,Petrol,"Tk 3,200,000",2021,"2,000 cc","77,600 km",5
Toyota Premio F-EX SILVER A.P--4.5 2021,Toyota,Premio,Automatic,"Petrol, Octane","Tk 4,580,000",2021,"1,500 cc","35,000 km",5
Toyota Esquire GI NON HYBRID 2020,Toyota,Esquire,Automatic,"Petrol, Octane","Tk 4,350,000",2020,"2,000 cc","62,000 km",6
Toyota Noah S-G HYBRID BROWN 2022,Toyota,Noah,Automatic,"Petrol, Hybrid, Octane","Tk 4,550,000",2022,"1,800 cc","66,000 km",4
Toyota Corolla Cross S HYBRID PEARL 2022,Toyota,Corolla Cross,Automatic,"Petrol, Hybrid, Octane","Tk 4,350,000",2022,"1,800 cc","7,200 km",4
Toyota Esquire GI 2020,Toyota,Esquire,Automatic,"Petrol, Hybrid, Octane","Tk 3,850,000",2020,"1,800 cc","89,000 km",6
Toyota Axio Ex Hybrid 2020,Toyota,Axio,Automatic,"Petrol, Octane","Tk 2,200,000",2020,"1,500 cc","51,000 km",6
Toyota Noah X HYBRID DOOR POWER 2020,Toyota,Noah,Automatic,"Petrol, Hybrid, Octane","Tk 2,980,000",2020,"1,800 cc","77,000 km",6
Toyota Hiace SUPER GL DARK PRIME2 2020,Toyota,Hiace,Automatic,"Petrol, Octane","Tk 4,150,000",2020,"2,000 cc","88,000 km",6
Toyota Fielder EX NON HYBRID 2020,Toyota,Fielder,Automatic,"Petrol, Octane","Tk 2,650,000",2020,"1,500 cc","79,652 km",6
Toyota Voxy SZ Hybrid Leg Rest 2022,Toyota,Voxy,Automatic,"Petrol, Hybrid, Octane","Tk 5,000,000",2022,"1,800 cc","60,000 km",4
Toyota Hiace SUPER GL SILVER 2020,Toyota,Hiace,Automatic,"Petrol, Octane","Tk 3,950,000",2020,"2,000 cc","94,000 km",6
Toyota Corolla Cross Z Leather Hybrid 2021,Toyota,Corolla Cross,Automatic,"Petrol, Hybrid, Octane","Tk 4,500,000",2021,"1,800 cc","53,318 km",5
Toyota Hiace SUPER GL DARK PRIME 2020,Toyota,Hiace,Automatic,"Petrol, Octane","Tk 4,020,000",2020,"2,000 cc","77,000 km",6
Toyota Esquire Gi Premium Sunroof 5 2021,Toyota,Esquire,Automatic,"Petrol, Octane","Tk 5,550,000",2021,"2,000 cc","10,113 km",5
Toyota Prius S TOURING SELECTION 2020,Toyota,Prius,Automatic,"Petrol, Hybrid, Octane","Tk 3,350,000",2020,"1,800 cc","55,000 km",6
Toyota Axio Ex Hybrid 2020,Toyota,Axio,Automatic,"Petrol, Hybrid, Octane","Tk 2,250,000",2020,"1,500 cc","72,596 km",6
Toyota Noah X HYBRID DOOR POWER 2020,Toyota,Noah,Automatic,"Petrol, Hybrid, Octane","Tk 3,000,000",2020,"1,800 cc","48,000 km",6
Toyota Hiace Super GL 2020,Toyota,Hiace,Automatic,"Petrol, Octane","Tk 4,370,000",2020,"2,000 cc","28,000 km",6
Toyota Esquire GI PREMIUM 2020,Toyota,Esquire,Automatic,"Petrol, Hybrid, Octane","Tk 3,800,000",2020,"1,800 cc","67,000 km",6
Honda CR-V Ex Masterpieces 2020,Honda,CR-V,Automatic,"Petrol, Octane","Tk 5,850,000",2020,"1,500 cc","52,000 km",6
Toyota Hiace SUPER GL 2020,Toyota,Hiace,Automatic,"Petrol, Octane","Tk 4,250,000",2020,"2,000 cc","79,652 km",6
Toyota Noah SI WXB 2 HYBRID 2020,Toyota,Noah,Automatic,"Petrol, Hybrid, Octane","Tk 3,420,000",2020,"1,800 cc","46,000 km",6
Toyota Corolla Cross Z Leather 2022,Toyota,Corolla Cross,Automatic,"Petrol, Hybrid, Octane","Tk 4,480,000",2022,"1,800 cc","22,100 km",4
Toyota Esquire GI HYBRID MICABLUE 2020,Toyota,Esquire,Automatic,"Petrol, Hybrid, Octane","Tk 3,620,000",2020,"1,800 cc","46,500 km",6
Toyota Prius S 2020,Toyota,Prius,Automatic,"Petrol, Hybrid, Octane","Tk 3,320,000",2020,"1,800 cc","54,000 km",6
Toyota Premio F-EX Mica-Blue 2020,Toyota,Premio,Automatic,"Petrol, Octane","Tk 4,850,000",2020,"1,500 cc","24,645 km",6
Toyota Prius S Hybrid 2020,Toyota,Prius,Automatic,"Petrol, Hybrid, Octane","Tk 3,000,000",2020,"1,800 cc","59,825 km",6
Toyota Hiace SUPER GL DARK PRIME 2020,Toyota,Hiace,Automatic,"Petrol, Octane","Tk 4,420,000",2020,"2,000 cc","41,000 km",6
Toyota Corolla Cross Z Leather 4.5 Grade 2022,Toyota,Corolla Cross,Automatic,"Petrol, Hybrid, Octane","Tk 4,650,000",2022,"1,800 cc","19,000 km",4
Toyota Esquire GI PREMIUM 2020,Toyota,Esquire,Automatic,"Petrol, Hybrid, Octane","Tk 3,900,000",2020,"1,800 cc","67,012 km",6
Toyota Prius S HYBRID SILVER 2020,Toyota,Prius,Automatic,"Petrol, Hybrid, Octane","Tk 2,900,000",2020,"1,800 cc","66,000 km",6
Toyota Noah Hybrid Ready Dhaka 2022,Toyota,Noah,Automatic,Hybrid,"Tk 3,950,000",2022,"1,800 cc","46,292 km",4
Toyota Axio Hybrid Ex Push 2020,Toyota,Axio,Automatic,Hybrid,"Tk 2,250,000",2020,"1,500 cc","81,490 km",6
Toyota Hiace GL DUAL AC 2020,Toyota,Hiace,Automatic,"Petrol, Octane","Tk 3,400,000",2020,"2,000 cc","47,510 km",6
Toyota Axio Hybrid- 4 Point 2020,Toyota,Axio,Automatic,Hybrid,"Tk 2,380,000",2020,"1,500 cc","91,578 km",6
Toyota Hiace GL PROJECTION LED L. 2020,Toyota,Hiace,Automatic,"Petrol, Octane","Tk 3,600,000",2020,"2,000 cc","71,590 km",6
Toyota Noah Xsmart Dhaka Ready 2020,Toyota,Noah,Automatic,"Hybrid, Octane","Tk 3,280,000",2020,"1,800 cc","73,000 km",6
Toyota Prius A- Touring Selection 2020,Toyota,Prius,Automatic,"Petrol, Hybrid, Octane","Tk 3,300,000",2020,"1,800 cc","94,000 km",6
Toyota Premio G Idle Stop 2016,Toyota,Premio,Automatic,Octane,"Tk 2,950,000",2016,"1,500 cc","51,000 km",10
Toyota Esquire Gl Premium Octane 2019,Toyota,Esquire,Automatic,Octane,"Tk 4,180,000",2019,"2,000 cc","28,000 km",7
Toyota Rush SUV 2009,Toyota,Rush,Automatic,Octane,"Tk 1,490,000",2009,"1,500 cc","56,000 km",17
Lexus RX 500h F SPORTS. 2023,Lexus,RX,Automatic,"Hybrid, Octane","Tk 20,500,000",2023,"2,400 cc","1,321 km",3
Toyota Corolla Cross Z LEATHER 2025,Toyota,Corolla Cross,Automatic,"Petrol, Octane","Tk 6,300,000",2025,"1,800 cc",10 km,1
Toyota Corolla SHOWROOM-READY 2020,Toyota,Corolla,Automatic,"Petrol, Hybrid, Octane","Tk 3,300,000",2020,"1,800 cc","57,512 km",6
Toyota Lexus Lx 600 SHOWROOM-READY 2023,Toyota,Lexus Lx 600,Automatic,"Petrol, Hybrid, Octane","Tk 20,500,000",2023,"2,400 cc","1,312 km",3
Toyota Yaris Cross Z..READY.... 2021,Toyota,Yaris Cross,Automatic,"Petrol, Hybrid, Octane","Tk 3,500,000",2021,"1,500 cc","72,000 km",5
Toyota Esquire GI 2020,Toyota,Esquire,Automatic,Hybrid,"Tk 3,575,000",2020,"1,800 cc","72,900 km",6
"Toyota RAV4 New Shape, Hybrid 2022",Toyota,RAV4,Automatic,"Hybrid, Octane","Tk 8,500,000",2022,"2,500 cc","19,456 km",4
Toyota C-HR G Mode nero 2020,Toyota,C-HR,Automatic,"Petrol, Hybrid, Octane","Tk 3,500,000",2020,"1,800 cc","550,000 km",6
"Toyota Esquire GI-PREMIUM, GRAD-4.5 2021",Toyota,Esquire,Automatic,Hybrid,"Tk 4,350,000",2021,"1,800 cc","39,000 km",5
"Toyota Noah SZ-HYBRID, GRAD-4.5 2022",Toyota,Noah,Automatic,Hybrid,"Tk 5,400,000",2022,"1,800 cc","24,000 km",4
Toyota Corolla Cross Z-PKG 2025,Toyota,Corolla Cross,Automatic,"Hybrid, Octane","Tk 5,700,000",2025,"1,790 cc","12,337 km",1
Toyota Starlet G PACKAGE 1991,Toyota,Starlet,Automatic,Octane,"Tk 495,000",1991,"1,500 cc","86,591 km",35
Toyota Axio Ex 4.5 Grade 2020,Toyota,Axio,Automatic,"Petrol, Hybrid, Octane","Tk 2,700,000",2020,"1,500 cc","14,200 km",6
Toyota Noah X SMART 2 DOOR POWER 2020,Toyota,Noah,Automatic,"Petrol, Hybrid, Octane","Tk 3,200,000",2020,"1,800 cc","81,000 km",6
Toyota Noah G HYBRID BLACK 2020,Toyota,Noah,Automatic,"Petrol, Hybrid, Octane","Tk 3,300,000",2020,"1,800 cc","55,000 km",6
Toyota Axio Ex 2020,Toyota,Axio,Automatic,"Petrol, Hybrid, Octane","Tk 2,150,000",2020,"1,500 cc","58,000 km",6
Toyota Hiace DX 2020,Toyota,Hiace,Automatic,"Petrol, Octane","Tk 3,050,000",2020,"2,000 cc","94,210 km",6
Toyota Harrier Z Leather Non Hybrid 2020,Toyota,Harrier,Automatic,"Petrol, Octane","Tk 7,850,000",2020,"2,000 cc","46,450 km",6
Toyota Hiace DX GL 2020,Toyota,Hiace,Automatic,"Petrol, Octane","Tk 3,150,000",2020,"2,000 cc","79,120 km",6
Toyota Voxy Zs Kirameki 2020,Toyota,Voxy,Automatic,"Petrol, Hybrid, Octane","Tk 3,720,000",2020,"1,800 cc","80,848 km",6
Toyota Premio FL BEIGE INTERIOR 2020,Toyota,Premio,Automatic,"Petrol, Octane","Tk 4,050,000",2020,"1,500 cc","88,000 km",6
Toyota Hiace GL 2020,Toyota,Hiace,Automatic,"Petrol, Octane","Tk 3,350,000",2020,"2,000 cc","71,560 km",6
Toyota Noah Non hybrid 2021,Toyota,Noah,Automatic,"Petrol, Octane","Tk 3,670,000",2021,"2,000 cc","63,352 km",5
Toyota Fielder EX Hybrid 2020,Toyota,Fielder,Automatic,"Petrol, Hybrid, Octane","Tk 2,230,000",2020,"1,500 cc","65,191 km",6
Toyota Noah Hybrid 2020,Toyota,Noah,Automatic,Hybrid,"Tk 3,180,000",2020,"1,800 cc","78,351 km",6
Toyota Fielder Hybrid- 4 Grade 2020,Toyota,Fielder,Automatic,Hybrid,"Tk 2,320,000",2020,"1,500 cc","89,356 km",6
Toyota Fielder Hybrid Ex Package 2020,Toyota,Fielder,Automatic,Hybrid,"Tk 2,300,000",2020,"1,500 cc","77,924 km",6
Toyota Hiace GL 2021,Toyota,Hiace,Automatic,"Petrol, Octane","Tk 3,550,000",2021,"2,000 cc","70,259 km",5
Toyota Fielder Hybrid 4 Grade 2020,Toyota,Fielder,Automatic,Hybrid,"Tk 2,330,000",2020,"1,500 cc","89,257 km",6
Toyota Hiace GL DUAL AC 2020,Toyota,Hiace,Automatic,"Petrol, Octane","Tk 3,400,000",2020,"2,000 cc","74,122 km",6
Toyota Noah Si wxb Hybrid 2020,Toyota,Noah,Automatic,Hybrid,"Tk 3,670,000",2020,"1,500 cc","71,469 km",6
Toyota Axio EX PUSH HV READY 2020,Toyota,Axio,Automatic,"Hybrid, Octane","Tk 2,280,000",2020,"1,500 cc","79,652 km",6
Toyota Harrier Advance premium 2014,Toyota,Harrier,Automatic,Octane,"Tk 4,265,000",2014,"2,000 cc","54,300 km",12
Toyota Axio EX PUSH HV READY 2020,Toyota,Axio,Automatic,"Hybrid, Octane","Tk 2,280,000",2020,"1,500 cc","84,528 km",6
Toyota Premio F STANDARD PACKAGE 2020,Toyota,Premio,Automatic,Octane,"Tk 3,850,000",2020,"1,500 cc","41,896 km",6
Toyota Corolla Cross Z leather 2021,Toyota,Corolla Cross,Automatic,"Hybrid, Octane","Tk 4,350,000",2021,"1,800 cc","46,586 km",5
Toyota Yaris Cross Z Leather 360 CAM 2021,Toyota,Yaris Cross,Automatic,"Petrol, Hybrid, Octane","Tk 3,380,000",2021,"1,500 cc","41,000 km",5
Toyota Yaris Cross a1aa-aaaaa Z Leather 2020,Toyota,Yaris Cross,Automatic,"Petrol, Hybrid, Octane","Tk 3,580,000",2020,"1,500 cc","60,000 km",6
Toyota Yaris Cross Hybrid Z Leather 4.5 2020,Toyota,Yaris Cross,Automatic,"Petrol, Hybrid, Octane","Tk 3,370,000",2020,"1,500 cc","51,000 km",6
Toyota C-HR G-Led Pkg Gp-4.00 2020,Toyota,C-HR,Automatic,"Petrol, Hybrid, Octane","Tk 3,550,000",2020,"1,800 cc","66,700 km",6
Toyota Voxy ZS Kiramic 30 Off 2021,Toyota,Voxy,Automatic,"Petrol, Hybrid, Octane","Tk 3,550,000",2021,"1,800 cc","85,000 km",5
Honda Civic FC1 PEARL SENSING 2020,Honda,Civic,Automatic,"Petrol, Octane","Tk 4,150,000",2020,"1,500 cc","22,000 km",6
Toyota Camry 2019,Toyota,Camry,Automatic,Octane,"Tk 5,500,000",2019,"2,500 cc","76,000 km",7
Honda Grace Ex Sensing Back PW 2020,Honda,Grace,Automatic,"Petrol, Hybrid, Octane","Tk 2,250,000",2020,"1,500 cc","36,000 km",6
Toyota Corolla Touring NEW SHAPE 2020,Toyota,Corolla,Automatic,"Petrol, Hybrid, Octane","Tk 2,650,000",2020,"1,800 cc","110,000 km",6
Toyota Harrier Z LEATHER PKG 2020,Toyota,Harrier,Automatic,"Petrol, Octane","Tk 7,700,000",2020,"2,000 cc","48,523 km",6
Toyota Yaris Cross SHOWROOM READY 2021,Toyota,Yaris Cross,Automatic,"Petrol, Hybrid, Octane","Tk 3,500,000",2021,"1,500 cc","58,512 km",5
Toyota Corolla Cross Dhaka Ready 2022,Toyota,Corolla Cross,Automatic,"Hybrid, Octane","Tk 4,999,000",2022,"1,800 cc","48,521 km",4
Toyota Hiace SHOWROOM-READY 2020,Toyota,Hiace,Automatic,"Petrol, Octane","Tk 4,200,000",2020,"2,000 cc","58,512 km",6
Lexus RX 500h F SPORTS 2023,Lexus,RX,Automatic,"Hybrid, Octane","Tk 20,500,000",2023,"2,400 cc","1,393 km",3
Toyota Premio SHOWROOM-READY 2020,Toyota,Premio,Automatic,"Petrol, Octane","Tk 3,700,000",2020,"1,500 cc","74,512 km",6
Toyota Hiace SUPER GL 2020,Toyota,Hiace,Automatic,"Petrol, Octane","Tk 4,600,000",2020,"2,000 cc","61,510 km",6
Honda Civic EX L Sunroof Turbo 2017,Honda,Civic,Automatic,Octane,"Tk 3,250,000",2017,"1,500 cc","44,031 km",9
Toyota Hiace SUPER-GL DARK PRIME2 2022,Toyota,Hiace,Automatic,Octane,"Tk 4,820,000",2022,"2,000 cc","70,000 km",4
Toyota Harrier Z-LEATHER PKG G-4.5 2020,Toyota,Harrier,Automatic,Hybrid,"Tk 7,850,000",2020,"2,500 cc","56,000 km",6
Toyota Axio EX-NON HYBRID G-4.0 2020,Toyota,Axio,Automatic,Octane,"Tk 2,800,000",2020,"1,500 cc","125,000 km",6
Toyota Corolla Cross Z Leather Pearl 2023,Toyota,Corolla Cross,Automatic,Hybrid,"Tk 5,370,000",2023,"1,800 cc","24,000 km",3
Toyota Premio F-L Package 2020,Toyota,Premio,Automatic,Octane,"Tk 4,450,000",2020,"1,490 cc","40,426 km",6
Toyota C-HR G PKG 2020,Toyota,C-HR,Automatic,"Hybrid, Octane","Tk 3,750,000",2020,"1,790 cc","49,777 km",6
Toyota Axio EX-PKG 2020,Toyota,Axio,Automatic,Octane,"Tk 3,150,000",2020,"1,490 cc","63,742 km",6
Toyota Voxy ZS KIRAMEKI HYB 4.5 2020,Toyota,Voxy,Automatic,"Hybrid, Octane","Tk 3,450,000",2020,"1,800 cc","95,000 km",6
Honda CR-V EX-Black Edition pkg 2022,Honda,CR-V,Automatic,Octane,"Tk 7,000,000",2022,"1,490 cc","47,226 km",4
Toyota Corolla Cross Z PKG 2022,Toyota,Corolla Cross,Automatic,"Hybrid, Octane","Tk 4,775,000",2022,"1,790 cc","46,300 km",4
Toyota Noah X OCTEN KEY 1DR PWR 2020,Toyota,Noah,Automatic,Octane,"Tk 3,350,000",2020,"2,000 cc","180,000 km",6
Toyota Axio EX-PKG 2020,Toyota,Axio,Automatic,Octane,"Tk 3,125,000",2020,"1,490 cc","33,298 km",6
Toyota Noah X-PKG 2022,Toyota,Noah,Automatic,Octane,"Tk 5,800,000",2022,"1,980 cc","62,010 km",4
Toyota Prius STS-PKG 2021,Toyota,Prius,Automatic,"Hybrid, Octane","Tk 3,975,000",2021,"1,790 cc","29,492 km",5
Toyota Premio F-PKG 2020,Toyota,Premio,Automatic,Octane,"Tk 4,150,000",2020,"1,490 cc","86,716 km",6
Toyota Land Cruiser T-XL-PKG 2021,Toyota,Land Cruiser,Automatic,Octane,"Tk 16,400,000",2021,"2,690 cc","21,951 km",5
Toyota Harrier ZLP Package 2023,Toyota,Harrier,Automatic,Octane,"Tk 10,600,000",2023,"1,980 cc","16,593 km",3
Lexus NX 300H F- SPORTS 2020,Lexus,NX,Automatic,"Hybrid, Octane","Tk 9,000,000",2020,"2,490 cc","44,629 km",6
Toyota RAV4 G PKG HYB 4.5 POINT 2021,Toyota,RAV4,Automatic,Hybrid,"Tk 6,600,000",2021,"2,500 cc","79,000 km",5
Toyota Hiace Dx 2020,Toyota,Hiace,Automatic,Octane,"Tk 2,999,999",2020,"2,000 cc","101,232 km",6
Toyota Axio EXREADYSHOWROOM 2020,Toyota,Axio,Automatic,"Petrol, Hybrid, Octane","Tk 2,270,000",2020,"1,500 cc","35,000 km",6
Honda Vezel E PLAY eHEV HV 2022,Honda,Vezel,Automatic,Hybrid,"Tk 4,600,000",2022,"1,500 cc","17,432 km",4
Toyota Aqua HYBRID 2021,Toyota,Aqua,Automatic,Hybrid,"Tk 2,150,000",2021,"1,500 cc","36,542 km",5
"Toyota Noah aa, aa aaaaa2aaaa.aa,aa 2020",Toyota,Noah,Automatic,"Petrol, Hybrid, Octane","Tk 3,650,000",2020,"1,800 cc","63,000 km",6
Toyota Fielder NON HYBRID EX PKG 2020,Toyota,Fielder,Automatic,Octane,"Tk 2,650,000",2020,"2,000 cc","125,321 km",6
Toyota Corolla Cross Z LEATHER PANAROMIC 2023,Toyota,Corolla Cross,Automatic,"Petrol, Hybrid, Octane","Tk 5,050,000",2023,"1,800 cc","32,000 km",3
Toyota Fielder NON HYBRID 2021,Toyota,Fielder,Automatic,Octane,"Tk 2,650,000",2021,"1,500 cc","45,613 km",5
Toyota RAV4 Hybrid X 2021,Toyota,RAV4,Automatic,"Petrol, Hybrid, Octane","Tk 5,100,000",2021,"2,500 cc","73,524 km",5
Toyota Crown Hybrid 2022,Toyota,Crown,Automatic,Hybrid,"Tk 9,000,000",2022,"2,500 cc","90,000 km",4
Toyota Yaris Cross HYBRID X 2021,Toyota,Yaris Cross,Automatic,"Hybrid, Octane","Tk 2,800,000",2021,"1,500 cc","59,642 km",5
Toyota Voxy Hybrid ZS-KERAMIKE 2 2021,Toyota,Voxy,Automatic,Hybrid,"Tk 3,350,000",2021,"1,800 cc","41,230 km",5
Toyota Voxy Z-S KIRAMEKI BLACK 2020,Toyota,Voxy,Automatic,Hybrid,"Tk 3,550,000",2020,"1,800 cc","71,360 km",6
Toyota Voxy Z-S KIRAMEKI PEARL 2020,Toyota,Voxy,Automatic,"Petrol, Octane","Tk 3,750,000",2020,"2,000 cc","78,360 km",6
Toyota Axio EX HYBRID SILVER 2020,Toyota,Axio,Automatic,Hybrid,"Tk 2,460,000",2020,"1,500 cc","76,200 km",6
Toyota Corolla 90 1991,Toyota,Corolla,Automatic,"CNG, Octane","Tk 295,000",1991,"1,300 cc","125,000 km",35
Toyota Harrier Petrol Z Pkg Pearl 2020,Toyota,Harrier,Automatic,Petrol,"Tk 7,980,000",2020,"2,000 cc","38,500 km",6
Toyota Premio F-EX PEARL GRADE-4.5 2020,Toyota,Premio,Automatic,"Petrol, Octane","Tk 4,600,000",2020,"1,500 cc","45,600 km",6
Toyota Noah Hybrid 2 Door power 2020,Toyota,Noah,Automatic,Hybrid,"Tk 3,340,000",2020,"1,800 cc","71,452 km",6
Toyota Aqua s push start 2020,Toyota,Aqua,Automatic,Hybrid,"Tk 2,020,000",2020,"1,500 cc","83,589 km",6
Toyota Noah Hybrid 2022,Toyota,Noah,Automatic,Hybrid,"Tk 3,950,000",2022,"1,800 cc","46,269 km",4
Toyota Axio Push 2019,Toyota,Axio,Automatic,Hybrid,"Tk 2,295,000",2019,"1,500 cc","31,020 km",7
Toyota Noah S-Z Full Loaded 2024,Toyota,Noah,Automatic,"Hybrid, Octane","Tk 5,070,000",2024,"1,800 cc","4,936 km",2
Toyota Noah X Dhaka Ready 2020,Toyota,Noah,Automatic,"Hybrid, Octane","Tk 3,220,000",2020,"1,800 cc","85,000 km",6
Toyota Hiace GL DUAL AC READY 2020,Toyota,Hiace,Automatic,Octane,"Tk 3,230,000",2020,"2,000 cc","89,475 km",6
Toyota Axio NON HYBRID EX READY 2020,Toyota,Axio,Automatic,Octane,"Tk 2,570,000",2020,"1,500 cc","75,896 km",6
Toyota Hiace GL DUAL AC READY 2020,Toyota,Hiace,Automatic,Octane,"Tk 3,420,000",2020,"2,000 cc","85,245 km",6
Toyota Hiace DX 2021,Toyota,Hiace,Automatic,Octane,"Tk 3,350,000",2021,"2,000 cc","96,873 km",5
Toyota Axio Non Hybrid 2020,Toyota,Axio,Automatic,Octane,"Tk 2,610,000",2020,"1,500 cc","47,569 km",6
Toyota Hiace GL 2020,Toyota,Hiace,Automatic,Octane,"Tk 3,300,000",2020,"2,000 cc","85,752 km",6
Toyota Axio EX HYBRID DHAKAREADY 2020,Toyota,Axio,Automatic,"Hybrid, Octane","Tk 2,260,000",2020,"1,500 cc","74,152 km",6
Toyota Hiace GL 2020,Toyota,Hiace,Automatic,Octane,"Tk 3,230,000",2020,"2,000 cc","208,000 km",6
Toyota Fielder EX 2020,Toyota,Fielder,Automatic,"Hybrid, Octane","Tk 2,400,000",2020,"1,500 cc","53,698 km",6
Toyota Axio NON HYBRID EX PUSH 2020,Toyota,Axio,Automatic,Octane,"Tk 2,580,000",2020,"1,500 cc","77,582 km",6
Toyota Noah SI WXB2 Upcoming2026 2020,Toyota,Noah,Automatic,"Hybrid, Octane","Tk 3,780,000",2020,"1,800 cc","38,908 km",6
Toyota Esquire GI PREMIUM HYBRID 2020,Toyota,Esquire,Automatic,"Hybrid, Octane","Tk 4,150,000",2020,"1,800 cc","69,875 km",6
Toyota Esquire NON HY XI PUSH START 2020,Toyota,Esquire,Automatic,"Petrol, Octane","Tk 4,250,000",2020,"2,000 cc","53,000 km",6
Toyota Noah X 2020,Toyota,Noah,Automatic,Hybrid,"Tk 3,100,000",2020,"1,800 cc","148,000 km",6
Toyota Axio Hybrid EX PushStart 2020,Toyota,Axio,Automatic,"Petrol, Hybrid, Octane","Tk 2,430,000",2020,"1,500 cc","70,000 km",6
Toyota Vista 1993,Toyota,Vista,Automatic,"CNG, Octane","Tk 380,000",2001,"1,800 cc","133,000 km",25
Toyota C-HR G LED 2020,Toyota,C-HR,Automatic,Hybrid,"Tk 3,200,000",2020,"1,800 cc","95,000 km",6
Toyota Hiace White 2020,Toyota,Hiace,Automatic,Octane,"Tk 3,430,000",2020,"2,000 cc","46,000 km",6
Toyota Fielder X 2004,Toyota,Fielder,Automatic,"CNG, Octane","Tk 1,050,000",2004,"1,500 cc","128,000 km",22
Toyota Axio EX Non-Hybrid 2020,Toyota,Axio,Automatic,Octane,"Tk 2,850,000",2020,"1,500 cc","43,000 km",6
Toyota Corolla Cross 2021,Toyota,Corolla Cross,Automatic,"Hybrid, Octane","Tk 4,700,000",2021,"1,800 cc","78,000 km",5
Toyota Fielder Ex Black Ready UT 2020,Toyota,Fielder,Automatic,"Petrol, Hybrid, Octane","Tk 2,250,000",2020,"1,500 cc","49,452 km",6
Toyota Corolla GX LED Hybrid 2020,Toyota,Corolla,Automatic,"Hybrid, Octane","Tk 3,000,000",2020,"1,800 cc","45,000 km",6
Toyota Hiace Super GL Key ST 2020,Toyota,Hiace,Automatic,"Petrol, Octane","Tk 3,950,000",2020,"2,000 cc","82,000 km",6
Honda Insight 2022,Honda,Insight,Automatic,Octane,"Tk 4,200,000",2022,"1,500 cc","42,000 km",4
Toyota Noah G Push 2 Door PW 2020,Toyota,Noah,Automatic,"Petrol, Hybrid, Octane","Tk 3,280,000",2020,"1,800 cc","56,000 km",6
Nissan X-Trail New Shape 2022,Nissan,X-Trail,Automatic,"Hybrid, Octane","Tk 6,050,000",2022,"1,500 cc","14,023 km",4
Toyota Noah X KEY NONHY 2DP P-4 2021,Toyota,Noah,Automatic,"Petrol, Octane","Tk 3,800,000",2021,"2,000 cc","64,601 km",5
Toyota Corolla G-S Pearl Color 070 2020,Toyota,Corolla,Automatic,"Petrol, Hybrid, Octane","Tk 2,760,000",2020,"1,800 cc","114,200 km",6
Toyota Corolla SHOWROOM-READY 2020,Toyota,Corolla,Automatic,"Petrol, Hybrid, Octane","Tk 2,800,000",2020,"1,800 cc","58,512 km",6
Toyota Noah SHOWROOM-READY 2021,Toyota,Noah,Automatic,"Petrol, Octane","Tk 3,700,000",2021,"2,000 cc","68,512 km",5
Lexus RX 500h F Sports 2023,Lexus,RX,Automatic,"Hybrid, Octane","Tk 20,500,000",2023,"2,400 cc","1,241 km",3
Toyota Yaris Cross Pearl. 2020,Toyota,Yaris Cross,Automatic,"Hybrid, Octane","Tk 3,450,000",2020,"1,500 cc","45,124 km",6
"Toyota Aqua S STYLE , 4 CAMERA 2020",Toyota,Aqua,Automatic,Hybrid,"Tk 2,030,000",2020,"1,500 cc","111,000 km",6
Lexus RX300 F SPORTS 2022,Lexus,RX300,Automatic,"Petrol, Octane","Tk 15,000,000",2022,"2,000 cc","36,000 km",4
Honda Insight EX READY ... 2021,Honda,Insight,Automatic,"Petrol, Hybrid, Octane","Tk 4,300,000",2021,"1,500 cc","54,000 km",5
Nissan X-Trail E.B P 2020,Nissan,X-Trail,Automatic,"Petrol, Hybrid, Octane","Tk 3,850,000",2020,"2,000 cc","36,000 km",6
Toyota C-HR GR SPORTS 2020,Toyota,C-HR,Automatic,"Petrol, Hybrid, Octane","Tk 3,750,000",2020,"1,800 cc","56,458 km",6
Toyota RAV4 G-Z NON-HB READY 2020,Toyota,RAV4,Automatic,"Petrol, Octane","Tk 7,500,000",2020,"2,000 cc","37,000 km",6
Toyota Noah NON HYBRID- X 2021,Toyota,Noah,Automatic,"Petrol, Octane","Tk 3,850,000",2021,"2,000 cc","76,444 km",5
"Toyota Corolla Cross Z , POINT  4.5 2022",Toyota,Corolla Cross,Automatic,Hybrid,"Tk 4,590,000",2022,"1,800 cc","30,635 km",4
Toyota Corolla Cross Hybrid BRAND NEW 2025,Toyota,Corolla Cross,Automatic,"Petrol, Hybrid, Octane","Tk 6,300,000",2025,"1,800 cc",150 km,1
"Toyota RAV4 G Z Package,Sunroof 2020",Toyota,RAV4,Automatic,"Petrol, Octane","Tk 7,500,000",2020,"2,000 cc","33,124 km",6
"Toyota RAV4 G-Z,NON-HYBRID 2020",Toyota,RAV4,Automatic,"Petrol, Octane","Tk 7,500,000",2020,"2,000 cc","27,748 km",6
Toyota Raize Z HYBRID READY CAR 2021,Toyota,Raize Z,Automatic,"Petrol, Hybrid, Octane","Tk 3,800,000",2021,"1,200 cc","8,011 km",5
Toyota Corolla Cross Z PKG-HARD TOP-360 2022,Toyota,Corolla Cross,Automatic,"Petrol, Hybrid, Octane","Tk 4,650,000",2022,"1,800 cc","38,448 km",4
Lexus RX 500h Hybrid 2023,Lexus,RX,Automatic,"Petrol, Hybrid, Octane","Tk 20,500,000",2023,"2,400 cc","1,510 km",3
Toyota Harrier PREMIUM METAL LEATHE 2020,Toyota,Harrier,Automatic,Octane,"Tk 6,825,000",2020,"2,000 cc","77,000 km",6
Honda Insight Ex Prime Style 2021,Honda,Insight,Automatic,"Petrol, Hybrid, Octane","Tk 4,400,000",2021,"1,500 cc","47,680 km",5
Honda Accord 1st hand 2019,Honda,Accord,Automatic,Octane,"Tk 4,300,000",2019,"1,500 cc","60,000 km",7
Honda Accord 2011,Honda,Accord,Automatic,Octane,"Tk 1,750,000",2011,"2,000 cc","61,500 km",15
Toyota Vitz  aaaa.aao aoa 2009,Toyota,Vitz,Automatic,Octane,"Tk 880,000",2009,"1,000 cc","65,858 km",17
Toyota Allion  G PACKAGE 2004,Toyota,Allion,Automatic,"Octane, LPG","Tk 1,395,000",2004,"1,500 cc","75,681 km",22
Toyota Axio X-New Shape 2012,Toyota,Axio,Automatic,Octane,"Tk 1,670,000",2012,"1,500 cc","85,800 km",14
Toyota Axio GPkg. Push 2013,Toyota,Axio,Automatic,"CNG, Octane","Tk 1,750,000",2013,"1,500 cc","85,800 km",13
Honda Vezel Z Pack. Japan color 2014,Honda,Vezel,Automatic,"Hybrid, Octane","Tk 1,595,000",2014,"1,500 cc","112,050 km",12
Toyota Corolla Cross Z Black Full Option 2022,Toyota,Corolla Cross,Automatic,Hybrid,"Tk 4,880,000",2022,"1,800 cc","32,900 km",4
Toyota Noah Si wxb Hybrid 2020,Toyota,Noah,Automatic,Hybrid,"Tk 3,580,000",2020,"1,800 cc","88,354 km",6
Toyota Noah Hybrid 4 Grade 2020,Toyota,Noah,Automatic,Hybrid,"Tk 3,100,000",2020,"1,800 cc","94,278 km",6
Toyota Premio F STANDARD Ready 2020,Toyota,Premio,Automatic,Octane,"Tk 3,760,000",2020,"1,500 cc","46,000 km",6
Toyota Hiace DUAL AC GL 2020,Toyota,Hiace,Automatic,"Petrol, Octane","Tk 3,400,000",2020,"2,000 cc","57,410 km",6
Toyota C-HR HYBRIDGR-SPORTS 4. 2020,Toyota,C-HR,Automatic,"Petrol, Hybrid, Octane","Tk 3,770,000",2020,"1,800 cc","52,000 km",6
Toyota Axio EX Dhaka Ready 2020,Toyota,Axio,Automatic,"Hybrid, Octane","Tk 2,450,000",2020,"1,500 cc","17,500 km",6
Toyota Sienta G Safety 2DP 360 Cam 2020,Toyota,Sienta,Automatic,"Petrol, Hybrid, Octane","Tk 2,800,000",2020,"1,500 cc","72,589 km",6
Toyota Axio EX OCTANE 2020 Black,Toyota,Axio,Automatic,Petrol,"Tk 3,020,000",2020,"1,500 cc","103,000 km",6
Toyota Crown Hybrid 2020,Toyota,Crown,Automatic,"Petrol, Hybrid, Octane","Tk 7,300,000",2020,"2,500 cc","65,510 km",6
Toyota Yaris SHOWROOM-READY 2020,Toyota,Yaris,Automatic,"Petrol, Hybrid, Octane","Tk 2,400,000",2020,"1,500 cc","51,512 km",6
Toyota Corolla Cross Z LEATHER 2022,Toyota,Corolla Cross,Automatic,"Petrol, Hybrid, Octane","Tk 4,900,000",2022,"1,800 cc","44,510 km",4
Toyota Voxy S-Z HYBRID READY 2023,Toyota,Voxy,Automatic,"Petrol, Hybrid, Octane","Tk 5,800,000",2023,"1,800 cc","28,500 km",3
Toyota Harrier Z LEATHER JBL 360CAM 2020,Toyota,Harrier,Automatic,"Petrol, Octane","Tk 8,050,000",2020,"2,000 cc","42,500 km",6
Nissan X-Trail SUNROOF 2012,Nissan,X-Trail,Automatic,Octane,"Tk 2,380,000",2012,"2,000 cc","75,685 km",14
Toyota Corolla Cross Z SUNROOF 5PT5000KM 2024,Toyota,Corolla Cross,Automatic,"Hybrid, Octane","Tk 5,460,000",2024,"1,800 cc","5,000 km",2
"Toyota Noah Si Wxb HV 2, GRADE 4 2020",Toyota,Noah,Automatic,Hybrid,"Tk 3,600,000",2020,"1,800 cc","122,000 km",6
Toyota Noah S-Z Package 2022,Toyota,Noah,Automatic,"Hybrid, Octane","Tk 4,600,000",2022,"1,800 cc","85,000 km",4
Toyota Allion G Pkg Ready 2019,Toyota,Allion,Automatic,"Petrol, Octane","Tk 3,950,000",2019,"1,500 cc","75,488 km",7
Lexus RX300 Ready Stock 2020,Lexus,RX300,Automatic,"Petrol, Octane","Tk 12,900,000",2020,"2,000 cc","36,552 km",6
Lexus RX300 Ready Stock 2019,Lexus,RX300,Automatic,"Petrol, Octane","Tk 1,150,000",2019,"2,000 cc","35,248 km",7
Toyota Harrier ZLP-PKG 2022,Toyota,Harrier,Automatic,Octane,"Tk 9,700,000",2022,"1,980 cc","36,158 km",4
Honda CR-V EXM Package 2020,Honda,CR-V,Automatic,Octane,"Tk 6,100,000",2020,"1,490 cc","24,410 km",6
Nissan Lafesta GOOD CONDITIONS 2007,Nissan,Lafesta,Automatic,Octane,"Tk 1,150,000",2007,"2,000 cc","86,585 km",19
Honda CR-V EXM Package 2022,Honda,CR-V,Automatic,Octane,"Tk 7,100,000",2022,"1,490 cc","28,710 km",4
Toyota Premio F STANDARD PACKAGE 2020,Toyota,Premio,Automatic,Octane,"Tk 3,780,000",2020,"1,500 cc","67,423 km",6
Toyota Esquire GI HYBRID DHAKAREADY 2021,Toyota,Esquire,Automatic,"Hybrid, Octane","Tk 4,020,000",2021,"1,800 cc","57,896 km",5
Toyota Fielder HYBRID EX PUSH 2020,Toyota,Fielder,Automatic,"Hybrid, Octane","Tk 2,400,000",2020,"1,500 cc","52,963 km",6
Toyota Corolla Cross HARDTOP HYBRID Z PKG 2020,Toyota,Corolla Cross,Automatic,Hybrid,"Tk 4,750,000",2020,"1,800 cc","18,456 km",6
Toyota Hiace DARK 2020,Toyota,Hiace,Automatic,"Petrol, Octane","Tk 4,280,000",2020,"2,000 cc","40,000 km",6
Toyota Corolla Cross Z Pkg Redwine Color 2022,Toyota,Corolla Cross,Automatic,Hybrid,"Tk 4,620,000",2022,"1,800 cc","22,300 km",4
Toyota Noah S-Z HYBRID BLACK 2023,Toyota,Noah,Automatic,Hybrid,"Tk 4,980,000",2023,"1,800 cc","26,350 km",3
Toyota Axio EX HYBRID WHITE 2020,Toyota,Axio,Automatic,Hybrid,"Tk 2,280,000",2020,"1,500 cc","99,000 km",6
Toyota Harrier Hybrid Z Pkg Pearl 2023,Toyota,Harrier,Automatic,Hybrid,"Tk 9,530,000",2023,"2,500 cc","5,200 km",3
Toyota Hiace DX White RA Point 2020,Toyota,Hiace,Automatic,Petrol,"Tk 3,300,000",2020,"2,000 cc","72,000 km",6
Toyota Harrier Hybrid Z Beige Color 2020,Toyota,Harrier,Automatic,Hybrid,"Tk 7,380,000",2020,"2,500 cc","88,000 km",6
Toyota C-HR G-LED YELLOW OFFER 2020,Toyota,C-HR,Automatic,"Petrol, Hybrid, Octane","Tk 3,550,000",2020,"1,800 cc","61,000 km",6
Toyota Hiace SUPER GL BLACK KEY 2020,Toyota,Hiace,Automatic,"Petrol, Octane","Tk 4,050,000",2020,"2,000 cc","77,700 km",6
Toyota Fielder EX HYBRID SILVER 2020,Toyota,Fielder,Automatic,"Petrol, Hybrid, Octane","Tk 2,150,000",2020,"1,500 cc","54,000 km",6
Toyota Axio Hybrid 2020,Toyota,Axio,Automatic,Hybrid,"Tk 2,230,000",2020,"1,500 cc","67,324 km",6
Toyota Voxy 2 Door power Hybrid 2020,Toyota,Voxy,Automatic,Hybrid,"Tk 3,250,000",2020,"1,800 cc","81,460 km",6
Toyota Prius S Touring Grade- 4 2018,Toyota,Prius,Automatic,Hybrid,"Tk 2,780,000",2018,"1,800 cc","89,354 km",8
Toyota Axio aaa1aaaaaaa-a-aaaa aa 2020,Toyota,Axio,Automatic,"Petrol, Octane","Tk 2,670,000",2020,"1,500 cc","73,279 km",6
Toyota Noah Hybrid- Ready Unit 2022,Toyota,Noah,Automatic,Hybrid,"Tk 3,940,000",2022,"1,800 cc","45,892 km",4
Toyota Axio EX 2020,Toyota,Axio,Automatic,"Hybrid, Octane","Tk 2,300,000",2020,"1,500 cc","43,685 km",6
Toyota Allion G Plus Upcoming 2020,Toyota,Allion,Automatic,Octane,"Tk 4,000,000",2020,"1,500 cc","34,568 km",6
Toyota Prius S Touring 2020,Toyota,Prius,Automatic,Octane,"Tk 2,920,000",2020,"1,500 cc","37,856 km",6
Toyota Fielder Ex Blue Push ST 2020,Toyota,Fielder,Automatic,"Petrol, Hybrid, Octane","Tk 2,500,000",2020,"1,500 cc","49,120 km",6
Toyota Crown SHOWROOM-READY 2020,Toyota,Crown,Automatic,"Petrol, Hybrid, Octane","Tk 7,300,000",2020,"2,500 cc","80,512 km",6
Toyota Corolla Cross Z 2023,Toyota,Corolla Cross,Automatic,"Hybrid, Octane","Tk 5,300,000",2023,"1,790 cc","42,200 km",3
Toyota C-HR G Mode Nero 2019,Toyota,C-HR,Automatic,"Hybrid, Octane","Tk 3,050,000",2019,"1,800 cc","65,286 km",7
Toyota Voxy Zs Kirameki Hybrid 2020,Toyota,Voxy,Automatic,Hybrid,"Tk 3,430,000",2020,"1,800 cc","77,341 km",6
Toyota Corolla Cross Z LEATHER 2022,Toyota,Corolla Cross,Automatic,"Petrol, Hybrid, Octane","Tk 4,500,000",2022,"1,800 cc","52,000 km",4
Toyota Starlet a.aaaaaa a-aa 1999,Toyota,Starlet,Automatic,"CNG, Octane","Tk 550,000",1999,"1,331 cc","86,598 km",27
Toyota Starlet aoa aaaa.aao 1991,Toyota,Starlet,Automatic,Octane,"Tk 495,000",1991,"1,331 cc","86,585 km",35
Toyota Hiace GL 2011,Toyota,Hiace,Automatic,"CNG, Octane","Tk 1,699,999",2011,"2,000 cc","90,000 km",15
Toyota Harrier Z LEATHER PKG 2020,Toyota,Harrier,Automatic,"Petrol, Octane","Tk 7,700,000",2020,"2,000 cc","42,512 km",6
BMW X5 OCTANE 2001,BMW,X5,Manual,Octane,"Tk 2,500,000",2001,"3,000 cc","86,585 km",25
Toyota Hiace GL PACKAGE DUAL AC 2022,Toyota,Hiace,Automatic,"Petrol, Octane","Tk 3,390,000",2022,"2,000 cc","68,521 km",4
Toyota Esquire Gi premium non hyv 2020,Toyota,Esquire,Automatic,"Petrol, Octane","Tk 4,450,000",2020,"2,000 cc","95,000 km",6
Toyota Corolla Cross Z LEATHER PANAROMIC 2022,Toyota,Corolla Cross,Automatic,"Petrol, Hybrid, Octane","Tk 4,950,000",2022,"1,800 cc","36,406 km",4
Toyota Premio . f 2021,Toyota,Premio,Automatic,"Petrol, Octane","Tk 4,450,000",2021,"1,500 cc","21,000 km",5
Toyota C-HR G LED HYBRID TWO TON 2019,Toyota,C-HR,Automatic,Hybrid,"Tk 3,380,000",2019,"1,800 cc","31,432 km",7
Toyota Voxy Sz-Package 2022,Toyota,Voxy,Automatic,"Hybrid, Octane","Tk 5,400,000",2022,"1,790 cc","49,405 km",4
Toyota Axio Octane Drive Only 2010,Toyota,Axio,Automatic,Octane,"Tk 1,590,000",2010,"1,500 cc","97,500 km",16
Toyota Axio EX Hybrid 2020,Toyota,Axio,Automatic,Octane,"Tk 2,500,000",2020,"1,500 cc","57,000 km",6
Toyota Starlet Reflect 1997,Toyota,Starlet,Automatic,Octane,"Tk 575,000",1997,"1,331 cc","99,000 km",29
Toyota Fielder Ready Unit- 4 Point 2020,Toyota,Fielder,Automatic,Hybrid,"Tk 2,320,000",2020,"1,500 cc","89,453 km",6
Toyota Noah G PUSH 2 DOOR POWER 2020,Toyota,Noah,Automatic,"Hybrid, Octane","Tk 3,380,000",2020,"1,800 cc","81,000 km",6
"Toyota Fielder aaa.aa, aaaa a,aaYa. 2020",Toyota,Fielder,Automatic,"Petrol, Hybrid, Octane","Tk 2,330,000",2020,"1,500 cc","35,000 km",6
Toyota Corolla Cross Z LEATEHR HYBRID 2021,Toyota,Corolla Cross,Automatic,Hybrid,"Tk 4,480,000",2021,"1,800 cc","44,763 km",5
Honda Insight LX HYBRID PUSH 2021,Honda,Insight,Automatic,Hybrid,"Tk 3,650,000",2021,"1,500 cc","123,542 km",5
Toyota Alphard EXECUTIVE LOUNGE 2020,Toyota,Alphard,Automatic,"Petrol, Hybrid, Octane","Tk 10,800,000",2020,"2,500 cc","45,000 km",6
Toyota Prius Hybrid U 2023,Toyota,Prius,Automatic,Hybrid,"Tk 4,100,000",2023,"2,500 cc","22,620 km",3
Toyota Voxy Hybrid 2023,Toyota,Voxy,Automatic,"Petrol, Hybrid, Octane","Tk 5,800,000",2023,"1,800 cc","18,510 km",3
"Toyota C-HR G LED, BODYKIT 2020",Toyota,C-HR,Automatic,Hybrid,"Tk 3,480,000",2020,"1,800 cc","28,890 km",6
Toyota  FUNCERGO 2004,Toyota,Other Model,Automatic,Octane,"Tk 780,000",2004,"1,331 cc","62,586 km",22
Toyota Hiace GL DUAL AC 2020,Toyota,Hiace,Automatic,"Petrol, Octane","Tk 3,350,000",2020,"2,000 cc","45,700 km",6
Toyota Hiace Super-GL Dark-Prime2 2020,Toyota,Hiace,Automatic,"Petrol, Octane","Tk 4,500,000",2020,"2,000 cc","113,000 km",6
Toyota Axio EX WHITE HYBRID 2020,Toyota,Axio,Automatic,"Hybrid, Octane","Tk 2,400,000",2020,"1,500 cc","126,000 km",6
Toyota Fielder EX-NON HYBRID G-4.5 2021,Toyota,Fielder,Automatic,Octane,"Tk 3,200,000",2021,"1,500 cc","87,000 km",5
Toyota Hiace SUPER-GL DARK PRIME2 2021,Toyota,Hiace,Automatic,Octane,"Tk 4,900,000",2021,"2,000 cc","48,000 km",5
Toyota Esquire GI Premium HYBRID 2020,Toyota,Esquire,Automatic,"Hybrid, Octane","Tk 4,050,000",2020,"1,800 cc","72,036 km",6
Honda Insight EX-PKG BLUECOLOR G-4 2020,Honda,Insight,Automatic,Hybrid,"Tk 3,820,000",2020,"1,500 cc","96,000 km",6
"Toyota Esquire GI-PREMIUM, GRAD-4.0 2021",Toyota,Esquire,Automatic,Hybrid,"Tk 4,280,000",2021,"1,800 cc","44,000 km",5
Toyota Axio EX-HYBRID SILVER 2020,Toyota,Axio,Automatic,Hybrid,"Tk 2,330,000",2020,"1,500 cc","172,000 km",6
Toyota C-HR G-LED 360 CAMERA 2020,Toyota,C-HR,Automatic,Hybrid,"Tk 3,400,000",2020,"1,800 cc","85,000 km",6
Toyota Noah S-Z PACKAGE 2022,Toyota,Noah,Automatic,Hybrid,"Tk 4,600,000",2022,"1,800 cc","88,000 km",4
Toyota Harrier Z Leather Non Hybrid 2020,Toyota,Harrier,Automatic,"Petrol, Octane","Tk 7,890,000",2020,"2,000 cc","44,000 km",6
Toyota Harrier Z Leather Non Hybrid 2020,Toyota,Harrier,Automatic,"Petrol, Octane","Tk 7,790,000",2020,"2,000 cc","67,000 km",6
Toyota Hiace Dual Ac Silver 2020,Toyota,Hiace,Automatic,"Petrol, Octane","Tk 3,620,000",2020,"2,000 cc","39,000 km",6
Toyota Voxy S-Z 2022,Toyota,Voxy,Automatic,Hybrid,"Tk 5,450,000",2022,"1,800 cc","34,000 km",4
Toyota Harrier premium  2020,Toyota,Harrier,Automatic,"Petrol, Octane","Tk 6,750,000",2020,"2,000 cc","40,000 km",6
Toyota Hiace super gl dark prime2 2022,Toyota,Hiace,Automatic,"Petrol, CNG, Octane, LPG","Tk 4,500,000",2022,"2,000 cc","53,000 km",4
Toyota Harrier Z LEATHER HYBRID 2021,Toyota,Harrier,Automatic,Hybrid,"Tk 6,900,000",2021,"2,500 cc","51,000 km",5
Toyota Fielder EX PKG NON HYB 2020,Toyota,Fielder,Automatic,Octane,"Tk 2,580,000",2020,"1,500 cc","208,000 km",6
Toyota Corolla Cross Z 2022,Toyota,Corolla Cross,Automatic,"Hybrid, Octane","Tk 4,700,000",2022,"1,790 cc","28,900 km",4
Toyota Corolla G-X 2020,Toyota,Corolla,Automatic,"Hybrid, Octane","Tk 3,150,000",2020,"1,790 cc","49,200 km",6
Toyota Noah Z HYBRID 4.5POINT 2022,Toyota,Noah,Automatic,"Hybrid, Octane","Tk 4,630,000",2022,"1,800 cc","96,000 km",4
Nissan Bluebird All Power 2006,Nissan,Bluebird,Automatic,Octane,"Tk 1,270,000",2006,"1,500 cc","78,542 km",20
Toyota Yaris Hybrid x 2021,Toyota,Yaris,Automatic,Hybrid,"Tk 1,900,000",2021,"1,500 cc","80,000 km",5
Toyota Alphard Executive Lounge 2021,Toyota,Alphard,Automatic,Hybrid,"Tk 9,400,000",2021,"2,500 cc","56,420 km",5
Toyota Yaris Hybrid X 2021,Toyota,Yaris,Automatic,Hybrid,"Tk 1,900,000",2021,"1,500 cc","46,520 km",5
Toyota Corolla Hybrid WxB package 2021,Toyota,Corolla,Automatic,Hybrid,"Tk 2,850,000",2021,"1,800 cc",133 km,5
Toyota Axio FIELDER Hybrid EX 2020,Toyota,Axio,Automatic,Hybrid,"Tk 2,250,000",2020,"1,500 cc","41,520 km",6
Toyota Voxy Hybrid ZS-KERAMIKE 3 2020,Toyota,Voxy,Automatic,Hybrid,"Tk 3,400,000",2020,"1,800 cc","44,412 km",6
Toyota Axio EX HYBRID WHITE 2020,Toyota,Axio,Automatic,Hybrid,"Tk 2,250,000",2020,"1,500 cc","97,200 km",6
Toyota Hiace GL BLACK DUAL AC 2022,Toyota,Hiace,Automatic,"Petrol, Octane","Tk 3,550,000",2022,"2,000 cc","67,350 km",4
Toyota Yaris Cross Z LEATHER GRAY AP-4 2021,Toyota,Yaris Cross,Automatic,Hybrid,"Tk 3,350,000",2021,"1,500 cc","53,650 km",5
Toyota Voxy Z-S KIRAMIIKI 3 2021,Toyota,Voxy,Automatic,Hybrid,"Tk 3,350,000",2021,"1,800 cc","59,000 km",5
Toyota Axio X. 2015,Toyota,Axio,Automatic,"CNG, Octane","Tk 1,790,000",2015,"1,500 cc","84,752 km",11
Toyota Corolla Cross Z Black Full Option 2022,Toyota,Corolla Cross,Automatic,Hybrid,"Tk 4,650,000",2022,"1,800 cc","21,000 km",4
Toyota Corolla Cross Z Pearl Full Option 2022,Toyota,Corolla Cross,Automatic,Hybrid,"Tk 4,690,000",2022,"1,800 cc","74,000 km",4
Toyota Hiace DX Silver 3 Point 2020,Toyota,Hiace,Automatic,Petrol,"Tk 3,300,000",2020,"2,000 cc","89,000 km",6
Toyota Hiace DX Pkg Silver Color 2020,Toyota,Hiace,Automatic,Petrol,"Tk 3,350,000",2020,"2,000 cc","65,900 km",6
Toyota Aqua S Style Pkg Black 2020,Toyota,Aqua,Automatic,Hybrid,"Tk 1,980,000",2020,"1,500 cc","110,000 km",6
Toyota Fielder EX HYBRID WHITE 2020,Toyota,Fielder,Automatic,"Petrol, Hybrid, Octane","Tk 2,220,000",2020,"1,500 cc","66,000 km",6
Toyota Hiace Super GL White 2020,Toyota,Hiace,Automatic,Petrol,"Tk 4,190,000",2020,"2,000 cc","101,000 km",6
Toyota Axio X Non Hybrid 2019,Toyota,Axio,Automatic,"Petrol, Octane","Tk 2,450,000",2019,"1,500 cc","67,000 km",7
Toyota Corolla Cross Z HYBRID RED OFFER 2022,Toyota,Corolla Cross,Automatic,"Petrol, Hybrid, Octane","Tk 4,450,000",2022,"1,800 cc","47,000 km",4
Toyota Premio F-EX Pearl point 4.5 2020,Toyota,Premio,Automatic,"Petrol, Octane","Tk 4,720,000",2020,"1,500 cc","21,000 km",6
Toyota Aqua S STYLE PKG 4.5 RED 2020,Toyota,Aqua,Automatic,"Hybrid, Octane","Tk 2,150,000",2020,"1,500 cc","88,012 km",6
Mitsubishi Eclipse Cross white 2022,Mitsubishi,Eclipse Cross,Automatic,"Petrol, Octane","Tk 4,800,000",2022,"1,500 cc","6,000 km",4
Toyota Fielder Hybrid 4 point 2020,Toyota,Fielder,Automatic,Hybrid,"Tk 2,320,000",2020,"1,500 cc","89,257 km",6
Toyota Voxy X Dhaka Ready 2020,Toyota,Voxy,Automatic,"Hybrid, Octane","Tk 3,750,000",2020,"1,800 cc","83,000 km",6
Toyota Corolla Cross Zleather Dhaka Ready 2022,Toyota,Corolla Cross,Automatic,"Hybrid, Octane","Tk 4,600,000",2022,"1,800 cc","50,980 km",4
Toyota Premio F 2009,Toyota,Premio,Automatic,Octane,"Tk 2,050,000",2009,"1,500 cc","85,000 km",17
Toyota Premio FEX 2016,Toyota,Premio,Automatic,Octane,"Tk 3,290,000",2016,"1,500 cc","43,000 km",10
Toyota Premio F EX 2021,Toyota,Premio,Automatic,"Petrol, Octane","Tk 4,350,000",2021,"1,500 cc","110,000 km",5
Toyota C-HR Hybrid GR Sports 4.5 2020,Toyota,C-HR,Automatic,"Petrol, Hybrid, Octane","Tk 3,730,000",2020,"1,800 cc","60,000 km",6
Toyota Hiace Super GL 2020 Key ST,Toyota,Hiace,Automatic,"Petrol, Octane","Tk 3,800,000",2020,"2,000 cc","76,120 km",6
Toyota Yaris Cross Z 2021,Toyota,Yaris Cross,Automatic,"Petrol, Hybrid, Octane","Tk 3,420,000",2021,"1,500 cc","19,000 km",5
Toyota Noah Hybrid G Black 2020,Toyota,Noah,Automatic,Hybrid,"Tk 3,500,000",2020,"1,800 cc","30,900 km",6
Toyota Premio Fex 2014,Toyota,Premio,Automatic,Octane,"Tk 2,650,000",2014,"1,500 cc","56,000 km",12
Toyota Alphard Executive Lounge 2020,Toyota,Alphard,Automatic,"Hybrid, Octane","Tk 10,800,000",2020,"2,500 cc","22,760 km",6
Toyota RAV4 Hybrid 2022,Toyota,RAV4,Automatic,"Petrol, Hybrid, Octane","Tk 8,500,000",2022,"2,500 cc","18,510 km",4
Lexus ES 300h 2020,Lexus,ES,Automatic,"Petrol, Octane","Tk 10,700,000",2020,"2,000 cc","55,510 km",6
Toyota Hiace READY SHOWROOM 2020,Toyota,Hiace,Automatic,"Petrol, Octane","Tk 4,300,000",2020,"2,000 cc","78,512 km",6
Toyota Noah SI WXB 3AERO Kitted 2020,Toyota,Noah,Automatic,"Petrol, Hybrid, Octane","Tk 3,700,000",2020,"1,800 cc","70,000 km",6
Toyota Hiace Ready Stock 2020,Toyota,Hiace,Automatic,"Petrol, Octane","Tk 2,999,999",2020,"2,000 cc","75,465 km",6
Toyota Noah SZ Aero Kitted 2025,Toyota,Noah,Automatic,"Petrol, Hybrid, Octane","Tk 6,150,000",2025,"1,800 cc",12 km,1
Toyota Allion A15 PACKAGE 2019,Toyota,Allion,Automatic,Octane,"Tk 3,800,000",2019,"1,490 cc","71,350 km",7
Toyota Raize Z HYBRID 2022,Toyota,Raize Z,Automatic,"Petrol, Hybrid, Octane","Tk 4,250,000",2022,"1,200 cc","42,000 km",4
Toyota Noah G Limited 2020,Toyota,Noah,Automatic,"Petrol, Hybrid, Octane","Tk 3,400,000",2020,"1,800 cc","70,000 km",6
"Honda CR-V EX Masterpiece,M.Kit 2019",Honda,CR-V,Automatic,"Petrol, Octane","Tk 5,890,000",2019,"1,500 cc","24,000 km",7
Toyota Noah X Limited 2020,Toyota,Noah,Automatic,"Petrol, Hybrid, Octane","Tk 3,350,000",2020,"1,800 cc","75,000 km",6
Toyota Voxy ZS KIRAMEKI 2 2020,Toyota,Voxy,Automatic,"Petrol, Hybrid, Octane","Tk 3,450,000",2020,"1,800 cc","75,000 km",6
Toyota Hiace Super GL Dark Prime2 2020,Toyota,Hiace,Automatic,Octane,"Tk 4,260,000",2020,"2,000 cc","95,000 km",6
Toyota Hiace Super GL Dark Prime2 2021,Toyota,Hiace,Automatic,Octane,"Tk 4,480,000",2021,"2,000 cc","53,000 km",5
Toyota Sienta S Hybrid 2017,Toyota,Sienta,Automatic,"Hybrid, Octane","Tk 2,250,000",2017,"1,500 cc","69,759 km",9
Toyota Fielder G Edition 2010,Toyota,Fielder,Automatic,"CNG, Octane","Tk 1,435,000",2010,"1,500 cc","89,265 km",16
Toyota Axio Ex Pkg hybrid Gp-4.0 2020,Toyota,Axio,Automatic,"Petrol, Hybrid, Octane","Tk 2,300,000",2020,"1,500 cc","61,200 km",6
Toyota Carina 1994,Toyota,Carina,Manual,"CNG, Octane","Tk 350,000",1994,"1,500 cc","98,000 km",32
Toyota Noah 2 Door power Hybrid 2020,Toyota,Noah,Automatic,Hybrid,"Tk 3,470,000",2020,"1,800 cc","81,460 km",6
Toyota Wagon 100 2002,Toyota,Wagon 100,Automatic,"CNG, Octane","Tk 350,000",2002,"1,331 cc","123,456 km",24
Toyota Axio X 2008,Toyota,Axio,Automatic,"CNG, Octane","Tk 1,299,999",2008,"1,500 cc","85,423 km",18
Toyota Allion aa2aaaa 2007,Toyota,Allion,Automatic,"CNG, Octane","Tk 1,790,000",2007,"1,500 cc","85,000 km",19
Toyota Noah X NON HYB 68000KM 2020,Toyota,Noah,Automatic,Octane,"Tk 3,450,070",2020,"1,990 cc","68,068 km",6
Toyota Noah X OCTEN KEY 68000KM 2020,Toyota,Noah,Automatic,Octane,"Tk 3,450,000",2020,"2,000 cc","68,000 km",6
Toyota Raize Z HYBRID 4.5 grade 2022,Toyota,Raize Z,Automatic,"Hybrid, Octane","Tk 4,200,000",2022,"1,200 cc","43,000 km",4
Nissan X-Trail octen driven 2014,Nissan,X-Trail,Automatic,Octane,"Tk 2,100,000",2014,"2,000 cc","55,000 km",12
"Toyota Corsa All Original,1stHand 1996",Toyota,Corsa,Automatic,"CNG, Octane","Tk 520,000",1996,"1,331 cc","112,000 km",30
"Toyota Axio X LPG, 1320 CC 2012",Toyota,Axio,Automatic,"Octane, LPG","Tk 1,530,000",2012,"1,320 cc","78,000 km",14
Toyota Axio G Octane Use Only 2013,Toyota,Axio,Automatic,Octane,"Tk 1,850,000",2013,"1,500 cc","68,000 km",13
Toyota Axio Fielder G Edison 2012,Toyota,Axio,Automatic,"CNG, Octane","Tk 1,499,999",2012,"1,500 cc","85,463 km",14
Toyota Axio Non Hybrid EX- READY 2020,Toyota,Axio,Automatic,"Petrol, Octane","Tk 2,550,000",2020,"1,500 cc","67,843 km",6
Toyota Axio EX PUSH 2020,Toyota,Axio,Automatic,Hybrid,"Tk 2,250,000",2020,"1,500 cc","97,000 km",6
Toyota Aqua Hybrid X 2021,Toyota,Aqua,Automatic,Hybrid,"Tk 2,150,000",2021,"1,500 cc","46,452 km",5
Toyota Voxy SZ Massive Grey 56k 2024,Toyota,Voxy,Automatic,Hybrid,"Tk 6,090,000",2024,"1,800 cc","6,800 km",2
Toyota Harrier Z LEATHER 5-POINT 2020,Toyota,Harrier,Automatic,"Petrol, Octane","Tk 8,100,000",2020,"2,000 cc","28,999 km",6
Toyota Corolla Cross Z Black 4.5 Point 2022,Toyota,Corolla Cross,Automatic,Hybrid,"Tk 4,680,000",2022,"1,800 cc","29,600 km",4
Toyota C-HR Hybrid G Nero 4.5 AP 2020,Toyota,C-HR,Automatic,"Petrol, Hybrid, Octane","Tk 3,730,000",2020,"1,800 cc","39,000 km",6
Toyota Harrier Z-LEATHER NONHY 5.00 2020,Toyota,Harrier,Automatic,"Petrol, Octane","Tk 8,400,000",2020,"2,000 cc","5,900 km",6
Toyota Yaris Cross G PKG Red Wine 2021,Toyota,Yaris Cross,Automatic,"Petrol, Hybrid, Octane","Tk 2,900,000",2021,"1,500 cc","125,000 km",5
Toyota Voxy ZS KIRAMEKI HYBRID 2020,Toyota,Voxy,Automatic,"Hybrid, Octane","Tk 3,250,000",2020,"1,800 cc","88,000 km",6
Toyota Crown New Shape 2020,Toyota,Crown,Automatic,"Hybrid, Octane","Tk 7,300,000",2020,"2,500 cc","52,475 km",6
Toyota Noah Ready Stock 2022,Toyota,Noah,Automatic,Hybrid,"Tk 4,250,000",2022,"1,800 cc","45,287 km",4
Toyota Harrier SHOWROOM-READY 2022,Toyota,Harrier,Automatic,"Petrol, Octane","Tk 7,800,000",2022,"2,000 cc","58,512 km",4
Toyota Axio EX HYBRID 4POINT 2020,Toyota,Axio,Automatic,"Hybrid, Octane","Tk 2,369,997",2020,"1,500 cc","85,000 km",6
Honda Insight EX PKG 11000 KM 2022,Honda,Insight,Automatic,Hybrid,"Tk 4,300,000",2022,"1,500 cc","11,000 km",4
Toyota Allion G PACKAGE 2004,Toyota,Allion,Automatic,"CNG, Octane","Tk 1,395,000",2004,"1,500 cc","65,856 km",22
Toyota Rumion G Package 2013,Toyota,Rumion,Automatic,Octane,"Tk 1,945,000",2013,"1,500 cc","77,000 km",13
Honda Vezel Z-NON HYBRID 2015,Honda,Vezel,Automatic,Octane,"Tk 2,260,000",2015,"1,500 cc","93,000 km",11
Toyota Fielder EX Package 2020,Toyota,Fielder,Automatic,"Petrol, Octane","Tk 2,600,000",2020,"1,500 cc",123 km,6
Toyota Crown Crossover Hybrid G 2023,Toyota,Crown,Automatic,Hybrid,"Tk 9,000,000",2023,"2,500 cc","12,032 km",3
Toyota Yaris Hybrid s package 2021,Toyota,Yaris,Automatic,Hybrid,"Tk 1,900,000",2021,"1,500 cc",132 km,5
Toyota Noah X PKG 2020 BLACK,Toyota,Noah,Automatic,Octane,"Tk 3,700,000",2020,"2,000 cc","66,860 km",6
Toyota Corolla Cross Z Pearl Full Option 2022,Toyota,Corolla Cross,Automatic,Hybrid,"Tk 4,780,000",2022,"1,800 cc","58,000 km",4
"Lexus ES 300h, Mark Levison 2020",Lexus,ES,Automatic,"Hybrid, Octane","Tk 10,500,000",2020,"2,500 cc","38,452 km",6
Toyota Corolla a PACKAGE 1996,Toyota,Corolla,Automatic,"CNG, Octane","Tk 495,000",1996,"1,331 cc","86,598 km",30
Toyota Noah X 2 Doors Power 2010,Toyota,Noah,Automatic,"CNG, Octane","Tk 2,080,000",2010,"2,000 cc","85,000 km",16
Mitsubishi Pajero 2008,Mitsubishi,Pajero,Automatic,Octane,"Tk 4,500,000",2008,"3,000 cc","54,000 km",18
Toyota Noah SI 2010,Toyota,Noah,Automatic,"Octane, LPG","Tk 2,095,000",2010,"2,000 cc","72,000 km",16
Toyota Vitz 2011,Toyota,Vitz,Automatic,Octane,"Tk 1,025,000",2016,"1,000 cc","97,000 km",10
"Toyota Aqua aa, aaaaaa.aao 2020",Toyota,Aqua,Automatic,"Petrol, Hybrid, Octane","Tk 2,070,000",2020,"1,500 cc","77,000 km",6
Toyota Axio NON HYBRID 2021,Toyota,Axio,Automatic,Octane,"Tk 2,600,000",2021,"1,500 cc","32,545 km",5
Toyota Noah SIWXB 2021,Toyota,Noah,Automatic,"Petrol, Hybrid, Octane","Tk 3,870,000",2021,"1,800 cc","80,000 km",5
Toyota Voxy Hybrid 2021,Toyota,Voxy,Automatic,Hybrid,"Tk 3,300,000",2021,"1,800 cc","37,432 km",5
Honda Vezel HYBRID X 2021,Honda,Vezel,Automatic,"Hybrid, Octane","Tk 3,700,000",2021,"1,500 cc","59,654 km",5
Honda Grace LX 2016,Honda,Grace,Automatic,"Hybrid, Octane","Tk 1,725,000",2016,"1,500 cc","58,000 km",10
Toyota Noah Octen G 2020,Toyota,Noah,Automatic,Octane,"Tk 3,650,000",2020,"1,800 cc","54,646 km",6
Toyota Fielder Hybrid EX 2021,Toyota,Fielder,Automatic,Hybrid,"Tk 22,500,000",2021,"1,500 cc","54,452 km",5
Deepal S05 2025,Other brand,Other model,Automatic,Hybrid,"Tk 5,200,000",2025,"1,497 cc",0 km,1
GAC EMKOO 2025,GAC,EMKOO,Automatic,Unknown,"Tk 5,000,000",2025,"1,500 cc",0 km,1
Changan Alsvin 2025,Changan,Alsvin,Automatic,Unknown,"Tk 1,500,000",2025,"1,500 cc",0 km,1
Toyota Noah Hybrid 2021,Toyota,Noah,Automatic,Hybrid,"Tk 3,300,000",2021,"1,800 cc","69,341 km",5
Toyota Corolla Cross Z PKG 4.5 BLACK 2022,Toyota,Corolla Cross,Automatic,"Hybrid, Octane","Tk 4,850,000",2022,"1,800 cc","62,950 km",4
Nissan X-Trail Emergency Brake Pkg 2016,Nissan,X-Trail,Automatic,"Hybrid, Octane","Tk 2,150,000",2016,"2,000 cc","59,220 km",10
Toyota Corolla Cross Z Black Full Option 2022,Toyota,Corolla Cross,Automatic,Hybrid,"Tk 4,740,000",2022,"1,800 cc","56,000 km",4
Toyota Voxy S-G PKG HYB 2023,Toyota,Voxy,Automatic,Hybrid,"Tk 4,450,000",2023,"1,800 cc","42,000 km",3
Toyota Corolla Sports 2021,Toyota,Corolla,Automatic,Octane,"Tk 2,900,000",2021,"1,800 cc","62,000 km",5
Honda CR-V SUNROOF 2005,Honda,CR-V,Automatic,"Octane, LPG","Tk 1,450,000",2005,"2,000 cc","86,598 km",21
Toyota Harrier Z Pkg 2025,Toyota,Harrier,Automatic,Hybrid,"Tk 10,900,000",2025,"2,500 cc",5 km,1
Proton Saga FX 2020,Proton,Saga,Automatic,Octane,"Tk 1,095,000",2020,"1,332 cc","70,000 km",6
Toyota Harrier Z leather Package 2020,Toyota,Harrier,Automatic,"Petrol, Hybrid, Octane","Tk 7,550,000",2020,"2,500 cc","52,000 km",6
Toyota Voxy ZS KIRAMIKI 3 2020,Toyota,Voxy,Automatic,"Petrol, Hybrid, Octane, LPG","Tk 3,500,000",2020,"1,800 cc","68,000 km",6
Toyota Prius HYBRID S TOURING PKG 2019,Toyota,Prius,Automatic,Hybrid,"Tk 3,150,000",2019,"1,800 cc","97,423 km",7
Toyota Paseo G PACKAGE 2010,Toyota,Paseo,Automatic,Octane,"Tk 1,299,999",2010,"1,500 cc","79,685 km",16
Toyota Allion  2003,Toyota,Allion,Automatic,"Petrol, Octane","Tk 1,585,000",2003,"1,500 cc","230,000 km",23
Toyota Axio Hybrid Ex Grade- 4 2020,Toyota,Axio,Automatic,Hybrid,"Tk 2,300,000",2020,"1,500 cc","89,351 km",6
Toyota Corolla PKG. S SEELIK GRAY 2021,Toyota,Corolla,Automatic,"Petrol, Hybrid, Octane","Tk 3,050,000",2021,"1,800 cc","57,234 km",5
Toyota Axio Ex Hybrid Silver 2020,Toyota,Axio,Automatic,"Petrol, Hybrid, Octane","Tk 2,100,000",2020,"1,500 cc","150,000 km",6
Toyota Harrier aaaaaaRaaYaaR aaaaaa.aao 2020,Toyota,Harrier,Automatic,"Petrol, Octane","Tk 6,950,000",2020,"2,000 cc","77,000 km",6
Toyota Fielder Hybrid EX package 2021,Toyota,Fielder,Automatic,Hybrid,"Tk 2,250,000",2021,"1,500 cc",123 km,5
Toyota Axio HYBRID 2021,Toyota,Axio,Automatic,Hybrid,"Tk 2,200,000",2021,"1,500 cc","36,542 km",5
Toyota Hiace SUPER GL DARK PRIME 2020,Toyota,Hiace,Automatic,Petrol,"Tk 4,450,000",2020,"2,000 cc","58,000 km",6
Toyota Yaris Cross Z Pearl 4.586k km 2020,Toyota,Yaris Cross,Automatic,Hybrid,"Tk 3,490,000",2020,"1,500 cc","86,000 km",6
Toyota Aqua s push start 2020,Toyota,Aqua,Automatic,Hybrid,"Tk 2,050,000",2020,"1,500 cc","78,345 km",6
Toyota Hiace Super GL Dark Prime2 2020,Toyota,Hiace,Automatic,Petrol,"Tk 4,490,000",2020,"2,000 cc","48,000 km",6
Toyota Hiace DX White Single AC 2020,Toyota,Hiace,Automatic,Petrol,"Tk 3,100,000",2020,"2,000 cc","172,000 km",6
Toyota Noah Non hybrid 2021,Toyota,Noah,Automatic,"Petrol, Octane","Tk 3,630,000",2021,"2,000 cc","65,608 km",5
Toyota Corolla Cross Z LEATHER 4.5 POINT 2022,Toyota,Corolla Cross,Automatic,Hybrid,"Tk 4,550,000",2022,"1,800 cc","79,351 km",4
Toyota Esquire XI 2020,Toyota,Esquire,Automatic,Octane,"Tk 4,000,000",2020,"2,000 cc","162,000 km",6
Toyota Esquire GI HYBRI PUSH 2DR PW 2020,Toyota,Esquire,Automatic,"Petrol, Hybrid, Octane","Tk 3,600,000",2020,"1,800 cc","68,235 km",6
Toyota Harrier Z Leather non hybrid 2020,Toyota,Harrier,Automatic,Octane,"Tk 8,050,000",2020,"2,000 cc","27,000 km",6
Toyota Land Cruiser Prado TX 2018,Toyota,Land Cruiser,Automatic,Octane,"Tk 11,700,000",2018,"2,700 cc","38,963 km",8
Toyota Fielder Hybrid 2016,Toyota,Fielder,Automatic,"Hybrid, Octane","Tk 1,745,000",2016,"1,500 cc","81,000 km",10
Toyota Esquire GI PREMIUM NON-HY 2021,Toyota,Esquire,Automatic,"Petrol, Octane","Tk 3,820,000",2021,"2,000 cc","36,824 km",5
Toyota Fielder Non Hybrid Ex 2020,Toyota,Fielder,Automatic,Octane,"Tk 2,620,000",2020,"1,500 cc","80,632 km",6
Toyota Corolla WXB 2020 Hybrid,Toyota,Corolla,Automatic,"Hybrid, Octane","Tk 3,020,000",2020,"1,800 cc","50,802 km",6
Toyota Axio Non Hybrid 2020,Toyota,Axio,Automatic,Octane,"Tk 2,590,000",2020,"1,500 cc","96,000 km",6
Toyota C-HR 2020 Hybrid,Toyota,C-HR,Automatic,"Hybrid, Octane","Tk 3,350,000",2020,"1,800 cc","45,600 km",6
Toyota Prius Hybrid 2020,Toyota,Prius,Automatic,"Hybrid, Octane","Tk 3,050,000",2020,"1,800 cc","50,632 km",6
Toyota Hiace Super GL 2020,Toyota,Hiace,Automatic,"Petrol, Octane","Tk 4,180,000",2020,"2,000 cc","104,000 km",6
Toyota Hiace Super GL 2020,Toyota,Hiace,Automatic,"Petrol, Octane","Tk 4,150,000",2020,"2,000 cc","104,000 km",6
Toyota Premio Non Hybrid 2020,Toyota,Premio,Automatic,Octane,"Tk 3,950,000",2020,"1,500 cc","60,944 km",6
Toyota Noah Non Hybrid 2020,Toyota,Noah,Automatic,Octane,"Tk 3,550,000",2020,"2,000 cc","88,000 km",6
Toyota Hiace DX 2020,Toyota,Hiace,Automatic,"Petrol, Octane","Tk 3,050,000",2020,"2,000 cc","96,000 km",6
Toyota Hiace DX 2020,Toyota,Hiace,Automatic,"Petrol, Octane","Tk 3,050,000",2020,"2,000 cc","90,478 km",6
Toyota Aqua Hybrid 2020,Toyota,Aqua,Automatic,"Hybrid, Octane","Tk 1,820,000",2020,"1,500 cc","93,652 km",6
Toyota Hiace GL 2020,Toyota,Hiace,Automatic,"Petrol, Octane","Tk 3,380,000",2020,"2,000 cc","85,400 km",6
Toyota Hiace Super GL 2020,Toyota,Hiace,Automatic,"Petrol, Octane","Tk 4,060,000",2020,"2,000 cc","105,000 km",6
Toyota Noah S-Z New shape hybrid 2022,Toyota,Noah,Automatic,"Petrol, Hybrid, Octane","Tk 5,050,000",2022,"1,800 cc","23,000 km",4
Toyota Prius HYBRIDPKG.S MICABLUE 2021,Toyota,Prius,Automatic,"Petrol, Hybrid, Octane","Tk 3,300,000",2021,"1,800 cc","29,234 km",5
Toyota Noah Si WXB Hybrid Bodykt 2020,Toyota,Noah,Automatic,"Petrol, Hybrid, Octane","Tk 3,700,000",2020,"1,800 cc","10,100 km",6
Toyota Hiace SUPER GL 4.0 BLACK 2022,Toyota,Hiace,Automatic,Octane,"Tk 4,920,000",2022,"2,000 cc","34,907 km",4
Toyota Axio Hybrid EX 2020,Toyota,Axio,Automatic,Hybrid,"Tk 2,250,000",2020,"1,500 cc","68,553 km",6
Toyota Corolla WXB METALIC BLACK 2020,Toyota,Corolla,Automatic,Hybrid,"Tk 3,250,000",2020,"1,800 cc","40,351 km",6
Toyota Premio F-EX 2020,Toyota,Premio,Automatic,Petrol,"Tk 4,150,000",2020,"1,500 cc","26,000 km",6
Toyota Premio F-EX Mica-Blue 4.5 2020,Toyota,Premio,Automatic,"Petrol, Octane","Tk 4,800,000",2020,"1,500 cc","32,125 km",6
Toyota Corolla Cross Z Black Full Option 2021,Toyota,Corolla Cross,Automatic,Hybrid,"Tk 4,730,000",2021,"1,800 cc","29,000 km",5
Toyota Premio FL Black 343900 km 2020,Toyota,Premio,Automatic,Petrol,"Tk 4,280,000",2020,"1,500 cc","43,900 km",6
Honda Vezel Z PLAY 2024,Honda,Vezel,Automatic,"Petrol, Hybrid, Octane","Tk 5,900,000",2024,"1,500 cc","13,000 km",2
Toyota Harrier Premium Non Hybrid 2020,Toyota,Harrier,Automatic,"Petrol, Octane","Tk 7,000,000",2020,"2,000 cc","21,159 km",6
Toyota Axio EX HYBRID PUSH GP-4 2020,Toyota,Axio,Automatic,"Petrol, Hybrid, Octane","Tk 2,220,000",2020,"1,500 cc","82,569 km",6
Toyota Axio Ex Push StartGP-4 2021,Toyota,Axio,Automatic,"Petrol, Hybrid, Octane","Tk 2,560,000",2021,"1,500 cc","81,000 km",5
Toyota Corolla Cross Z-LEATHER HY MON ROF 2022,Toyota,Corolla Cross,Automatic,"Petrol, Hybrid, Octane","Tk 4,650,000",2022,"1,800 cc","43,857 km",4
Toyota Corolla READY SHOWROOM 2020,Toyota,Corolla,Automatic,"Petrol, Hybrid, Octane","Tk 2,800,000",2020,"1,800 cc","46,013 km",6
Toyota Harrier Z Leather non hybrid 2020,Toyota,Harrier,Automatic,Octane,"Tk 7,750,000",2020,"2,000 cc","31,000 km",6
Toyota Prius HYBRID 2020,Toyota,Prius,Automatic,"Petrol, Hybrid, Octane, Other fuel type","Tk 2,750,000",2020,"1,800 cc","78,000 km",6
Toyota Noah Hybrid SG 2022,Toyota,Noah,Automatic,Hybrid,"Tk 4,200,000",2022,"1,800 cc","45,412 km",4
Toyota Fielder HYBRID 2020,Toyota,Fielder,Automatic,Hybrid,"Tk 2,150,000",2020,"1,500 cc","65,412 km",6
Honda Grace 2020,Honda,Grace,Automatic,Hybrid,"Tk 2,200,000",2020,"1,500 cc","89,000 km",6
Toyota Corolla Cross HYBRID S 2021,Toyota,Corolla Cross,Automatic,Hybrid,"Tk 3,750,000",2021,"1,800 cc","87,000 km",5
Toyota Corolla HYBRID 2020,Toyota,Corolla,Automatic,Hybrid,"Tk 2,350,000",2020,"1,800 cc","65,415 km",6
Toyota Voxy Hybrid X package 2020,Toyota,Voxy,Automatic,Hybrid,"Tk 2,800,000",2020,"1,800 cc","1,234 km",6
Toyota Voxy hybrid 2022,Toyota,Voxy,Automatic,"Petrol, Hybrid, Octane","Tk 4,700,000",2022,"1,800 cc","53,627 km",4
Toyota C-HR 2020,Toyota,C-HR,Automatic,Hybrid,"Tk 3,050,000",2020,"1,800 cc","89,000 km",6
Toyota Axio 2020,Toyota,Axio,Automatic,Hybrid,"Tk 2,150,000",2020,"1,500 cc","79,000 km",6
Toyota Alphard Hybrid S 2021,Toyota,Alphard,Automatic,Hybrid,"Tk 8,700,000",2021,"2,500 cc","15,320 km",5
Toyota Harrier Hybrid Z 2021,Toyota,Harrier,Automatic,Hybrid,"Tk 6,000,000",2021,"2,500 cc","15,450 km",5
Toyota Aqua Z Leather New Shape 2021,Toyota,Aqua,Automatic,"Petrol, Hybrid, Octane","Tk 2,500,000",2021,"1,500 cc","29,001 km",5
Toyota Voxy ZS KIRAMIKE PEARL 2020,Toyota,Voxy,Automatic,Hybrid,"Tk 3,400,000",2020,"1,800 cc","103,000 km",6
Toyota Aqua S Push Start Grey 2020,Toyota,Aqua,Automatic,"Petrol, Hybrid, Octane","Tk 1,870,000",2020,"1,500 cc","137,021 km",6
Toyota Harrier Z LEATHER FULL LOAD 2020,Toyota,Harrier,Automatic,Hybrid,"Tk 7,400,000",2020,"2,500 cc","70,000 km",6
Toyota Hiace SUPER GL -PEARL 2020,Toyota,Hiace,Automatic,"Petrol, Octane","Tk 4,170,000",2020,"2,000 cc","109,370 km",6
Toyota Corolla Cross Z LEATHER BLACK 2021,Toyota,Corolla Cross,Automatic,Petrol,"Tk 4,500,000",2021,"1,800 cc","17,000 km",5
Toyota Esquire GI PREMIUM AP 4.5 2021,Toyota,Esquire,Automatic,Hybrid,"Tk 3,950,000",2021,"1,800 cc","58,370 km",5
Toyota Prius A TOURING SELECTION 2021,Toyota,Prius,Automatic,Hybrid,"Tk 3,280,000",2021,"1,800 cc","53,170 km",5
Toyota Hiace GL PEARL AP 4 2020,Toyota,Hiace,Automatic,"Petrol, Octane","Tk 3,370,000",2020,"2,000 cc","63,190 km",6
Toyota Noah S-Z HYBRID BLACK 2025,Toyota,Noah,Automatic,Hybrid,"Tk 5,850,000",2025,"1,800 cc",12 km,1
Toyota Prado TX Limited  7 Seat 2012,Toyota,Prado,Automatic,Octane,"Tk 7,280,000",2012,"2,700 cc","68,300 km",14
Toyota Noah S-Z HYBRID PEARL 2022,Toyota,Noah,Automatic,Hybrid,"Tk 4,680,000",2022,"1,800 cc","51,380 km",4
Toyota Premio FL- HID LTD. 2010,Toyota,Premio,Automatic,"CNG, Octane","Tk 2,070,000",2010,"1,500 cc","85,800 km",16
Nissan X-Trail Hybrid XForc 5 Point 2023,Nissan,X-Trail,Automatic,Hybrid,"Tk 7,050,000",2023,"1,500 cc","42,000 km",3
Toyota Esquire GI PREMIUM HYBRID 2020,Toyota,Esquire,Automatic,"Petrol, Hybrid, Octane","Tk 3,650,000",2020,"1,800 cc","72,000 km",6
Toyota Crown G 4.0 BLACK 2019,Toyota,Crown,Automatic,"Hybrid, Octane","Tk 7,000,000",2019,"2,500 cc","106,320 km",7
Toyota Hiace Super GL 2020,Toyota,Hiace,Automatic,"Petrol, Octane","Tk 3,800,000",2020,"2,000 cc","49,702 km",6
Toyota Esquire Gi Wine 4.5 Grade 2020,Toyota,Esquire,Automatic,"Petrol, Hybrid, Octane","Tk 4,030,000",2020,"1,800 cc","69,500 km",6
Toyota Corolla Cross Z Leather Brand New 2025,Toyota,Corolla Cross,Automatic,"Petrol, Hybrid, Octane","Tk 5,650,000",2025,"1,800 cc",9 km,1
Toyota Axio 2017,Toyota,Axio,Automatic,"Hybrid, Octane","Tk 1,795,000",2021,"1,500 cc","57,633 km",5
Mercedes-Benz GLE-Class 4 MATIC BRAND NEW 2025,Mercedes-Benz,GLE-Class,Automatic,"Petrol, Hybrid","Tk 28,000,000",2025,"2,000 cc",0 km,1
Toyota Prado TX 2014,Toyota,Prado,Automatic,Octane,"Tk 7,900,000",2014,"2,700 cc","88,039 km",12
Toyota Noah square 2017,Toyota,Noah,Automatic,Octane,"Tk 2,980,000",2017,"2,000 cc","765,434 km",9
Toyota Noah X 2013,Toyota,Noah,Automatic,Octane,"Tk 1,980,000",2013,"2,000 cc","87,345 km",13
Toyota Axio Ex 2020,Toyota,Axio,Automatic,"Petrol, Hybrid, Octane","Tk 2,150,000",2020,"1,500 cc","49,800 km",6
Toyota Axio EX Non Hybrid 4.5 2020,Toyota,Axio,Automatic,"Petrol, Octane","Tk 3,060,000",2020,"1,500 cc","6,700 km",6
Toyota Corolla Cross Z LEATHER 2025,Toyota,Corolla Cross,Automatic,"Petrol, Hybrid, Octane","Tk 6,150,000",2025,"1,800 cc",6 km,1
Toyota Corolla Cross Z Leather 2025,Toyota,Corolla Cross,Automatic,"Petrol, Hybrid, Octane","Tk 6,200,000",2025,"1,800 cc","3,131 km",1
Toyota Noah X HYBRID BLACK 2020,Toyota,Noah,Automatic,"Petrol, Hybrid, Octane","Tk 3,020,000",2020,"1,800 cc","72,000 km",6
Toyota Noah X NON Hybrid 2020,Toyota,Noah,Automatic,"Petrol, Octane","Tk 3,550,000",2020,"2,000 cc","51,000 km",6
Toyota Hiace Super GL DarkPrime 2 2022,Toyota,Hiace,Automatic,"Petrol, Octane","Tk 4,400,000",2022,"2,000 cc","36,962 km",4
Toyota Axio Hybrid Push 4 Point 2020,Toyota,Axio,Automatic,Hybrid,"Tk 2,380,000",2020,"1,500 cc","94,378 km",6
Toyota Axio EX PUSH HV READY 2020,Toyota,Axio,Automatic,"Hybrid, Octane","Tk 2,260,000",2020,"1,500 cc","68,932 km",6
Toyota Axio NON HYBRID EX PUSH 2020,Toyota,Axio,Automatic,Octane,"Tk 2,570,000",2020,"1,500 cc","70,425 km",6
Toyota Esquire NON HYBRID Push 2020,Toyota,Esquire,Automatic,"Petrol, Octane","Tk 4,400,000",2020,"2,000 cc","31,000 km",6
Toyota Axio G 2011,Toyota,Axio,Automatic,"CNG, Octane","Tk 1,550,000",2011,"1,500 cc","68,000 km",15
Toyota Noah Non Hybrid Push 4-AP 2020,Toyota,Noah,Automatic,"Petrol, Octane","Tk 3,800,000",2020,"2,000 cc","85,000 km",6
Toyota RAV4 4.547k Km 360Sunrf 2021,Toyota,RAV4,Automatic,"Petrol, Hybrid, Octane","Tk 7,100,000",2021,"2,500 cc","47,000 km",5
Toyota Noah G PKG HYBRID WINE 2020,Toyota,Noah,Automatic,"Hybrid, Octane","Tk 3,250,000",2020,"1,800 cc","48,000 km",6
Toyota Corolla Cross S PKG NARDO GRAY 2022,Toyota,Corolla Cross,Automatic,"Hybrid, Octane","Tk 4,280,000",2022,"1,800 cc","26,800 km",4
Toyota Passo 1000 cc 2009,Toyota,Passo,Automatic,Octane,"Tk 790,000",2009,"1,000 cc","56,000 km",17
Toyota Premio FL pkg pearl 2020,Toyota,Premio,Automatic,Octane,"Tk 4,290,000",2020,"1,500 cc","40,631 km",6
Toyota Alphard EXECUTIVE LOUNGE 2019,Toyota,Alphard,Automatic,"Hybrid, Octane","Tk 9,750,000",2019,"2,500 cc","34,500 km",7
Toyota Noah S-z 2023,Toyota,Noah,Automatic,"Hybrid, Octane","Tk 5,350,000",2023,"1,800 cc","41,800 km",3
Toyota Esquire Gi premium Non Hyb 2020,Toyota,Esquire,Automatic,Octane,"Tk 4,480,000",2020,"2,000 cc","64,000 km",6
Toyota RAV4 G-Z NON-HB 2020,Toyota,RAV4,Automatic,"Petrol, Octane","Tk 7,500,000",2020,"2,000 cc","26,570 km",6
Toyota Corolla Cross DHAKA READY NEW 2025,Toyota,Corolla Cross,Automatic,"Hybrid, Octane","Tk 6,300,000",2025,"1,800 cc",5 km,1
Toyota Voxy ZS KIRAMEKI-3 2021,Toyota,Voxy,Automatic,"Petrol, Hybrid, Octane","Tk 3,650,000",2021,"1,800 cc","56,808 km",5
Toyota C-HR G MODE NIRO 2020,Toyota,C-HR,Automatic,"Petrol, Hybrid, Octane","Tk 3,400,000",2020,"1,800 cc","58,848 km",6
Honda CR-V EX-Masterpiece BLACK 2020,Honda,CR-V,Automatic,Octane,"Tk 5,870,000",2020,"1,500 cc","86,000 km",6
Toyota Esquire Gi Premium Hybrid 2021,Toyota,Esquire,Automatic,"Petrol, Hybrid, Octane","Tk 4,300,000",2021,"1,800 cc","62,000 km",5
Toyota Noah X 2011,Toyota,Noah,Automatic,Octane,"Tk 1,980,000",2011,"2,000 cc","98,584 km",15
Toyota Axio EX NON HV PUSH ST. 2020,Toyota,Axio,Automatic,Octane,"Tk 2,600,000",2020,"1,500 cc","205,127 km",6
Toyota RAV4 NON HYBRID G Z PKG 2021,Toyota,RAV4,Automatic,Octane,"Tk 7,450,000",2021,"2,000 cc","45,278 km",5
Toyota Voxy Zs Kiramki NonHybrid 2020,Toyota,Voxy,Automatic,"Petrol, Octane","Tk 3,930,000",2020,"2,000 cc","58,624 km",6
Toyota Yaris Cross SHOWROOM-READY 2021,Toyota,Yaris Cross,Automatic,"Petrol, Hybrid, Octane","Tk 3,590,000",2021,"1,500 cc","57,512 km",5
"Toyota Esquire GI-PKG, HYBRID G-4.0 2020",Toyota,Esquire,Automatic,Hybrid,"Tk 3,880,000",2020,"1,800 cc","99,000 km",6
"Toyota Esquire GI-PREMIUM, NON-HYB 2020",Toyota,Esquire,Automatic,Octane,"Tk 4,700,000",2020,"2,000 cc","34,000 km",6
Toyota Allion G 2021,Toyota,Allion,Automatic,"Petrol, Octane","Tk 3,900,000",2021,"1,500 cc","95,000 km",5
Toyota Noah S-Z NON HYBRID 2022,Toyota,Noah,Automatic,"Petrol, Octane","Tk 6,750,000",2022,"2,000 cc","38,000 km",4
Toyota Hiace super gl 2020,Toyota,Hiace,Automatic,"Petrol, CNG, Octane, LPG","Tk 4,350,000",2020,"2,000 cc","50,000 km",6
Toyota Esquire Gi Non Hybrid 2020,Toyota,Esquire,Automatic,Petrol,"Tk 4,500,000",2020,"2,000 cc","43,000 km",6
Toyota Corolla Cross Z Leather 2021,Toyota,Corolla Cross,Automatic,Hybrid,"Tk 4,600,000",2021,"1,800 cc","13,847 km",5
Toyota Hiace Super Gl Dark Prime 2020,Toyota,Hiace,Automatic,Petrol,"Tk 4,400,000",2020,"2,000 cc","61,000 km",6
Toyota Axio Ex Non Hybrid 2021,Toyota,Axio,Automatic,Petrol,"Tk 2,700,000",2021,"1,500 cc","149,000 km",5
Toyota Premio FEX 2021,Toyota,Premio,Automatic,"Petrol, Octane","Tk 4,800,000",2021,"1,500 cc","9,454 km",5
Toyota Esquire Gi Non Hybrid 2020,Toyota,Esquire,Automatic,Petrol,"Tk 4,350,000",2020,"2,000 cc","30,000 km",6
Toyota Corolla Cross Z Leather 2023,Toyota,Corolla Cross,Automatic,Hybrid,"Tk 5,180,000",2023,"1,800 cc","25,000 km",3
Toyota Axio EX Non Hybrid 2021,Toyota,Axio,Automatic,"Petrol, Octane","Tk 2,920,000",2021,"1,500 cc","91,600 km",5
Toyota Esquire Xi non hybrid 2020,Toyota,Esquire,Automatic,"Petrol, Octane","Tk 3,970,000",2020,"2,000 cc","870,000 km",6
Toyota Esquire GI NON HYB 3.5 POINT 2021,Toyota,Esquire,Automatic,Octane,"Tk 4,490,000",2021,"2,000 cc","56,000 km",5
Toyota Corolla Cross Z HARDTOP 45000KM 2022,Toyota,Corolla Cross,Automatic,Hybrid,"Tk 4,280,000",2022,"1,800 cc","45,000 km",4
Toyota Prius S 4.5POINT49000KM 2020,Toyota,Prius,Automatic,Hybrid,"Tk 3,040,000",2020,"1,800 cc","49,000 km",6
Toyota Corolla Cross Z PKG BRAND NEW 2025,Toyota,Corolla Cross,Automatic,Hybrid,"Tk 6,200,000",2025,"1,800 cc",14 km,1
Toyota Corolla Cross Z PKG FULL LOAD 2023,Toyota,Corolla Cross,Automatic,Hybrid,"Tk 5,199,999",2023,"1,800 cc","33,000 km",3
Toyota Corolla Cross Z PKG BRAND NEW 2025,Toyota,Corolla Cross,Automatic,Hybrid,"Tk 6,300,000",2025,"1,800 cc",5 km,1
Toyota Yaris Cross Z LEATHER PKG 2021,Toyota,Yaris Cross,Automatic,Hybrid,"Tk 3,400,000",2021,"1,500 cc","40,000 km",5
Toyota Harrier S PKG 2022,Toyota,Harrier,Automatic,Octane,"Tk 8,950,000",2022,"1,980 cc","47,800 km",4
Honda CR-V EX-Masterpiece 2020,Honda,CR-V,Automatic,Octane,"Tk 6,100,000",2020,"1,490 cc","24,390 km",6
Toyota Noah SI WXB OCTEN 52000KM 2020,Toyota,Noah,Automatic,Octane,"Tk 4,179,999",2020,"2,000 cc","52,000 km",6
Toyota Noah X NON HYB KEY START 2021,Toyota,Noah,Automatic,Octane,"Tk 3,750,000",2021,"2,000 cc","148,000 km",5
Toyota Corolla TOURING WXB 48000KM 2020,Toyota,Corolla,Automatic,Hybrid,"Tk 3,050,000",2020,"1,800 cc","48,000 km",6
Toyota Noah X PACKAGE 2020,Toyota,Noah,Automatic,Octane,"Tk 3,990,000",2020,"1,980 cc","64,758 km",6
Honda Insight EX PKG 4.5 POINT 2020,Honda,Insight,Automatic,Hybrid,"Tk 4,200,000",2020,"1,500 cc","55,000 km",6
Toyota Noah X PACKAGE 2021,Toyota,Noah,Automatic,Octane,"Tk 4,300,000",2021,"1,980 cc","92,762 km",5
Toyota Harrier Z 2020,Toyota,Harrier,Automatic,Octane,"Tk 8,500,000",2020,"1,980 cc","11,900 km",6
Toyota Yaris Cross Z TRD 2TONE 4.5POINT 2020,Toyota,Yaris Cross,Automatic,Hybrid,"Tk 3,400,000",2020,"1,500 cc","86,000 km",6
Lexus LX 600 3.5L Twin Turbo 2023,Lexus,LX 600,Automatic,Octane,"Tk 68,000,000",2023,"3,500 cc",0 km,3
Toyota Prius Sunroof a Turing 2020,Toyota,Prius,Automatic,"Hybrid, Octane","Tk 3,820,000",2020,"1,800 cc","9,350 km",6
Honda Insight Ex leather pkg 2020,Honda,Insight,Automatic,"Petrol, Hybrid","Tk 3,550,000",2020,"1,500 cc","96,580 km",6
Toyota Noah X NON-HYBRID 2021,Toyota,Noah,Automatic,"Petrol, Octane","Tk 3,280,000",2021,"2,000 cc","74,326 km",5
Honda Grace RED 2021,Honda,Grace,Automatic,Hybrid,"Tk 2,800,000",2021,"1,500 cc","39,521 km",5
Toyota Noah SI WXB HYBRID 2020,Toyota,Noah,Automatic,"Hybrid, Octane","Tk 3,350,000",2020,"1,800 cc","67,521 km",6
Honda Insight HYBRID LX PACKAGE 2021,Honda,Insight,Automatic,Hybrid,"Tk 3,650,000",2021,"1,500 cc","123,452 km",5
Toyota Axio EX NON HV PKG 2020,Toyota,Axio,Automatic,Octane,"Tk 2,600,000",2020,"1,500 cc","207,433 km",6
Toyota Corolla Hybrid 2021,Toyota,Corolla,Automatic,"Petrol, Hybrid, Octane","Tk 2,400,000",2021,"1,800 cc","55,660 km",5
Toyota Voxy Hybrid 2021,Toyota,Voxy,Automatic,"Petrol, Hybrid, Octane","Tk 3,300,000",2021,"1,800 cc",123 km,5
Toyota Corolla Hybrid WxB Package 2021,Toyota,Corolla,Automatic,"Petrol, Hybrid, Octane","Tk 2,750,000",2021,"1,800 cc",123 km,5
Toyota Yaris Hybrid X Package 2021,Toyota,Yaris,Automatic,"Petrol, Hybrid, Octane","Tk 1,900,000",2021,"1,500 cc",123 km,5
Toyota Corona SELACT SALON 1500 1992,Toyota,Corona,Automatic,"Petrol, CNG","Tk 350,000",1992,"1,500 cc","90,000 km",34
Toyota Yaris Cross Hybrid 2021,Toyota,Yaris Cross,Automatic,Hybrid,"Tk 3,000,000",2021,"1,500 cc","66,000 km",5
Toyota Hiace GL 2020,Toyota,Hiace,Automatic,"Petrol, Octane","Tk 3,250,000",2020,"2,000 cc","74,000 km",6
Toyota Corolla Cross Z Grey New Shape 2025,Toyota,Corolla Cross,Automatic,Hybrid,"Tk 6,450,000",2025,"1,800 cc",32 km,1
Toyota Axio EX NON HYBRID SILVER 2021,Toyota,Axio,Automatic,Petrol,"Tk 2,650,000",2021,"1,500 cc","10,537 km",5
Toyota Hiace GL 2020,Toyota,Hiace,Automatic,"Petrol, Octane","Tk 3,350,000",2020,"2,000 cc","73,673 km",6
Toyota Premio F-EX PKG 4 WINE 2021,Toyota,Premio,Automatic,Octane,"Tk 4,850,000",2021,"1,500 cc","31,910 km",5
Toyota Corolla WXB HY FULL LOADED 2020,Toyota,Corolla,Automatic,"Petrol, Hybrid, Octane","Tk 3,100,000",2020,"1,800 cc","74,569 km",6
Toyota Noah S-Z-Foot--Leg-Loaded 2022,Toyota,Noah,Automatic,"Petrol, Hybrid, Octane","Tk 4,500,000",2022,"1,800 cc","76,000 km",4
Toyota Fielder Hybrid 4 Grade 2020,Toyota,Fielder,Automatic,Hybrid,"Tk 2,320,000",2020,"1,500 cc","90,254 km",6
Toyota Corolla Cross Z-LEATHER HY HARD TP 2022,Toyota,Corolla Cross,Automatic,"Petrol, Hybrid, Octane","Tk 4,550,000",2022,"1,800 cc","53,689 km",4
Honda Insight Ex leather pkg 2020,Honda,Insight,Automatic,"Hybrid, Octane","Tk 3,790,000",2020,"1,500 cc","81,000 km",6
Toyota Prado Tx 7 Seats 2007,Toyota,Prado,Automatic,Octane,"Tk 3,850,000",2007,"2,700 cc","56,000 km",19
Toyota Noah HYB PUSH 2DR POWER 2022,Toyota,Noah,Automatic,Hybrid,"Tk 3,780,000",2022,"1,800 cc","119,000 km",4
Toyota Corolla Cross Z 2023,Toyota,Corolla Cross,Automatic,"Hybrid, Octane","Tk 5,350,000",2023,"1,790 cc","34,918 km",3
Toyota Prius ALPHA S 73000km 2018,Toyota,Prius,Automatic,Hybrid,"Tk 2,700,000",2018,"1,800 cc","73,000 km",8
Toyota Premio F-L 2021,Toyota,Premio,Automatic,Octane,"Tk 4,400,000",2021,"1,490 cc","33,305 km",5
Toyota Esquire GI NON HYB 4.5 POINT 2021,Toyota,Esquire,Automatic,Octane,"Tk 4,800,000",2021,"2,000 cc","67,000 km",5
Toyota Voxy SZ 2022,Toyota,Voxy,Automatic,"Hybrid, Octane","Tk 5,400,000",2022,"1,790 cc","49,400 km",4
Toyota Voxy Z-S KIRAMIKI NON-HYB 2020,Toyota,Voxy,Automatic,Octane,"Tk 3,880,000",2020,"2,000 cc","48,000 km",6
Toyota Harrier Z 2021,Toyota,Harrier,Automatic,Octane,"Tk 8,800,000",2021,"1,980 cc","24,300 km",5
Toyota Fielder X PACKAGE 2018,Toyota,Fielder,Automatic,"Petrol, Hybrid, Octane","Tk 2,080,000",2018,"1,500 cc","74,000 km",8
Toyota Harrier ZLP PKG 2020,Toyota,Harrier,Automatic,Octane,"Tk 8,350,000",2020,"1,980 cc","48,100 km",6
Toyota Noah X NON HYB 4.5POINT 2021,Toyota,Noah,Automatic,Octane,"Tk 3,980,000",2021,"2,000 cc","93,000 km",5
Volvo XC90 HARD JEEP 2019,Volvo,XC90,Automatic,Octane,"Tk 10,500,000",2019,"2,000 cc","59,800 km",7
Toyota Fielder EX HYBRID BLACK 2021,Toyota,Fielder,Automatic,"Hybrid, Octane","Tk 2,300,000",2021,"1,500 cc","51,532 km",5
Toyota Harrier 2009,Toyota,Harrier,Automatic,Octane,"Tk 2,930,000",2014,"2,400 cc","70,000 km",12
Toyota Axio Non Hybrid 2020,Toyota,Axio,Automatic,Octane,"Tk 2,580,000",2020,"1,500 cc","91,000 km",6
Toyota Axio 2020 Hybrid,Toyota,Axio,Automatic,"Hybrid, Octane","Tk 2,220,000",2020,"1,500 cc","85,000 km",6
Toyota C-HR Hybrid 2020,Toyota,C-HR,Automatic,"Hybrid, Octane","Tk 3,250,000",2020,"1,800 cc","45,000 km",6
Toyota Aqua 2020 Hybrid,Toyota,Aqua,Automatic,"Hybrid, Octane","Tk 1,740,000",2020,"1,500 cc","80,000 km",6
Toyota Axio Hybrid 2020,Toyota,Axio,Automatic,"Hybrid, Octane","Tk 2,280,000",2020,"1,500 cc","65,385 km",6
Toyota Fielder Non Hybrid 2020,Toyota,Fielder,Automatic,Octane,"Tk 2,590,000",2020,"1,500 cc","89,562 km",6
Toyota Noah X non hybrid kye 2020,Toyota,Noah,Automatic,"Petrol, Octane","Tk 3,600,000",2020,"2,000 cc","96,000 km",6
Toyota Noah NON HYBRID G BLACK 2021,Toyota,Noah,Automatic,"Petrol, Octane","Tk 5,080,000",2021,"2,000 cc","37,234 km",5
Toyota Axio EX HYBRID UNIT 2020,Toyota,Axio,Automatic,Hybrid,"Tk 2,300,000",2020,"1,500 cc","114,390 km",6
Toyota Axio PUSH HYBRID EX UNIT 2020,Toyota,Axio,Automatic,Hybrid,"Tk 2,390,000",2020,"1,500 cc","104,290 km",6
Toyota Harrier Z PAKAGE HYBRID 2021,Toyota,Harrier,Automatic,Hybrid,"Tk 7,700,000",2021,"2,500 cc","14,325 km",5
Honda Vezel E PLAY eHEV 2022,Honda,Vezel,Automatic,Hybrid,"Tk 4,600,000",2022,"1,500 cc","17,178 km",4
Honda Vezel E PLAY eHEV 2022,Honda,Vezel,Automatic,Hybrid,"Tk 4,600,000",2022,"1,500 cc","17,892 km",4
Toyota Axio HYBRID EX PKG UNIT 2020,Toyota,Axio,Automatic,Hybrid,"Tk 2,350,000",2020,"1,500 cc","114,983 km",6
Toyota Axio G PACKAGE 2019,Toyota,Axio,Automatic,"Petrol, Hybrid, Octane","Tk 2,460,000",2019,"1,500 cc","42,000 km",7
Toyota Axio EX-NON HYBRID-PUSH 2020,Toyota,Axio,Automatic,Octane,"Tk 2,600,000",2020,"2,000 cc","207,983 km",6
Toyota Axio HYBRID PUSH EX UNIT 2020,Toyota,Axio,Automatic,Hybrid,"Tk 2,390,000",2020,"1,500 cc","104,232 km",6
Toyota Corolla Cross Z PKG MOONROOF 360 2021,Toyota,Corolla Cross,Automatic,Hybrid,"Tk 4,490,000",2021,"1,800 cc","449,000 km",5
Toyota Prius A Premium Touring 2020,Toyota,Prius,Automatic,"Hybrid, Octane","Tk 3,720,000",2020,"1,800 cc","53,157 km",6
Toyota Voxy ZS KIRAMEKI HYBRID 2020,Toyota,Voxy,Automatic,"Petrol, Hybrid, Octane","Tk 3,300,000",2020,"1,800 cc",123 km,6
Toyota Noah Hybrid 2022,Toyota,Noah,Automatic,Hybrid,"Tk 4,150,000",2022,"1,800 cc","55,000 km",4
Toyota Yaris Cross hybrid Ready 2021,Toyota,Yaris Cross,Automatic,"Petrol, Hybrid, Octane","Tk 3,380,000",2021,"1,500 cc","38,965 km",5
Toyota Axio Hybrid Fielder 2021,Toyota,Axio,Automatic,Hybrid,"Tk 2,250,000",2021,"1,500 cc","78,543 km",5
Toyota Noah hybrid 2020,Toyota,Noah,Automatic,"Petrol, Hybrid, Octane","Tk 2,900,000",2020,"1,800 cc","54,862 km",6
Toyota RAV4 Hybrid G READY 2020,Toyota,RAV4,Automatic,Hybrid,"Tk 5,250,000",2020,"2,500 cc","65,550 km",6
Toyota Allion 2020,Toyota,Allion,Automatic,Octane,"Tk 3,650,000",2020,"1,500 cc","78,661 km",6
Toyota C-HR Hybrid 2020,Toyota,C-HR,Automatic,Hybrid,"Tk 3,250,000",2020,"1,800 cc","48,645 km",6
Toyota Esquire HYBRID 2020,Toyota,Esquire,Automatic,"Petrol, Hybrid, Octane, Other fuel type","Tk 3,300,000",2020,"1,800 cc","70,000 km",6
Toyota Esquire NON HYBRID X i 2020,Toyota,Esquire,Automatic,"Petrol, Octane, Other fuel type","Tk 3,600,000",2020,"2,000 cc","67,000 km",6
Toyota C-HR hybrid 2020,Toyota,C-HR,Automatic,"Petrol, Hybrid, Octane","Tk 2,350,000",2020,"1,800 cc","48,567 km",6
Toyota Corolla Hybrid GX TOURING 2021,Toyota,Corolla,Automatic,Hybrid,"Tk 2,350,000",2021,"1,800 cc","48,464 km",5
Toyota Voxy ZS Kerameki 2020,Toyota,Voxy,Automatic,"Petrol, Hybrid, Octane","Tk 3,150,000",2020,"1,800 cc","58,324 km",6
Toyota Fielder Hybrid EX Package 2021,Toyota,Fielder,Automatic,"Petrol, Hybrid, Octane","Tk 2,200,000",2021,"1,500 cc",123 km,5
Toyota Fielder NON HYBRID SILVER EX 2020,Toyota,Fielder,Automatic,"Petrol, Octane","Tk 2,700,000",2020,"1,500 cc","124,000 km",6
Toyota C-HR hybrid 2020,Toyota,C-HR,Automatic,"Petrol, Hybrid, Octane","Tk 3,400,000",2020,"1,800 cc","52,647 km",6
Toyota Corolla Cross Z Leather 360 Camera 2021,Toyota,Corolla Cross,Automatic,"Petrol, Hybrid, Octane","Tk 4,460,000",2021,"1,800 cc","44,100 km",5
Toyota Voxy ZS KIRAMIKE2 BODYKIT 2020,Toyota,Voxy,Automatic,Hybrid,"Tk 3,400,000",2020,"1,800 cc","76,538 km",6
Toyota Aqua Z Leather New Shape 2021,Toyota,Aqua,Automatic,"Petrol, Hybrid, Octane","Tk 2,500,000",2021,"1,500 cc","29,000 km",5
Hyundai Sonata LUXURY  SUN ROOF 2016,Hyundai,Sonata,Automatic,Octane,"Tk 2,430,000",2016,"2,400 cc","44,180 km",10
Toyota Allion A15 SILVER AP 4 2020,Toyota,Allion,Automatic,Petrol,"Tk 3,650,000",2020,"1,500 cc","71,360 km",6
Toyota Hiace SUPER GL BLACK 2021,Toyota,Hiace,Automatic,Petrol,"Tk 4,800,000",2021,"2,000 cc","20,000 km",5
Toyota Hiace Super GL Dark Prime2 2021,Toyota,Hiace,Automatic,Petrol,"Tk 4,690,000",2021,"2,000 cc","109,200 km",5
Toyota Hiace GL Silver Dual AC 2020,Toyota,Hiace,Automatic,Petrol,"Tk 3,570,000",2020,"2,000 cc","75,000 km",6
Toyota Harrier Hybrid Black Z Pkg 2020,Toyota,Harrier,Automatic,Hybrid,"Tk 7,650,000",2020,"2,500 cc","45,000 km",6
Nissan X-Trail 20XI Pearl 5 Point 2021,Nissan,X-Trail,Automatic,Hybrid,"Tk 5,050,000",2021,"2,000 cc","35,200 km",5
Toyota Hiace Super GL Dark Prime2 2023,Toyota,Hiace,Automatic,Petrol,"Tk 5,030,000",2023,"2,000 cc","42,600 km",3
Toyota Voxy SZ Pkg Hybrid Pearl 2022,Toyota,Voxy,Automatic,Hybrid,"Tk 4,750,000",2022,"1,800 cc","55,100 km",4
Toyota Hiace Super GL Dark Prime2 2020,Toyota,Hiace,Automatic,Petrol,"Tk 4,490,000",2020,"2,000 cc","77,000 km",6
Toyota Noah Hybrid SG Pkg Grey 2022,Toyota,Noah,Automatic,Hybrid,"Tk 4,480,000",2022,"1,800 cc","23,500 km",4
Toyota Corolla Cross Z Red wine 5 Point 2025,Toyota,Corolla Cross,Automatic,Hybrid,"Tk 5,650,000",2025,"1,800 cc","15,000 km",1
Toyota Aqua S Pkg Black Color 2020,Toyota,Aqua,Automatic,Hybrid,"Tk 1,900,000",2020,"1,500 cc","78,000 km",6
Toyota Hiace Super GL Pkg Silver 2020,Toyota,Hiace,Automatic,Petrol,"Tk 3,980,000",2020,"2,000 cc","105,000 km",6
Toyota Harrier Premium Pearl 440k 2020,Toyota,Harrier,Automatic,Petrol,"Tk 6,890,000",2020,"2,000 cc","40,000 km",6
Toyota Harrier Z LEATHER 2020,Toyota,Harrier,Automatic,"Petrol, Octane","Tk 7,900,000",2020,"2,000 cc","40,120 km",6
Toyota Harrier Z LEATHER 2020,Toyota,Harrier,Automatic,"Petrol, Octane","Tk 7,850,000",2020,"2,000 cc","34,700 km",6
Toyota Noah Nonhybrid push 2 D.P 2020,Toyota,Noah,Automatic,"Petrol, Octane","Tk 3,780,000",2020,"2,000 cc","93,517 km",6
Toyota Hiace AMBULANCE3.5 SILVER 2020,Toyota,Hiace,Automatic,Octane,"Tk 2,810,000",2020,"2,000 cc","82,877 km",6
Toyota Fielder Ex Non Hybrid Push 2020,Toyota,Fielder,Automatic,"Petrol, Octane","Tk 2,600,000",2020,"1,500 cc","77,924 km",6
Toyota Axio EX 2020,Toyota,Axio,Automatic,Octane,"Tk 2,300,000",2020,"1,500 cc","77,833 km",6
Toyota Hiace Super GL Dark Prime 2020,Toyota,Hiace,Automatic,Octane,"Tk 4,300,000",2020,"2,000 cc","76,000 km",6
Toyota Axio HYBRID-EX PACKAGE 2020,Toyota,Axio,Automatic,Hybrid,"Tk 2,300,000",2020,"1,500 cc","114,276 km",6
Toyota Esquire Gi Premium 2020,Toyota,Esquire,Automatic,"Petrol, Hybrid, Octane","Tk 3,650,000",2020,"1,800 cc","72,522 km",6
Toyota Fielder Ex Non Hybrid 2020,Toyota,Fielder,Automatic,"Petrol, Octane","Tk 2,750,000",2020,"1,500 cc","60,100 km",6
Toyota Axio Ex 2020,Toyota,Axio,Automatic,"Petrol, Hybrid, Octane","Tk 2,100,000",2020,"1,500 cc","48,900 km",6
Toyota Fielder Ex 2020,Toyota,Fielder,Automatic,"Petrol, Hybrid, Octane","Tk 2,550,000",2020,"1,500 cc","81,000 km",6
Toyota Esquire Gi Premium Non HYB 2020,Toyota,Esquire,Automatic,"Petrol, Octane","Tk 4,750,000",2020,"2,000 cc","49,000 km",6
Toyota Axio EX PKG 2020,Toyota,Axio,Automatic,"Petrol, Hybrid, Octane","Tk 2,150,000",2020,"1,500 cc","70,000 km",6
Toyota Noah Si Wxb 2 2020,Toyota,Noah,Automatic,"Petrol, Hybrid, Octane","Tk 3,400,000",2020,"1,800 cc","61,500 km",6
Toyota Axio EX Non hybrid 2020,Toyota,Axio,Automatic,"Petrol, Octane","Tk 2,750,000",2020,"1,500 cc","95,930 km",6
Toyota Noah G Hybrid 2020,Toyota,Noah,Automatic,"Petrol, Hybrid, Octane","Tk 3,350,000",2020,"1,800 cc","54,100 km",6
Toyota Noah SI WXB 4.5 PEARL 2020,Toyota,Noah,Automatic,"Hybrid, Octane","Tk 3,780,000",2020,"1,800 cc","82,350 km",6
Toyota Hiace SUPER GL 2020 OFFER,Toyota,Hiace,Automatic,"Petrol, Octane","Tk 4,100,000",2020,"2,000 cc","80,000 km",6
Toyota C-HR GLED DhakaReady 2020,Toyota,C-HR,Automatic,Octane,"Tk 3,520,000",2020,"1,500 cc","70,000 km",6
Toyota Hiace GL DUAL AC READY 2020,Toyota,Hiace,Automatic,Octane,"Tk 3,400,000",2020,"2,000 cc","74,522 km",6
Toyota Axio EX HYBRID DHAKAREADY 2020,Toyota,Axio,Automatic,"Hybrid, Octane","Tk 2,270,000",2020,"1,500 cc","76,532 km",6
Nissan X-Trail 2012,Nissan,X-Trail,Automatic,Octane,"Tk 2,140,000",2012,"2,000 cc","78,000 km",14
Toyota Probox GL 2011,Toyota,Probox,Automatic,"CNG, Octane","Tk 980,000",2011,"1,500 cc","87,200 km",15
Toyota Noah X smart 2014,Toyota,Noah,Automatic,Octane,"Tk 2,795,000",2014,"2,000 cc","85,000 km",12
Toyota Prado TX-L Grade-Five 2022,Toyota,Prado,Automatic,"Petrol, Octane","Tk 18,000,000",2022,"2,700 cc","27,000 km",4
Toyota Hiace S GL DARK PRIME 2 2022,Toyota,Hiace,Automatic,"Petrol, Octane","Tk 4,700,000",2022,"2,000 cc","57,000 km",4
Toyota Fielder Hybrid EX Push 2020,Toyota,Fielder,Automatic,"Petrol, Hybrid, Octane","Tk 2,420,000",2020,"1,500 cc","70,000 km",6
Toyota Premio FEX BEAGE SIT GP-4.5 2020,Toyota,Premio,Automatic,"Petrol, Octane","Tk 4,850,000",2020,"1,500 cc","37,845 km",6
Toyota Harrier Z Leather New 2020,Toyota,Harrier,Automatic,Octane,"Tk 7,500,000",2020,"2,000 cc","85,452 km",6
"Nissan X-Trail G E 40RCE, e-POWER 2023",Nissan,X-Trail,Automatic,"Petrol, Octane","Tk 6,990,000",2023,"1,500 cc","43,000 km",3
Toyota Premio F-L PKG 2020,Toyota,Premio,Automatic,Octane,"Tk 4,650,000",2020,"1,490 cc","43,078 km",6
Toyota Harrier Z 2021,Toyota,Harrier,Automatic,Octane,"Tk 8,400,000",2021,"1,980 cc","26,600 km",5
Toyota Corolla Cross Z LEATHER PANAROMIC 2025,Toyota,Corolla Cross,Automatic,"Petrol, Hybrid, Octane","Tk 6,300,000",2025,"1,800 cc",16 km,1
Toyota Axio HYBRID EX PUSH START 2020,Toyota,Axio,Automatic,Hybrid,"Tk 2,350,000",2020,"1,500 cc","88,167 km",6
Toyota Probox GL 2004,Toyota,Probox,Automatic,"CNG, Octane","Tk 750,000",2004,"1,500 cc","68,000 km",22
Toyota Harrier HYBRID 2021,Toyota,Harrier,Automatic,Hybrid,"Tk 6,000,000",2021,"2,000 cc","32,657 km",5
Toyota Corolla Cross 360 CAM DHAKA READY 2022,Toyota,Corolla Cross,Automatic,"Hybrid, Octane","Tk 4,600,000",2022,"1,800 cc","26,013 km",4
Toyota Yaris Cross showroom ready 2020,Toyota,Yaris Cross,Automatic,"Petrol, Hybrid, Octane","Tk 3,450,000",2020,"1,500 cc","31,748 km",6
Toyota Yaris Cross Z PKG-HYBRID 2020,Toyota,Yaris Cross,Automatic,"Petrol, Hybrid, Octane","Tk 3,450,000",2020,"1,500 cc","57,748 km",6
Toyota RAV4 HYBRID FULL OPTION 2022,Toyota,RAV4,Automatic,"Hybrid, Octane","Tk 8,500,000",2022,"2,500 cc","16,013 km",4
Toyota RAV4 HYBRID NEW SHAPE 2022,Toyota,RAV4,Automatic,"Petrol, Hybrid, Octane","Tk 8,500,000",2022,"2,000 cc","19,013 km",4
Toyota Sienta G GRANPA READY CAR 2020,Toyota,Sienta,Automatic,"Hybrid, Octane","Tk 2,650,000",2020,"1,500 cc","51,013 km",6
Toyota Noah NON HYBRID X PKG 2021,Toyota,Noah,Automatic,"Petrol, Octane","Tk 3,700,000",2021,"2,000 cc","48,013 km",5
Toyota Hiace GL Ambulance 2020,Toyota,Hiace,Automatic,"Petrol, Octane","Tk 2,950,000",2020,"2,000 cc","87,000 km",6
Toyota Esquire GI-PREMIUM MODILISTA 2020,Toyota,Esquire,Automatic,Hybrid,"Tk 4,000,000",2020,"1,800 cc","87,000 km",6
Toyota Yaris Cross Z-Leather 2021,Toyota,Yaris Cross,Automatic,Hybrid,"Tk 3,770,000",2021,"1,500 cc","60,500 km",5
Toyota Fielder Ex Hybrid 2020,Toyota,Fielder,Automatic,Hybrid,"Tk 2,400,000",2020,"1,500 cc","60,125 km",6
Toyota Axio Ex Non Hybrid 2020,Toyota,Axio,Automatic,Petrol,"Tk 2,880,000",2020,"1,500 cc","73,000 km",6
Toyota Yaris Cross Z 2021,Toyota,Yaris Cross,Automatic,Hybrid,"Tk 3,690,000",2021,"1,500 cc","55,000 km",5
Toyota Corolla Gx 2020,Toyota,Corolla,Automatic,Hybrid,"Tk 2,950,000",2020,"1,800 cc","54,000 km",6
Honda Insight EX 5POINT8000KM 2021,Honda,Insight,Automatic,Hybrid,"Tk 4,500,000",2021,"1,500 cc","8,000 km",5
Toyota Premio F-L PKG 2020,Toyota,Premio,Automatic,Octane,"Tk 4,650,000",2020,"1,490 cc","32,882 km",6
Toyota Prius STS PKG 2021,Toyota,Prius,Automatic,"Hybrid, Octane","Tk 3,975,000",2021,"1,790 cc","29,500 km",5
Toyota Harrier Z PKG 2023,Toyota,Harrier,Automatic,"Hybrid, Octane","Tk 9,450,000",2023,"2,480 cc","32,301 km",3
Toyota Noah X PKG NON HYB 2020,Toyota,Noah,Automatic,Octane,"Tk 3,750,000",2020,"2,000 cc","94,000 km",6
Toyota C-HR G 2020,Toyota,C-HR,Automatic,"Hybrid, Octane","Tk 3,700,000",2020,"1,790 cc","19,800 km",6
Toyota Corolla Cross Z 2023,Toyota,Corolla Cross,Automatic,"Hybrid, Octane","Tk 5,300,000",2023,"1,790 cc","32,000 km",3
Toyota Noah X PKG 2022,Toyota,Noah,Automatic,Octane,"Tk 5,800,000",2022,"1,980 cc","61,995 km",4
Honda CR-V EX-M 2022,Honda,CR-V,Automatic,Octane,"Tk 7,100,000",2022,"1,490 cc","28,690 km",4
Toyota Esquire PREMIUM PKG PUSH 2020,Toyota,Esquire,Automatic,Hybrid,"Tk 3,900,000",2020,"1,800 cc","97,254 km",6
Toyota Fielder EX NON HV PUSH 2020,Toyota,Fielder,Automatic,Octane,"Tk 2,650,000",2020,"1,500 cc","125,420 km",6
Toyota Hiace AMBULANCE GL WHITE 2020,Toyota,Hiace,Automatic,Petrol,"Tk 2,980,000",2020,"2,000 cc","81,360 km",6
Toyota Hiace DX Dhaka Ready 2020,Toyota,Hiace,Automatic,Octane,"Tk 3,350,000",2020,"2,000 cc","78,000 km",6
Toyota Axio 2017,Toyota,Axio,Automatic,"CNG, Octane","Tk 1,720,000",2022,"1,500 cc","54,309 km",4
Toyota Hiace DX Dhaka Ready 2020,Toyota,Hiace,Automatic,Octane,"Tk 3,380,000",2020,"2,000 cc","69,865 km",6
Toyota Harrier Z PKG MOONROOF-360 2021,Toyota,Harrier,Automatic,Hybrid,"Tk 7,600,000",2021,"2,500 cc","14,367 km",5
Toyota Axio PUSH HYBRID EX 2020,Toyota,Axio,Automatic,Hybrid,"Tk 2,350,000",2020,"1,500 cc","88,278 km",6
Toyota Axio EX PUSH START HYBRID 2021,Toyota,Axio,Automatic,Hybrid,"Tk 2,250,000",2021,"1,500 cc","118,763 km",5
Toyota Harrier NON HYBRID PREMIUM 2020,Toyota,Harrier,Automatic,Octane,"Tk 6,550,000",2020,"2,000 cc","53,652 km",6
Toyota Axio PUSH START HYBRID 2020,Toyota,Axio,Automatic,Hybrid,"Tk 2,400,000",2020,"1,500 cc","88,763 km",6
Toyota Axio HYBRID EX 2020,Toyota,Axio,Automatic,Hybrid,"Tk 2,390,000",2020,"1,500 cc","88,763 km",6
Toyota Prius S WITH SUNROOF 2019,Toyota,Prius,Automatic,"Petrol, Hybrid, Octane","Tk 3,370,000",2019,"1,800 cc","67,000 km",7
Toyota Axio EX PUSH START HYBRID 2021,Toyota,Axio,Automatic,Hybrid,"Tk 2,250,000",2021,"1,500 cc","119,873 km",5
Toyota Premio F-EX 2020,Toyota,Premio,Automatic,"Petrol, Hybrid, Octane","Tk 4,600,000",2020,"1,500 cc","42,481 km",6
Toyota Corolla Cross HYBRID 2021,Toyota,Corolla Cross,Automatic,"Petrol, Hybrid, Octane","Tk 3,800,000",2021,"1,800 cc","67,843 km",5
Toyota Voxy HYBRID 2022,Toyota,Voxy,Automatic,Hybrid,"Tk 3,800,000",2022,"1,800 cc","35,421 km",4
Toyota Corolla Cross Hybrid NEW 2023,Toyota,Corolla Cross,Automatic,Hybrid,"Tk 4,850,000",2023,"1,800 cc","14,546 km",3
Toyota Axio hybrid 2020,Toyota,Axio,Automatic,"Petrol, Hybrid, Octane","Tk 2,150,000",2020,"1,500 cc","56,328 km",6
Toyota Corolla Fielder Hybrid EX 2020,Toyota,Corolla,Automatic,Hybrid,"Tk 2,150,000",2020,"1,500 cc","48,900 km",6
Nissan X-Trail E-4orce MASSIVE GREY 2022,Nissan,X-Trail,Automatic,Hybrid,"Tk 6,750,000",2022,"1,500 cc","19,000 km",4
Toyota Hiace SUPER GL 4.5 PURPLE 2021,Toyota,Hiace,Automatic,Octane,"Tk 4,730,000",2021,"2,000 cc","22,890 km",5
Toyota Corolla G 2004,Toyota,Corolla,Automatic,"CNG, Octane","Tk 1,250,000",2004,"1,500 cc","68,000 km",22
Toyota Raum 2005,Toyota,Raum,Automatic,Octane,"Tk 960,000",2008,"1,500 cc","96,205 km",18
Toyota Corolla Cross Hybrid Z Leather 2022,Toyota,Corolla Cross,Automatic,"Petrol, Hybrid, Octane","Tk 4,400,000",2022,"1,800 cc","50,000 km",4
MG ZS 2021,MG,ZS,Automatic,Octane,"Tk 2,280,000",2022,"1,500 cc","38,885 km",4
Toyota Noah X Pkg Push Hy 1DP 2020,Toyota,Noah,Automatic,"Petrol, Hybrid, Octane","Tk 3,050,000",2020,"1,800 cc","121,094 km",6
Toyota C-HR G-LED HY NEW SHAPE 2020,Toyota,C-HR,Automatic,"Petrol, Hybrid, Octane","Tk 3,680,000",2020,"1,800 cc","69,845 km",6
Toyota Hiace SGL  S 2020,Toyota,Hiace,Automatic,"Petrol, Octane","Tk 3,900,000",2020,"2,000 cc","50,000 km",6
Toyota Yaris Cross G Hybrid 2020,Toyota,Yaris Cross,Automatic,"Hybrid, Octane","Tk 3,500,000",2020,"1,500 cc","35,338 km",6
Toyota Allion A15 White 4 Grade 2020,Toyota,Allion,Automatic,"Petrol, Octane","Tk 3,750,000",2020,"1,500 cc","36,201 km",6
Toyota Corolla Cross Z-LEATHER 360 CAM 2022,Toyota,Corolla Cross,Automatic,"Petrol, Hybrid, Octane","Tk 4,600,000",2022,"1,800 cc","11,000 km",4
Honda Insight EX BLACK STYLE 2021,Honda,Insight,Automatic,Hybrid,"Tk 4,500,000",2021,"1,500 cc","37,000 km",5
Toyota Harrier ZLP Package 2025,Toyota,Harrier,Automatic,"Hybrid, Octane","Tk 12,100,000",2025,"2,480 cc",8 km,1
Toyota Esquire PUSH HV GI PREMIUM 2020,Toyota,Esquire,Automatic,Hybrid,"Tk 3,750,000",2020,"1,800 cc","97,196 km",6
Toyota RAV4 hybrid 2020,Toyota,RAV4,Automatic,"Petrol, Hybrid, Octane","Tk 5,150,000",2020,"2,500 cc","56,847 km",6
Toyota Corolla TOURING WXB PEARL 2021,Toyota,Corolla,Automatic,Hybrid,"Tk 3,000,000",2021,"1,800 cc","109,000 km",5
Toyota Corolla Cross HYBRID 2021,Toyota,Corolla Cross,Automatic,Hybrid,"Tk 3,750,000",2021,"1,800 cc","52,546 km",5
Toyota Voxy HYBRID 2020,Toyota,Voxy,Automatic,Hybrid,"Tk 3,300,000",2020,"1,800 cc","125,000 km",6
Toyota Aqua Hybrid S 2020,Toyota,Aqua,Automatic,Hybrid,"Tk 1,700,000",2020,"1,500 cc","76,875 km",6
Toyota Noah X NON HYBRID 2020,Toyota,Noah,Automatic,Petrol,"Tk 3,570,000",2020,"2,000 cc","99,066 km",6
Toyota Noah SI WXB II HYBRID 2020,Toyota,Noah,Automatic,Hybrid,"Tk 3,460,000",2020,"1,800 cc","69,922 km",6
Toyota Noah Si Wxb Hybrid 4 2020,Toyota,Noah,Automatic,"Petrol, Hybrid, Octane","Tk 3,450,000",2020,"1,800 cc","98,677 km",6
Range Rover Evoque Moonroof 2012,Range Rover,Evoque,Automatic,Octane,"Tk 4,850,000",2012,"2,000 cc","26,000 km",14
Toyota Hiace DX 2021 Dhaka Ready,Toyota,Hiace,Automatic,Octane,"Tk 3,200,000",2021,"2,000 cc","75,000 km",5
Toyota Axio EX HYBRID DHAKAREADY 2020,Toyota,Axio,Automatic,"Hybrid, Octane","Tk 2,260,000",2020,"1,500 cc","56,925 km",6
Toyota Hiace GL Dhaka Ready 2020,Toyota,Hiace,Automatic,Octane,"Tk 3,500,000",2020,"2,000 cc","67,000 km",6
Proton X70 2021,Proton,Other Model,Automatic,Octane,"Tk 2,550,000",2021,"1,477 cc","46,048 km",5
Toyota Harrier Z Leather 2020,Toyota,Harrier,Automatic,Octane,"Tk 7,800,000",2020,"2,000 cc","33,300 km",6
Toyota ist 1.5L LIMITED EDTION 2005,Toyota,ist,Automatic,Octane,"Tk 1,094,999",2005,"1,500 cc","69,000 km",21
Toyota Hiace SUPER-GL DPS GP-4 2020,Toyota,Hiace,Automatic,"Petrol, Octane","Tk 4,400,000",2020,"2,000 cc","59,214 km",6
Toyota Axio Ex Pkg hybrid Gp-4 2020,Toyota,Axio,Automatic,"Petrol, Hybrid, Octane","Tk 2,500,000",2020,"1,500 cc","78,254 km",6
Toyota Axio EX Package 2019,Toyota,Axio,Automatic,Octane,"Tk 2,600,000",2019,"1,500 cc","20,000 km",7
Toyota Sienta Non Hybrid 2021,Toyota,Sienta,Automatic,Octane,"Tk 2,950,000",2021,"1,500 cc",0 km,5
Suzuki 2026,Suzuki,Other Model,Manual,Petrol,"Tk 75,000",2026,150 cc,"46,000 km",0
Toyota Esquire GI PREMIUM HYBRID 2021,Toyota,Esquire,Automatic,"Hybrid, Octane","Tk 3,500,000",2021,"1,800 cc","35,862 km",5
Toyota Harrier PREMIUM-PKG SUNROOF 2020,Toyota,Harrier,Automatic,Octane,"Tk 6,550,000",2020,"2,000 cc","54,328 km",6
Tata Mahindra 2016,Tata,Other Model,Automatic,"Octane, LPG","Tk 670,000",2016,"1,500 cc","99,582 km",10
Toyota Corolla Cross Hybrid Z 2023,Toyota,Corolla Cross,Automatic,Hybrid,"Tk 4,400,000",2023,"1,800 cc","55,463 km",3
Toyota Esquire Hybrid GI PRIMEUM 2021,Toyota,Esquire,Automatic,Hybrid,"Tk 3,400,000",2021,"1,800 cc","45,210 km",5
Toyota Noah Hybrid 2021,Toyota,Noah,Automatic,Hybrid,"Tk 2,950,000",2021,"1,800 cc","66,000 km",5
Toyota Voxy Z-S KIRAMEKI BLACK 2020,Toyota,Voxy,Automatic,Petrol,"Tk 3,650,000",2020,"1,500 cc","68,360 km",6
Toyota Fielder EX HYBRID SILVER 2021,Toyota,Fielder,Automatic,"Petrol, Hybrid, Octane","Tk 2,550,000",2021,"1,500 cc","32,400 km",5
Toyota Prius S-Touring Selection 2020,Toyota,Prius,Automatic,"Petrol, Hybrid, Octane","Tk 3,450,000",2020,"1,800 cc","111,999 km",6
Toyota Prius S 2020,Toyota,Prius,Automatic,"Petrol, Hybrid, Octane","Tk 2,950,000",2020,"1,800 cc","64,000 km",6
Toyota Prius S Touring Selection 2020,Toyota,Prius,Automatic,"Petrol, Hybrid, Octane","Tk 3,400,000",2020,"1,800 cc","53,800 km",6
Toyota Hiace Super GL Dark Prime 2022,Toyota,Hiace,Automatic,"Petrol, Octane","Tk 4,470,000",2022,"2,000 cc","53,157 km",4
Toyota Hiace Super GL Dark Prime 2022,Toyota,Hiace,Automatic,"Petrol, Octane","Tk 4,450,000",2022,"2,000 cc","37,000 km",4
Toyota Harrier NON HYBRID Z-LEATHER 2020,Toyota,Harrier,Automatic,Octane,"Tk 7,000,000",2020,"2,000 cc","74,852 km",6
Toyota Corolla Cross Z-LEATHER HYBRID 2023,Toyota,Corolla Cross,Automatic,"Hybrid, Octane","Tk 4,520,000",2023,"1,800 cc","47,562 km",3
Honda Vezel RS 2016,Honda,Vezel,Automatic,Octane,"Tk 2,220,000",2016,"1,500 cc","65,219 km",10
Toyota Premio G Superior 2012,Toyota,Premio,Automatic,Petrol,"Tk 2,380,000",2012,"1,500 cc","2,015 km",14
Toyota Harrier NON HYBRID Z-LEATHER 2020,Toyota,Harrier,Automatic,Octane,"Tk 7,750,000",2020,"2,000 cc","44,752 km",6
Toyota Fielder EX HYBRID FUL LOADED 2020,Toyota,Fielder,Automatic,"Petrol, Hybrid, Octane","Tk 2,300,000",2020,"1,500 cc","82,546 km",6
Toyota Prado Octane 7 Seats 2014,Toyota,Prado,Automatic,Octane,"Tk 8,500,000",2014,"2,700 cc","63,000 km",12
Toyota Harrier FULL OPTION READY 2020,Toyota,Harrier,Automatic,"Petrol, Octane","Tk 7,700,000",2020,"2,000 cc","41,013 km",6
Honda CR-V HYBRID EX MASTER PKG 2020,Honda,CR-V,Automatic,"Petrol, Hybrid, Octane","Tk 5,700,000",2020,"2,000 cc","47,013 km",6
Toyota Hiace showroom ready 2020,Toyota,Hiace,Automatic,"Petrol, Octane","Tk 4,300,000",2020,"2,000 cc","440,013 km",6
Toyota Corolla Cross Z Leather 2023,Toyota,Corolla Cross,Automatic,Hybrid,"Tk 5,100,000",2023,"1,800 cc","35,000 km",3
Toyota Raize Z 2022,Toyota,Raize Z,Automatic,Hybrid,"Tk 4,300,000",2022,"1,200 cc","38,500 km",4
Toyota Noah X HYBRID 2022,Toyota,Noah,Automatic,Hybrid,"Tk 3,750,000",2022,"1,800 cc","63,000 km",4
Toyota Corolla Cross Z PANORAMIC 4POINT 2022,Toyota,Corolla Cross,Automatic,Hybrid,"Tk 4,700,000",2022,"1,800 cc","54,000 km",4
Toyota Hiace SUPER GL 4.5 POINT 2022,Toyota,Hiace,Automatic,Octane,"Tk 4,750,000",2022,"2,000 cc","17,000 km",4
Toyota Noah X PKG NON HYB 2022,Toyota,Noah,Automatic,Octane,"Tk 4,599,999",2022,"2,000 cc","102,000 km",4
Toyota Probox  2004,Toyota,Probox,Automatic,"CNG, Octane","Tk 670,000",2004,"1,331 cc","95,000 km",22
Toyota Premio F-EX NEW ARRIVAL 2021,Toyota,Premio,Automatic,Petrol,"Tk 4,820,000",2021,"1,500 cc","42,500 km",5
Toyota Alphard Executive Lou. Black 2025,Toyota,Alphard,Automatic,Hybrid,"Tk 20,200,000",2025,"2,500 cc",24 km,1
Toyota Axio X S   2012,Toyota,Axio,Automatic,"Octane, LPG","Tk 1,535,000",2012,"1,320 cc","76,000 km",14
Toyota Prius S PACKAGE 2021,Toyota,Prius,Automatic,Hybrid,"Tk 3,370,000",2021,"1,800 cc","58,000 km",5
Toyota Fielder X-Limited 2011,Toyota,Fielder,Automatic,"Octane, LPG","Tk 1,580,000",2011,"1,500 cc","68,000 km",15
Toyota Premio G PKG. SUPER FRESH 2010,Toyota,Premio,Automatic,"Octane, LPG","Tk 2,180,000",2010,"1,500 cc","78,000 km",16
Toyota Premio F EX PACKAGE 2015,Toyota,Premio,Automatic,"Petrol, CNG","Tk 2,720,000",2015,"1,500 cc","63,000 km",11
Toyota Axio EX PACKAGE PUSH 2020,Toyota,Axio,Automatic,Octane,"Tk 2,880,000",2020,"1,500 cc","45,000 km",6
Toyota Corolla Cross Z Black New Shape 2025,Toyota,Corolla Cross,Automatic,Hybrid,"Tk 6,350,000",2025,"1,800 cc","1,900 km",1
Toyota Corolla Cross Z LEATHER BODYKIT 2022,Toyota,Corolla Cross,Automatic,Hybrid,"Tk 4,650,000",2022,"1,800 cc","28,000 km",4
Toyota Probox 2004,Toyota,Probox,Automatic,Octane,"Tk 800,000",2008,"1,300 cc","102,945 km",18
Toyota C-HR HYBRID G LED TWO TON 2019,Toyota,C-HR,Automatic,Hybrid,"Tk 3,380,000",2019,"1,800 cc","31,234 km",7
Toyota Axio Hybrid 2021,Toyota,Axio,Automatic,"Petrol, Hybrid, Octane","Tk 2,200,000",2021,"1,500 cc","81,555 km",5
Toyota Corolla Hybrid 2021,Toyota,Corolla,Automatic,Hybrid,"Tk 2,400,000",2021,"1,800 cc","32,000 km",5
Toyota Corolla Cross Z-PKG 2023,Toyota,Corolla Cross,Automatic,"Hybrid, Octane","Tk 5,300,000",2023,"1,790 cc","31,982 km",3
Toyota Esquire GI PREMIUM 2020,Toyota,Esquire,Automatic,Hybrid,"Tk 3,750,000",2020,"1,800 cc","81,000 km",6
Toyota Harrier MOONROOF 360 Z HV 2021,Toyota,Harrier,Automatic,Hybrid,"Tk 7,600,000",2021,"2,500 cc","14,189 km",5
Toyota Axio G EDITION  OCTANE 2019,Toyota,Axio,Automatic,Octane,"Tk 2,590,000",2019,"1,500 cc","57,340 km",7
Toyota Fielder HYBRID-EX PACKAGE 2020,Toyota,Fielder,Automatic,Hybrid,"Tk 2,350,000",2020,"1,500 cc","88,126 km",6
Toyota Hiace SUPER GL DARK PRIME2 2020,Toyota,Hiace,Automatic,Octane,"Tk 4,200,000",2020,"2,000 cc","55,423 km",6
Honda Vezel Play Package Moonrof 2021,Honda,Vezel,Automatic,"Petrol, Hybrid, Octane","Tk 4,400,000",2021,"1,500 cc","80,120 km",5
Toyota Fielder EX HYBRID 2020,Toyota,Fielder,Automatic,Hybrid,"Tk 2,200,000",2020,"1,500 cc","131,000 km",6
Toyota Premio 2010,Toyota,Premio,Automatic,CNG,"Tk 2,175,000",2014,"1,500 cc","100,000 km",12
Toyota Hiace Super Gl Dark prime2 2022,Toyota,Hiace,Automatic,"Petrol, Octane","Tk 4,850,000",2022,"2,000 cc","41,000 km",4
Toyota C-HR ORGINAL 2 TON  360 2019,Toyota,C-HR,Automatic,Hybrid,"Tk 3,380,000",2019,"1,800 cc","31,762 km",7
Toyota Esquire HV-GI PREMIUM PUSH 2020,Toyota,Esquire,Automatic,Hybrid,"Tk 3,700,000",2020,"1,800 cc","63,127 km",6
Toyota Esquire HV PUSH GI PREMIUM. 2020,Toyota,Esquire,Automatic,Hybrid,"Tk 3,900,000",2020,"1,800 cc","77,845 km",6
Toyota Harrier Z HV FULL LOADED 2021,Toyota,Harrier,Automatic,Hybrid,"Tk 7,600,000",2021,"2,500 cc","14,278 km",5
Toyota Harrier SUNROOF NON HV 360 2020,Toyota,Harrier,Automatic,Octane,"Tk 6,550,000",2020,"2,000 cc","54,169 km",6
Toyota Corolla Hybrid S TOURING 2020,Toyota,Corolla,Automatic,Hybrid,"Tk 2,650,000",2020,"1,800 cc","57,884 km",6
Toyota C-HR HYBRID 2020,Toyota,C-HR,Automatic,Hybrid,"Tk 3,100,000",2020,"1,800 cc","65,447 km",6
Toyota Noah NON HYBRID x 2020,Toyota,Noah,Automatic,"Petrol, Hybrid, Octane","Tk 3,300,000",2020,"2,000 cc","63,873 km",6
Toyota Yaris Cross HYBRID X 2021,Toyota,Yaris Cross,Automatic,"Hybrid, Octane","Tk 2,800,000",2021,"1,500 cc","59,654 km",5
Toyota Corolla Cross Hybrid Z 2023,Toyota,Corolla Cross,Automatic,Hybrid,"Tk 4,400,000",2023,"1,800 cc","14,500 km",3
Honda Civic Hybrid EX package 2021,Honda,Civic,Automatic,"Petrol, Hybrid, Octane","Tk 4,500,000",2021,"1,500 cc",123 km,5
Toyota Aqua HYBRID 2021,Toyota,Aqua,Automatic,Hybrid,"Tk 1,850,000",2021,"1,500 cc","48,732 km",5
Toyota Alphard Executive Lou. Pearl 2025,Toyota,Alphard,Automatic,Hybrid,"Tk 20,200,000",2025,"2,500 cc",9 km,1
Honda Vezel Play Pkg 2021,Honda,Vezel,Automatic,"Petrol, Hybrid, Octane","Tk 4,500,000",2021,"1,500 cc","80,100 km",5
Toyota Aqua Z 2022,Toyota,Aqua,Automatic,"Petrol, Hybrid, Octane","Tk 2,700,000",2022,"1,500 cc","46,000 km",4
Toyota Prius S Touring Selection 2020,Toyota,Prius,Automatic,"Petrol, Hybrid, Octane","Tk 3,400,000",2020,"1,800 cc","54,000 km",6
Toyota Noah X 2022,Toyota,Noah,Automatic,"Petrol, Hybrid, Octane","Tk 4,480,000",2022,"1,800 cc","54,000 km",4
Toyota Corolla Cross Z-LEATHER HYBRID 2021,Toyota,Corolla Cross,Automatic,"Hybrid, Octane","Tk 4,170,000",2021,"1,800 cc","65,789 km",5
Toyota Noah Non Hybrid X 4 Grade 2020,Toyota,Noah,Automatic,"Petrol, Octane","Tk 3,550,000",2020,"2,000 cc","85,000 km",6
Honda Insight EX HYBR PUSH GP-4.5 2020,Honda,Insight,Automatic,"Petrol, Hybrid, Octane","Tk 4,050,000",2020,"1,500 cc","60,026 km",6
Toyota Hiace Super GL 2023,Toyota,Hiace,Automatic,Octane,"Tk 4,600,000",2023,"2,000 cc","23,278 km",3
Toyota C-HR G LED TRD 360 Cam 2020,Toyota,C-HR,Automatic,"Petrol, Hybrid, Octane","Tk 3,550,000",2020,"1,800 cc","70,120 km",6
Toyota Voxy ZS-KIRAMIK 2 HY C-TV 2020,Toyota,Voxy,Automatic,"Petrol, Hybrid, Octane","Tk 3,400,000",2020,"1,800 cc","69,874 km",6
Toyota Allion A15 CLASSIC CAR 2005,Toyota,Allion,Automatic,"CNG, Octane","Tk 1,520,000",2005,"1,500 cc","86,000 km",21
Toyota Harrier Z LEATHER-PKG-NON HY 2020,Toyota,Harrier,Automatic,"Petrol, Octane","Tk 7,700,000",2020,"2,000 cc","39,048 km",6
Toyota Corolla Cross Z-PKG 2022,Toyota,Corolla Cross,Automatic,"Hybrid, Octane","Tk 4,800,000",2022,"1,790 cc","64,134 km",4
Toyota Esquire GI PREMIUM BRONZE 2021,Toyota,Esquire,Automatic,"Petrol, Octane","Tk 4,060,000",2021,"2,000 cc","45,678 km",5
Toyota Axio EX PACKAGE NON-HY 2021,Toyota,Axio,Automatic,"Petrol, Octane","Tk 2,570,000",2021,"1,500 cc","75,628 km",5
Toyota C-HR G-LED PEARL 2 TONE 2021,Toyota,C-HR,Automatic,"Hybrid, Octane","Tk 3,450,000",2021,"1,800 cc","53,581 km",5
Toyota Corolla WXB PACKAGE ONLY 25K 2021,Toyota,Corolla,Automatic,Hybrid,"Tk 3,140,000",2021,"1,800 cc","25,687 km",5
Toyota Axio EX NON HYBRID 2021,Toyota,Axio,Automatic,"Petrol, Octane","Tk 2,450,000",2021,"1,500 cc","52,486 km",5
Mitsubishi Pajero 2001,Mitsubishi,Pajero,Manual,"Octane, LPG","Tk 790,000",2001,"2,350 cc","100,000 km",25
Toyota Premio f badg interior 2003,Toyota,Premio,Automatic,"Petrol, CNG","Tk 1,494,999",2003,"1,500 cc","78,000 km",23
Toyota Fielder G EDITION PUSH 2012,Toyota,Fielder,Automatic,"Petrol, Octane","Tk 1,780,000",2012,"1,500 cc","72,000 km",14
Toyota Hiace GL 2018,Toyota,Hiace,Automatic,"Octane, LPG","Tk 3,120,000",2018,"2,000 cc","87,546 km",8
Toyota Allion GPLUSREADYDHAKA 2020,Toyota,Allion,Automatic,"Petrol, Octane","Tk 4,450,000",2020,"1,500 cc","41,000 km",6
Toyota Corolla Cross Hybrid Z Full Option 2025,Toyota,Corolla Cross,Automatic,Hybrid,"Tk 6,000,000",2025,"1,800 cc","1,500 km",1
Toyota Harrier Z LEATHER HYBRID 2022,Toyota,Harrier,Automatic,"Petrol, Hybrid, Octane","Tk 8,500,000",2022,"2,500 cc","33,100 km",4
Toyota Axio Hybrid 2021,Toyota,Axio,Automatic,"Petrol, Hybrid, Octane","Tk 2,200,000",2021,"1,500 cc","83,650 km",5
Toyota Axio HYBRID EX 2020,Toyota,Axio,Automatic,"Hybrid, Octane","Tk 2,200,000",2020,"1,500 cc","59,645 km",6
Toyota Noah NON HYBRID X Ready 2020,Toyota,Noah,Automatic,"Petrol, Octane, Other fuel type","Tk 3,650,000",2020,"2,000 cc","90,000 km",6
Toyota Noah Hybrid Z 2022,Toyota,Noah,Automatic,Hybrid,"Tk 4,050,000",2022,"1,800 cc","48,521 km",4
Toyota Premio FEX PKG RED WINE 2020,Toyota,Premio,Automatic,"Petrol, Octane","Tk 4,650,000",2020,"1,500 cc","15,000 km",6
Honda Insight Hybrid Ex package 2021,Honda,Insight,Automatic,Hybrid,"Tk 3,800,000",2021,"1,500 cc","1,234 km",5
Jaguar XJ SUNROOF WITH TURBO 2016,Jaguar,XJ,Automatic,Petrol,"Tk 6,750,000",2016,"2,000 cc","25,000 km",10
Toyota Noah X SMART HYBRID AP-4 2020,Toyota,Noah,Automatic,Hybrid,"Tk 3,070,000",2020,"1,800 cc","128,350 km",6
Toyota Voxy Hybrid Grey S point 2025,Toyota,Voxy,Automatic,Hybrid,"Tk 6,680,000",2025,"1,800 cc",8 km,1
Toyota Sienta G Hybrid 2020,Toyota,Sienta,Automatic,"Petrol, Hybrid, Octane","Tk 2,800,000",2020,"1,500 cc","72,000 km",6
Toyota Noah X Smart  Grade-4  2020,Toyota,Noah,Automatic,"Petrol, Hybrid, Octane","Tk 3,150,000",2020,"1,800 cc","77,125 km",6
Toyota Corolla Cross Z Leather Hybrid 4.5 2023,Toyota,Corolla Cross,Automatic,"Petrol, Hybrid, Octane","Tk 5,150,000",2023,"1,800 cc","21,329 km",3
Toyota Hiace DX Dhaka Ready 2020,Toyota,Hiace,Automatic,Octane,"Tk 3,250,000",2020,"2,000 cc","65,800 km",6
Toyota C-HR HYBRID G LED 4.5 AP 2021,Toyota,C-HR,Automatic,"Petrol, Hybrid, Octane","Tk 3,900,000",2021,"1,800 cc","57,000 km",5
Toyota Hiace GL LED Dhaka Ready 2020,Toyota,Hiace,Automatic,Octane,"Tk 3,350,000",2020,"2,000 cc","72,000 km",6
Toyota Aqua S-Style Hybrid GP-4 2020,Toyota,Aqua,Automatic,"Petrol, Hybrid, Octane","Tk 1,950,000",2020,"1,500 cc","96,176 km",6
Toyota Noah SZ HYBRID 360CM CL-T 2022,Toyota,Noah,Automatic,"Petrol, Hybrid, Octane","Tk 5,000,000",2022,"1,800 cc","45,870 km",4
Toyota Noah X NON HY PUSH 2DR PW 2021,Toyota,Noah,Automatic,"Petrol, Octane","Tk 3,800,000",2021,"2,000 cc","71,160 km",5
Toyota C-HR GR-SPORTS GP-4.5 2020,Toyota,C-HR,Automatic,"Petrol, Hybrid, Octane","Tk 3,680,000",2020,"1,800 cc","52,000 km",6
Toyota Crown RS ADVANCE READY 2022,Toyota,Crown,Automatic,"Hybrid, Octane","Tk 12,500,000",2022,"2,400 cc","13,013 km",4
Toyota Harrier DHAKA READY 2022,Toyota,Harrier,Automatic,"Petrol, Octane","Tk 7,800,000",2022,"2,000 cc","55,013 km",4
Toyota RAV4 showroom ready 2020,Toyota,RAV4,Automatic,"Petrol, Octane","Tk 7,500,000",2020,"2,000 cc","33,013 km",6
Honda Insight EX PRIME PORT READY 2021,Honda,Insight,Automatic,"Diesel, Octane","Tk 4,400,000",2021,"1,500 cc","42,013 km",5
Honda Insight EX-PKG 2021,Honda,Insight,Automatic,"Hybrid, Octane","Tk 4,300,000",2021,"1,500 cc","62,493 km",5
Toyota Corolla Cross Z Leather full load 2021,Toyota,Corolla Cross,Automatic,Hybrid,"Tk 4,650,000",2021,"1,800 cc","36,800 km",5
"Toyota Esquire GI-PREMIUM, GRAD-3.5 2020",Toyota,Esquire,Automatic,Octane,"Tk 4,470,000",2020,"2,000 cc","135,000 km",6
Toyota Harrier PML PKG 2020,Toyota,Harrier,Automatic,Octane,"Tk 7,990,000",2020,"1,980 cc","27,660 km",6
Toyota Corolla Cross Z Leather 2023,Toyota,Corolla Cross,Automatic,Hybrid,"Tk 5,150,000",2023,"1,800 cc","33,000 km",3
Toyota Sienta G PKG 2020,Toyota,Sienta,Automatic,"Hybrid, Octane","Tk 3,300,000",2020,"1,490 cc","65,111 km",6
Toyota Noah G PKG HYBRID 2020,Toyota,Noah,Automatic,Hybrid,"Tk 3,350,000",2020,"1,800 cc","54,000 km",6
Toyota Harrier Premium Package 2020,Toyota,Harrier,Automatic,Octane,"Tk 7,200,000",2020,"1,980 cc","62,714 km",6
Toyota Corolla Cross Z 2023,Toyota,Corolla Cross,Automatic,"Hybrid, Octane","Tk 4,975,000",2023,"1,790 cc","42,093 km",3
Toyota Prius S touring Selection 2020,Toyota,Prius,Automatic,"Hybrid, Octane","Tk 3,650,000",2020,"1,790 cc","66,100 km",6
Toyota Harrier Z L P 2020,Toyota,Harrier,Automatic,Octane,"Tk 8,400,000",2020,"1,980 cc","58,000 km",6
Honda CR-V EX-Masterpiece 2022,Honda,CR-V,Automatic,"Hybrid, Octane","Tk 6,600,000",2022,"1,990 cc","45,100 km",4
Toyota Corolla G-X PKG 2020,Toyota,Corolla,Automatic,"Hybrid, Octane","Tk 3,150,000",2020,"1,790 cc","49,184 km",6
Toyota Hiace DX GL. AMBULANCE 2020,Toyota,Hiace,Automatic,Petrol,"Tk 2,990,000",2020,"2,000 cc","65,000 km",6
Toyota Premio F-EX 4P 2020,Toyota,Premio,Automatic,Petrol,"Tk 4,450,000",2020,"1,500 cc","55,000 km",6
Toyota Prius S PKG HYB 4 POINT 2020,Toyota,Prius,Automatic,Hybrid,"Tk 2,950,000",2020,"1,800 cc","66,000 km",6
Toyota Voxy Z-S KIRAMIKI NON-HYB 2020,Toyota,Voxy,Automatic,Octane,"Tk 3,700,000",2020,"2,000 cc","214,000 km",6
Toyota Esquire XI PKG HYB 2020,Toyota,Esquire,Automatic,Hybrid,"Tk 3,450,000",2020,"1,800 cc","158,000 km",6
Toyota Corolla Cross Z 2023,Toyota,Corolla Cross,Automatic,"Hybrid, Octane","Tk 4,950,000",2023,"1,800 cc","36,900 km",3
Toyota Corolla G-X PKG 2020,Toyota,Corolla,Automatic,"Hybrid, Octane","Tk 3,100,000",2020,"1,790 cc","76,695 km",6
Proton X70 TGDI PANAROMIC 2020,Proton,Other Model,Automatic,"Petrol, Octane","Tk 2,450,000",2020,"1,500 cc","22,500 km",6
Toyota Fielder X Hid Selection 2011,Toyota,Fielder,Automatic,"Petrol, CNG, Octane","Tk 1,580,000",2011,"1,500 cc","67,000 km",15
Toyota Esquire Gi premium hybrid 2020,Toyota,Esquire,Automatic,"Petrol, Hybrid, Octane","Tk 3,850,000",2020,"1,800 cc","96,000 km",6
Toyota Esquire Gi premium non Hyv 2020,Toyota,Esquire,Automatic,"Petrol, Octane","Tk 4,450,000",2020,"2,000 cc","98,000 km",6
Toyota Axio Ex Hybrid Silver 2020,Toyota,Axio,Automatic,"Petrol, Hybrid, Octane","Tk 2,170,000",2020,"1,500 cc","91,000 km",6
Toyota Axio EX PUSH NON HV 2020,Toyota,Axio,Automatic,Octane,"Tk 2,600,000",2020,"1,500 cc","207,652 km",6
Toyota Axio HYBRID EX PUSH PKG 2020,Toyota,Axio,Automatic,Hybrid,"Tk 2,350,000",2020,"1,500 cc","114,873 km",6
Toyota Esquire 2 DOOR POWER PUSH 2020,Toyota,Esquire,Automatic,Hybrid,"Tk 3,700,000",2020,"1,800 cc","63,123 km",6
Toyota Aqua S 2020,Toyota,Aqua,Automatic,"Petrol, Hybrid, Octane","Tk 2,140,000",2020,"1,500 cc","77,050 km",6
Toyota Axio NON HYBRID EX 2020,Toyota,Axio,Automatic,Hybrid,"Tk 2,600,000",2020,"1,500 cc","202,763 km",6
Toyota Corolla S LED 2020,Toyota,Corolla,Automatic,"Petrol, Hybrid, Octane","Tk 3,170,000",2020,"1,800 cc","14,000 km",6
Toyota Prius S READY SHOWROOM 2020,Toyota,Prius,Automatic,"Petrol, Hybrid, Octane","Tk 3,030,000",2020,"1,800 cc","35,411 km",6
Toyota Fielder EX NON HYBRID PUSH 2020,Toyota,Fielder,Automatic,Octane,"Tk 2,690,000",2020,"1,500 cc","125,873 km",6
Toyota Noah Non-HYBRID 2021,Toyota,Noah,Automatic,Octane,"Tk 3,650,000",2021,"2,000 cc","95,000 km",5
Toyota Harrier NON HYBRID PREMIUM 2020,Toyota,Harrier,Automatic,Octane,"Tk 6,550,000",2020,"2,000 cc","53,983 km",6
Toyota Axio HYBRID EX PUSH PKG 2020,Toyota,Axio,Automatic,Hybrid,"Tk 2,390,000",2020,"1,500 cc","104,983 km",6
Toyota Yaris G PKG  360 CAMERA 2020,Toyota,Yaris,Automatic,"Petrol, Hybrid, Octane","Tk 2,320,000",2020,"1,500 cc","86,649 km",6
Toyota Passo Settee 7Seat Push 2009,Toyota,Passo,Automatic,"Petrol, CNG, Octane","Tk 1,380,000",2009,"1,500 cc","67,000 km",17
Toyota Noah X PACKAGE NON HYBRID 2021,Toyota,Noah,Automatic,Octane,"Tk 3,680,000",2021,"2,000 cc","96,875 km",5
Toyota Noah X PKG ONE DOOR POWER 2021,Toyota,Noah,Automatic,Octane,"Tk 3,680,000",2021,"2,000 cc","96,873 km",5
Toyota Noah X-PACKAGE-NON HYBRID 2021,Toyota,Noah,Automatic,Octane,"Tk 3,680,000",2021,"2,000 cc","107,625 km",5
Toyota Corolla Cross Z LEATHER PANORAMIC 2021,Toyota,Corolla Cross,Automatic,Hybrid,"Tk 4,500,000",2021,"1,800 cc","23,541 km",5
Toyota Esquire GI PREMIUM NONHYBRID 2020,Toyota,Esquire,Automatic,"Petrol, Octane","Tk 4,450,000",2020,"2,000 cc","70,000 km",6
Toyota Axio HYBRID EX 2020,Toyota,Axio,Automatic,Hybrid,"Tk 2,300,000",2020,"1,500 cc","114,000 km",6
Toyota Noah X PACKAGE NON HYBRID 2021,Toyota,Noah,Automatic,Octane,"Tk 3,680,000",2021,"2,000 cc","107,322 km",5
Toyota Esquire GI PREMIUM-HV-PKG 2020,Toyota,Esquire,Automatic,Hybrid,"Tk 3,800,000",2020,"1,800 cc","69,743 km",6
Toyota Fielder EX PACKAGE HYBRID 2020,Toyota,Fielder,Automatic,Hybrid,"Tk 2,400,000",2020,"1,500 cc","88,366 km",6
Toyota Harrier PREMIUM-PKG-NON-HV 2020,Toyota,Harrier,Automatic,Octane,"Tk 6,550,000",2020,"2,000 cc","53,722 km",6
Toyota Esquire PUSH HV GI PREMIUM 2020,Toyota,Esquire,Automatic,Hybrid,"Tk 3,750,000",2020,"1,800 cc","97,123 km",6
Toyota Yaris Cross Hybrid Z 2021,Toyota,Yaris Cross,Automatic,Hybrid,"Tk 2,800,000",2021,"1,500 cc","454,654 km",5
Toyota Aqua Hybrid Z 2021,Toyota,Aqua,Automatic,"Petrol, Hybrid, Octane","Tk 1,850,000",2021,"1,500 cc","48,192 km",5
Toyota Axio HYBRID 2020,Toyota,Axio,Automatic,Hybrid,"Tk 2,150,000",2020,"1,500 cc","56,421 km",6
Toyota Corolla Cross HYBRID 2021,Toyota,Corolla Cross,Automatic,Hybrid,"Tk 3,800,000",2021,"1,800 cc","45,624 km",5
Toyota Yaris Cross HYBRID 2020,Toyota,Yaris Cross,Automatic,Hybrid,"Tk 2,800,000",2020,"1,500 cc","64,521 km",6
Toyota Fielder EX 2021,Toyota,Fielder,Automatic,"Petrol, Hybrid, Octane","Tk 2,600,000",2021,"1,500 cc","1,234 km",5
Toyota Noah Hybrid SZ package 2022,Toyota,Noah,Automatic,Hybrid,"Tk 4,150,000",2022,"1,800 cc","59,643 km",4
Toyota Corolla Cross 2021,Toyota,Corolla Cross,Automatic,Hybrid,"Tk 3,850,000",2021,"1,800 cc","57,631 km",5
Toyota Fielder 2020,Toyota,Fielder,Automatic,Hybrid,"Tk 2,150,000",2020,"1,500 cc","78,000 km",6
Toyota Aqua HYBRID 2020,Toyota,Aqua,Automatic,Hybrid,"Tk 1,700,000",2020,"1,500 cc","64,525 km",6
Toyota Axio Non Hybrid EX 2020,Toyota,Axio,Automatic,"Petrol, Octane","Tk 2,500,000",2020,"1,500 cc","65,124 km",6
Toyota Noah X PKG PEARL COLOUR 2020,Toyota,Noah,Automatic,Hybrid,"Tk 3,650,000",2020,"1,800 cc","90,000 km",6
Toyota Harrier Z-LEATHER PANORAMIC 2021,Toyota,Harrier,Automatic,"Petrol, Hybrid, Octane","Tk 7,500,000",2021,"2,000 cc","45,338 km",5
Toyota Hiace Super GL Dark Prime2 2021,Toyota,Hiace,Automatic,Petrol,"Tk 4,730,000",2021,"2,000 cc","73,000 km",5
Toyota Fielder Ex 2020,Toyota,Fielder,Automatic,"Petrol, Hybrid, Octane","Tk 2,200,000",2020,"1,500 cc","58,600 km",6
Toyota Prado TXL 5 Grade 2022,Toyota,Prado,Automatic,"Petrol, Octane","Tk 17,500,000",2022,"2,700 cc","14,500 km",4
Toyota Hiace SUPER GL 3.0 BLACK 2021,Toyota,Hiace,Automatic,Octane,"Tk 4,400,000",2021,"2,000 cc","84,440 km",5
Toyota Hiace GL DUAL AC READY 2020,Toyota,Hiace,Automatic,Octane,"Tk 3,190,000",2020,"2,000 cc","78,526 km",6
Toyota Hiace SUPER GL 2020,Toyota,Hiace,Automatic,"Petrol, Octane","Tk 4,030,000",2020,"2,000 cc","69,713 km",6
Toyota Esquire HY GI PREMIUM 4 AP 2020,Toyota,Esquire,Automatic,"Petrol, Hybrid, Octane","Tk 3,900,000",2020,"1,800 cc","80,000 km",6
Toyota Esquire HY GI PREMIUM-4 AP 2021,Toyota,Esquire,Automatic,"Petrol, Hybrid, Octane","Tk 4,200,000",2021,"1,800 cc","60,000 km",5
Toyota Corolla Cross Z Leather Hybrid 2022,Toyota,Corolla Cross,Automatic,"Hybrid, Octane","Tk 4,550,000",2022,"1,800 cc","12,127 km",4
Toyota Axio EX-PKG 2020,Toyota,Axio,Automatic,Octane,"Tk 3,175,000",2020,"1,490 cc","11,243 km",6
Toyota C-HR TWO TON COLOR 360 2019,Toyota,C-HR,Automatic,Hybrid,"Tk 3,380,000",2019,"1,800 cc","31,890 km",7
Toyota Esquire GI PREMIUM PUSH ST. 2020,Toyota,Esquire,Automatic,Hybrid,"Tk 3,750,000",2020,"1,800 cc","97,245 km",6
Toyota Harrier SUNROOF 360 NON HV 2020,Toyota,Harrier,Automatic,Octane,"Tk 6,550,000",2020,"2,000 cc","54,283 km",6
Toyota Fielder Hybrid EX 2021,Toyota,Fielder,Automatic,"Petrol, Hybrid, Octane","Tk 2,200,000",2021,"1,500 cc","1,234 km",5
Toyota Aqua Hybrid S 2020,Toyota,Aqua,Automatic,Hybrid,"Tk 1,700,000",2020,"1,500 cc","49,650 km",6
Toyota C-HR Hybrid S Package 2021,Toyota,C-HR,Automatic,"Petrol, Hybrid, Octane","Tk 3,100,000",2021,"1,800 cc",123 km,5
Toyota Prius Hybrid S 2021,Toyota,Prius,Automatic,Hybrid,"Tk 2,800,000",2021,"1,800 cc","12,540 km",5
Toyota RAV4 G 360 Cam  Sunroof 2022,Toyota,RAV4,Automatic,"Petrol, Hybrid, Octane","Tk 7,260,000",2022,"2,500 cc","50,012 km",4
Nissan X-Trail G e-4ORCE Sunroof 2023,Nissan,X-Trail,Automatic,"Petrol, Hybrid, Octane","Tk 6,520,000",2023,"1,500 cc","53,024 km",3
Toyota Voxy ZS KIRAMEKI 2 BLACK 2020,Toyota,Voxy,Automatic,Hybrid,"Tk 3,400,000",2020,"1,800 cc","76,000 km",6
Toyota Esquire GI PREMIUM HYBRID 2020,Toyota,Esquire,Automatic,Hybrid,"Tk 3,950,000",2020,"1,800 cc","78,354 km",6
Toyota Noah S-Z HYBRID PEARL 2023,Toyota,Noah,Automatic,Hybrid,"Tk 4,850,000",2023,"1,800 cc","27,160 km",3
Toyota Premio F-EX MICA BLUE 4.5 2021,Toyota,Premio,Automatic,Hybrid,"Tk 4,830,000",2021,"1,500 cc","31,270 km",5
Toyota Voxy V HYBRID AP 4.5 2020,Toyota,Voxy,Automatic,Hybrid,"Tk 3,190,000",2020,"1,800 cc","61,370 km",6
Toyota Noah SI WXB HYBRID AP 4 2020,Toyota,Noah,Automatic,Hybrid,"Tk 3,680,000",2020,"1,800 cc","71,680 km",6
Toyota Corolla Cross Z LEATHER HARDTOP4.5 2021,Toyota,Corolla Cross,Automatic,Hybrid,"Tk 4,200,000",2021,"1,800 cc","72,737 km",5
Toyota Crown G PKG READY DHAKA. 2020,Toyota,Crown,Automatic,"Petrol, Hybrid, Octane","Tk 7,300,000",2020,"2,500 cc","54,005 km",6
Toyota Corolla HYBRID READY 2020,Toyota,Corolla,Automatic,"Hybrid, Octane","Tk 3,200,000",2020,"1,800 cc","66,013 km",6
Toyota RAV4 ADVENTURE 2022,Toyota,RAV4,Automatic,"Hybrid, Octane","Tk 8,500,000",2022,"2,500 cc","19,510 km",4
Toyota Yaris Cross z ready 2020,Toyota,Yaris Cross,Automatic,"Petrol, Hybrid, Octane","Tk 3,450,000",2020,"1,500 cc","54,893 km",6
Honda Insight EX PKG READY 2021,Honda,Insight,Automatic,"Hybrid, Octane","Tk 4,300,000",2021,"1,500 cc","39,013 km",5
Toyota Hiace Super GL 2023,Toyota,Hiace,Automatic,"Petrol, Octane","Tk 5,100,000",2023,"2,000 cc","3,000 km",3
Toyota Sienta G CUERO 2020,Toyota,Sienta,Automatic,"Hybrid, Octane","Tk 3,250,000",2020,"1,490 cc","79,397 km",6
Toyota Corolla Cross Z Leather 2022,Toyota,Corolla Cross,Automatic,Hybrid,"Tk 4,750,000",2022,"1,800 cc","9,000 km",4
Toyota Voxy Z-S KIRAMIKI NON-HYB 2020,Toyota,Voxy,Automatic,Hybrid,"Tk 3,980,000",2020,"2,000 cc","37,000 km",6
Toyota Premio FL PUSH BEIGE INT 2020,Toyota,Premio,Automatic,Octane,"Tk 4,300,000",2020,"1,500 cc","87,000 km",6
Toyota Corolla Cross Z PKG HARDTOP 2022,Toyota,Corolla Cross,Automatic,Hybrid,"Tk 4,550,000",2022,"1,800 cc","25,000 km",4
Toyota Corolla Cross Z PKG 2025,Toyota,Corolla Cross,Automatic,"Hybrid, Octane","Tk 5,750,000",2025,"1,790 cc","11,978 km",1
Toyota Axio NON HYBRID 2021,Toyota,Axio,Automatic,Octane,"Tk 2,600,000",2021,"1,500 cc","42,359 km",5
Honda Insight EX Blue 496000 km 2020,Honda,Insight,Automatic,Hybrid,"Tk 3,990,000",2020,"1,500 cc","96,000 km",6
Toyota Axio EX White 485000 km 2020,Toyota,Axio,Automatic,Hybrid,"Tk 2,300,000",2020,"1,500 cc","85,000 km",6
Toyota Noah G Pearl 3.572000 km 2020,Toyota,Noah,Automatic,Hybrid,"Tk 3,580,000",2020,"1,800 cc","72,000 km",6
Toyota Harrier Z Black 4.527000 km 2020,Toyota,Harrier,Automatic,Petrol,"Tk 8,080,000",2020,"2,000 cc","27,000 km",6
Toyota Harrier Z Black 530000 km 2020,Toyota,Harrier,Automatic,Hybrid,"Tk 7,580,000",2020,"2,500 cc","30,000 km",6
Toyota Fielder Ex 2020,Toyota,Fielder,Automatic,"Petrol, Hybrid, Octane","Tk 2,250,000",2020,"1,500 cc","63,000 km",6
Toyota Hiace GL AMBULANCE 2021,Toyota,Hiace,Automatic,"Petrol, Octane","Tk 3,000,000",2021,"2,000 cc","76,120 km",5
Toyota Prius S-Touring 2020,Toyota,Prius,Automatic,"Petrol, Hybrid, Octane","Tk 3,300,000",2020,"1,800 cc","48,000 km",6
Toyota Esquire GI PREMIUM HYBRID 2020,Toyota,Esquire,Automatic,"Petrol, Hybrid, Octane","Tk 3,520,000",2020,"1,800 cc","40,000 km",6
Toyota Corolla Cross Z Leather Brand New 2025,Toyota,Corolla Cross,Automatic,"Petrol, Hybrid, Octane","Tk 6,250,000",2025,"1,800 cc","1,700 km",1
Toyota Esquire GI NON HYBRID 2020,Toyota,Esquire,Automatic,"Petrol, Octane","Tk 4,250,000",2020,"2,000 cc","40,000 km",6
Toyota Esquire GI HYBRID 2020,Toyota,Esquire,Automatic,"Petrol, Hybrid, Octane","Tk 3,550,000",2020,"1,800 cc","75,421 km",6
Toyota Corolla Wxb Hybrid 4.5 Grade 2020,Toyota,Corolla,Automatic,"Petrol, Hybrid, Octane","Tk 3,300,000",2020,"1,800 cc","38,388 km",6
Toyota Esquire GI HYBRID 2020,Toyota,Esquire,Automatic,"Petrol, Hybrid, Octane","Tk 3,650,000",2020,"1,800 cc","60,481 km",6
Toyota Esquire GI HYBRID 2020,Toyota,Esquire,Automatic,"Petrol, Hybrid, Octane","Tk 3,550,000",2020,"1,800 cc","85,642 km",6
Toyota Axio Hybrid Ex 4 Point 2020,Toyota,Axio,Automatic,Hybrid,"Tk 2,300,000",2020,"1,500 cc","97,571 km",6
Toyota Land Cruiser TX-L PKG 4.5 PEARL 2022,Toyota,Land Cruiser,Automatic,Octane,"Tk 16,800,000",2022,"2,700 cc","18,010 km",4
Toyota Fielder Non hybrid Ex push 2020,Toyota,Fielder,Automatic,"Petrol, Octane","Tk 2,600,000",2020,"1,500 cc","79,360 km",6
Haval H2 Sunroof 2018,Haval,H2,Automatic,Octane,"Tk 1,950,000",2018,"1,500 cc","52,000 km",8
Toyota Aqua 2013,Toyota,Aqua,Automatic,Hybrid,"Tk 1,200,000",2019,"1,500 cc","70,000 km",7
Toyota Noah GI HYBRI PUSH 2DR PW 2020,Toyota,Noah,Automatic,"Petrol, Hybrid, Octane","Tk 3,250,000",2020,"1,800 cc","92,548 km",6
Toyota Noah XI-HY PUSH 2DOR POW 2020,Toyota,Noah,Automatic,"Petrol, Hybrid, Octane","Tk 3,250,000",2020,"1,800 cc","87,546 km",6
Toyota Sienta G Non-HV 7 Seat 2020,Toyota,Sienta,Automatic,"Petrol, Octane","Tk 2,700,000",2020,"1,500 cc","48,458 km",6
Toyota Axio Ex Push Start 2020,Toyota,Axio,Automatic,"Petrol, Hybrid, Octane","Tk 2,350,000",2020,"1,500 cc","48,055 km",6
Toyota Noah X NON HY PUSH 2DR PW 2021,Toyota,Noah,Automatic,"Petrol, Octane","Tk 3,800,000",2021,"2,000 cc","71,601 km",5
Toyota Hiace Grand Cabin 2025,Toyota,Hiace,Automatic,Octane,"Tk 6,800,000",2025,"2,700 cc",58 km,1
Toyota Axio hybrid super fresh 2015,Toyota,Axio,Automatic,"Hybrid, Octane","Tk 1,685,000",2015,"1,500 cc","64,000 km",11
Toyota Yaris Cross 360 CAM READY CAR 2020,Toyota,Yaris Cross,Automatic,"Hybrid, Octane","Tk 3,450,000",2020,"1,500 cc","42,013 km",6
Toyota Prius Alpha Pano moonroof 2013,Toyota,Prius,Automatic,"Hybrid, Octane","Tk 1,790,000",2013,"1,800 cc","116,000 km",13
Toyota Harrier PSN PKG 2020,Toyota,Harrier,Automatic,Octane,"Tk 7,300,000",2020,"1,980 cc","56,094 km",6
Toyota Corolla Cross Z LEATHER PKG 4.5 2022,Toyota,Corolla Cross,Automatic,"Hybrid, Octane","Tk 4,540,000",2022,"1,800 cc","52,000 km",4
Toyota Voxy S-Z 2022,Toyota,Voxy,Automatic,"Hybrid, Octane","Tk 5,400,000",2022,"1,790 cc","49,400 km",4
Toyota Corolla Cross Z PKG 2025,Toyota,Corolla Cross,Automatic,"Hybrid, Octane","Tk 5,800,000",2025,"1,790 cc",21 km,1
Toyota Corolla WXB PKG 2020,Toyota,Corolla,Automatic,"Hybrid, Octane","Tk 3,575,000",2020,"1,790 cc","42,400 km",6
Toyota Corolla WXB PKG 2021,Toyota,Corolla,Automatic,"Hybrid, Octane","Tk 3,450,000",2021,"1,790 cc","88,790 km",5
Toyota Hiace GL LED DUAL AC PKG 2020,Toyota,Hiace,Automatic,"Petrol, Octane","Tk 3,450,000",2020,"2,000 cc","39,329 km",6
Toyota Corolla Axio X 2015,Toyota,Corolla,Automatic,"CNG, Octane","Tk 1,800,000",2015,"1,500 cc",0 km,11
Toyota Premio G Superior 2016,Toyota,Premio,Automatic,Octane,"Tk 2,900,000",2016,"1,500 cc","60,000 km",10
Toyota Hiace SUPER GL 2015,Toyota,Hiace,Automatic,"Octane, LPG","Tk 3,500,000",2015,"2,000 cc","95,000 km",11
Toyota Corolla Hybrid X 2016,Toyota,Corolla,Automatic,Hybrid,"Tk 1,700,000",2016,"1,500 cc","98,000 km",10
Toyota Prius S Touring Selection 2018,Toyota,Prius,Automatic,Octane,"Tk 2,750,000",2018,"1,800 cc","51,340 km",8
Toyota Harrier 2020,Toyota,Harrier,Automatic,Octane,"Tk 6,550,000",2020,"2,000 cc","54,300 km",6
Toyota Corolla Cross MOONROOF Z PKG 2021,Toyota,Corolla Cross,Automatic,Hybrid,"Tk 4,490,000",2021,"1,800 cc","23,149 km",5
Honda Grace EX MICA BLUE 2020,Honda,Grace,Automatic,"Petrol, Hybrid, Octane","Tk 2,980,000",2020,"1,500 cc","47,000 km",6
Toyota Noah 2021,Toyota,Noah,Automatic,Hybrid,"Tk 2,970,000",2021,"1,800 cc","78,000 km",5
Toyota Esquire GI PREMIUM HYBRID 2020,Toyota,Esquire,Automatic,Hybrid,"Tk 3,650,000",2020,"1,800 cc","93,122 km",6
Toyota Hiace Ambulance HighRof DX 2023,Toyota,Hiace,Automatic,Petrol,"Tk 3,200,000",2023,"2,000 cc","119,000 km",3
Toyota Rush Octane 2021,Toyota,Rush,Automatic,Octane,"Tk 3,580,000",2021,"1,500 cc","47,300 km",5
Toyota Hiace SUPPERGL DHAKA READY 2023,Toyota,Hiace,Automatic,Octane,"Tk 5,050,000",2023,"2,000 cc","33,896 km",3
Toyota Corolla Cross Land Cruiser TX 2017,Toyota,Corolla Cross,Automatic,Octane,"Tk 10,700,000",2017,"2,700 cc","52,292 km",9
Toyota Esquire XI Push Dhaka Ready 2020,Toyota,Esquire,Automatic,Octane,"Tk 3,930,000",2020,"2,000 cc","79,000 km",6
Toyota Axio Hybrid EX 4 Grade 2020,Toyota,Axio,Automatic,"Petrol, Hybrid, Octane","Tk 2,570,000",2020,"1,500 cc","49,000 km",6
Toyota Axio Non Hybrid EX 2020,Toyota,Axio,Automatic,"Petrol, Octane","Tk 2,720,000",2020,"1,500 cc","80,000 km",6
Toyota Hiace Super GL 2020,Toyota,Hiace,Automatic,Octane,"Tk 3,850,000",2020,"2,000 cc","124,725 km",6
Toyota C-HR G-LED HY NEW SHAPE 2020,Toyota,C-HR,Automatic,"Petrol, Hybrid, Octane","Tk 3,600,000",2020,"1,800 cc","604,197 km",6
Toyota Hiace SUPER GL PUSH 2020,Toyota,Hiace,Automatic,Petrol,"Tk 4,300,000",2020,"2,000 cc","83,231 km",6
Toyota Corolla Cross Z HYBRID-FULL LOAD 2022,Toyota,Corolla Cross,Automatic,"Petrol, Hybrid, Octane","Tk 5,000,000",2022,"1,800 cc","47,780 km",4
Toyota C-HR GR SPORTS 2020,Toyota,C-HR,Automatic,"Petrol, Hybrid, Octane","Tk 3,750,000",2020,"1,800 cc","57,748 km",6
Toyota Noah SZ HYBRID 2024,Toyota,Noah,Automatic,Hybrid,"Tk 5,900,000",2024,"1,800 cc","16,779 km",2
Toyota Esquire GI VERTICAL GRILL 2020,Toyota,Esquire,Automatic,"Petrol, Octane","Tk 4,500,000",2020,"2,000 cc","99,000 km",6
Toyota Esquire GI Package 2020,Toyota,Esquire,Automatic,"Hybrid, Octane","Tk 4,200,000",2020,"1,790 cc","76,948 km",6
Honda Insight Ex black style 2021,Honda,Insight,Automatic,Hybrid,"Tk 4,600,000",2021,"1,500 cc","9,000 km",5
Toyota Premio F-L 2020,Toyota,Premio,Automatic,Octane,"Tk 4,650,000",2020,"1,490 cc","32,900 km",6
Toyota Premio F-L 2020,Toyota,Premio,Automatic,Octane,"Tk 4,650,000",2020,"1,490 cc","43,100 km",6
Toyota Yaris Cross Z LEATHER 29000KM 2022,Toyota,Yaris Cross,Automatic,"Hybrid, Octane","Tk 3,830,000",2022,"1,500 cc","29,000 km",4
Toyota Axio EX 2020,Toyota,Axio,Automatic,Octane,"Tk 3,125,000",2020,"1,490 cc","33,300 km",6
Toyota Axio EX 2020,Toyota,Axio,Automatic,Octane,"Tk 3,125,000",2020,"1,490 cc","25,800 km",6
Toyota Sienta G SEAFTY EDITION HYB 2021,Toyota,Sienta,Automatic,Hybrid,"Tk 2,799,999",2021,"1,500 cc","89,000 km",5
Toyota Premio F-L 2020,Toyota,Premio,Automatic,Octane,"Tk 4,700,000",2020,"1,490 cc","51,000 km",6
Toyota Noah SI WXB HYBRID 2020,Toyota,Noah,Automatic,Hybrid,"Tk 3,500,000",2020,"1,800 cc","46,000 km",6
Toyota Esquire XI PKG NON HYB 4 2020,Toyota,Esquire,Automatic,Octane,"Tk 4,380,000",2020,"2,000 cc","65,000 km",6
Toyota Prado TX LTD ALL MOST NEW 2018,Toyota,Prado,Automatic,Octane,"Tk 11,950,000",2018,"2,700 cc","32,300 km",8
Toyota Fielder HYBRID EX PUSH START 2020,Toyota,Fielder,Automatic,Hybrid,"Tk 2,350,000",2020,"1,500 cc","88,924 km",6
Honda Insight EX Black Style 2021,Honda,Insight,Automatic,"Petrol, Hybrid, Octane","Tk 3,900,000",2021,"1,500 cc","31,286 km",5
Toyota Voxy S-Z 2022,Toyota,Voxy,Automatic,"Petrol, Hybrid, Octane","Tk 5,400,000",2022,"1,800 cc","52,000 km",4
Toyota Noah . 2010,Toyota,Noah,Automatic,"Petrol, LPG","Tk 2,100,000",2010,"2,000 cc","120,000 km",16
Honda Grace Silver 2020,Honda,Grace,Automatic,Hybrid,"Tk 2,699,999",2020,"1,500 cc","43,582 km",6
Toyota Noah SI WXB Hybrid Pearl 2021,Toyota,Noah,Automatic,"Hybrid, Octane","Tk 3,580,000",2021,"1,800 cc","29,679 km",5
Toyota Harrier Hybrid Z package 2021,Toyota,Harrier,Automatic,Hybrid,"Tk 6,200,000",2021,"2,500 cc",127 km,5
Toyota Fielder NON FILEDER PUSH 2020,Toyota,Fielder,Automatic,Octane,"Tk 2,650,000",2020,"1,500 cc","125,359 km",6
Toyota Axio 2020,Toyota,Axio,Automatic,Hybrid,"Tk 2,150,000",2020,"1,500 cc","88,000 km",6
Toyota Spacio all auto 1500cc 2002,Toyota,Spacio,Automatic,"Petrol, CNG, Octane","Tk 850,000",2002,"1,500 cc","95,352 km",24
Toyota C-HR S GR SPORTS 2020,Toyota,C-HR,Automatic,"Petrol, Hybrid, Octane","Tk 3,700,000",2020,"1,800 cc","51,000 km",6
Toyota Corolla Cross Z Red 6 Point 2024,Toyota,Corolla Cross,Automatic,Hybrid,"Tk 5,590,000",2024,"1,800 cc",43 km,2
Toyota Hiace DX Dhaka Ready 2020,Toyota,Hiace,Automatic,Octane,"Tk 3,350,000",2020,"2,000 cc","75,000 km",6
Toyota Voxy S-Z GRAY 2024,Toyota,Voxy,Automatic,"Hybrid, Octane","Tk 5,350,000",2024,"1,800 cc","2,065 km",2
Toyota Esquire Gi Premium 2018,Toyota,Esquire,Automatic,"Hybrid, Octane","Tk 3,245,000",2018,"1,800 cc","47,000 km",8
Toyota Hiace GL Dhaka Ready 2020,Toyota,Hiace,Automatic,Octane,"Tk 3,450,000",2020,"2,000 cc","68,000 km",6
Toyota Hiace Super GL Alloy Reem 2020,Toyota,Hiace,Automatic,"Petrol, Octane","Tk 3,900,000",2020,"2,000 cc","82,000 km",6
Toyota RAV4 NON HYBRID G-Z PKG 2020,Toyota,RAV4,Automatic,"Petrol, Octane","Tk 7,400,000",2020,"2,000 cc","31,548 km",6
Toyota Yaris Cross Z PKG READY 2021,Toyota,Yaris Cross,Automatic,"Hybrid, Octane","Tk 3,500,000",2021,"1,500 cc","49,582 km",5
Honda CR-V EX-MASTER PIECE READ 2020,Honda,CR-V,Automatic,"Hybrid, Octane","Tk 5,500,000",2020,"2,000 cc","47,980 km",6
Toyota Harrier NON HYBRID NEW SHAPE 2024,Toyota,Harrier,Automatic,"Petrol, Octane","Tk 11,800,000",2024,"2,000 cc","8,013 km",2
Nissan X-Trail E.B.P HYBRID READY 2020,Nissan,X-Trail,Automatic,"Petrol, Hybrid, Octane","Tk 3,850,000",2020,"2,000 cc","26,013 km",6
Lexus RX 500h F SPORTS READY 2023,Lexus,RX,Automatic,"Petrol, Hybrid, Octane","Tk 21,000,000",2023,"2,400 cc","9,013 km",3
Lexus RX 500h F.S DHAKA READY 2023,Lexus,RX,Automatic,"Petrol, Hybrid, Octane","Tk 20,500,000",2023,"2,400 cc","1,000 km",3
Toyota Harrier NON HYBRID NEW SHAPE 2022,Toyota,Harrier,Automatic,"Petrol, Octane","Tk 8,200,000",2022,"2,000 cc","44,013 km",4
Honda CR-V Ex Master piece 2020,Honda,CR-V,Automatic,"Petrol, Hybrid, Octane","Tk 5,700,000",2020,"2,000 cc","57,748 km",6
Honda CR-V EX- MASTERPICS 2019,Honda,CR-V,Automatic,"Petrol, Octane","Tk 5,830,000",2019,"1,500 cc","26,000 km",7
Toyota Hiace Super GL 2021,Toyota,Hiace,Automatic,"Petrol, Octane","Tk 4,600,000",2021,"2,000 cc","45,000 km",5
Toyota Corolla Cross Z-LEATHER 2022,Toyota,Corolla Cross,Automatic,Hybrid,"Tk 4,630,000",2022,"1,800 cc","67,500 km",4
Toyota Premio 2020,Toyota,Premio,Automatic,Petrol,"Tk 3,890,000",2021,"1,497 cc","15,900 km",5
Toyota funcargo 2002,Toyota,Other Model,Automatic,"Petrol, CNG, Octane","Tk 495,000",2002,"1,331 cc","82,535 km",24
Toyota Corolla Cross Z leader panoramic 2024,Toyota,Corolla Cross,Automatic,"Petrol, Hybrid, Octane","Tk 5,290,000",2024,"1,800 cc","44,000 km",2
Toyota Corolla Cross MOONROOF 360 Z PKG 2021,Toyota,Corolla Cross,Automatic,Hybrid,"Tk 4,490,000",2021,"1,800 cc","23,145 km",5
Toyota Corolla Cross Z HYBRID MOONROOF 2021,Toyota,Corolla Cross,Automatic,Hybrid,"Tk 4,490,000",2021,"1,800 cc","23,452 km",5
Toyota Esquire NON HYBRID XI PUSH 2020,Toyota,Esquire,Automatic,Octane,"Tk 4,000,000",2020,"2,000 cc","132,111 km",6
Toyota Harrier BRAND NEW Z LEATHER 2025,Toyota,Harrier,Automatic,Hybrid,"Tk 11,200,000",2025,"2,500 cc",0 km,1
Toyota Yaris Hybrid 2021,Toyota,Yaris,Automatic,Hybrid,"Tk 1,900,000",2021,"1,500 cc","33,000 km",5
Toyota Corolla Hybrid GX 2021,Toyota,Corolla,Automatic,Hybrid,"Tk 2,400,000",2021,"1,800 cc","45,821 km",5
Toyota C-HR G Yellow 4.5 Point 2020,Toyota,C-HR,Automatic,Hybrid,"Tk 3,500,000",2020,"1,800 cc","40,000 km",6
Toyota Corolla Cross Z Leather Hard Top 2021,Toyota,Corolla Cross,Automatic,"Petrol, Hybrid, Octane","Tk 4,550,000",2021,"1,800 cc","48,000 km",5
Toyota Esquire GI PREMIUM HYBRID 2021,Toyota,Esquire,Automatic,Hybrid,"Tk 4,050,000",2021,"1,800 cc","72,000 km",5
Nissan X-Trail hybrid 2017,Nissan,X-Trail,Automatic,"Hybrid, Octane","Tk 2,450,000",2017,"2,000 cc","44,000 km",9
Toyota Prius S T PKG 2021,Toyota,Prius,Automatic,"Hybrid, Octane","Tk 3,975,000",2021,"1,790 cc","29,515 km",5
Toyota Hiace SUPER GL 2016,Toyota,Hiace,Automatic,"Octane, LPG","Tk 3,350,000",2016,"2,000 cc","124,585 km",10
Toyota C-HR G-LED 2017,Toyota,C-HR,Automatic,"Hybrid, Octane","Tk 2,695,000",2017,"1,800 cc","76,000 km",9
Toyota Esquire HV PUSH GI PREMIUM 2020,Toyota,Esquire,Automatic,Hybrid,"Tk 3,750,000",2020,"1,800 cc","97,187 km",6
Toyota Noah NON HYBRID X 2021,Toyota,Noah,Automatic,Octane,"Tk 3,600,000",2021,"2,000 cc","95,678 km",5
Toyota Axio Ex Nonhybrid Gp-4.00 2020,Toyota,Axio,Automatic,"Petrol, Hybrid, Octane","Tk 2,700,000",2020,"1,500 cc","93,400 km",6
Toyota Axio EX PUSH NON HYBRID 2020,Toyota,Axio,Automatic,Octane,"Tk 2,600,000",2020,"1,500 cc","74,923 km",6
Toyota Noah X NON HYBRID KEY 2021,Toyota,Noah,Automatic,Octane,"Tk 3,600,000",2021,"2,000 cc","95,167 km",5
Toyota Esquire PUSH GI PREMIUM PKG 2020,Toyota,Esquire,Automatic,Hybrid,"Tk 3,750,000",2020,"1,800 cc","97,287 km",6
Toyota Axio 2014,Toyota,Axio,Automatic,Hybrid,"Tk 145,000",2019,"1,500 cc","72,314 km",7
Toyota C-HR G Mode Ready 2020,Toyota,C-HR,Automatic,"Hybrid, Octane","Tk 3,350,000",2020,"1,500 cc","48,460 km",6
Honda CR-V EX Masterpiece Turbo 2021,Honda,CR-V,Automatic,Octane,"Tk 5,350,000",2021,"1,500 cc","19,345 km",5
Toyota Esquire GI PKG HYBRID PEARL 2021,Toyota,Esquire,Automatic,"Hybrid, Octane","Tk 3,590,000",2021,"1,800 cc","90,000 km",5
Toyota Prius STS PKG 2020,Toyota,Prius,Automatic,"Hybrid, Octane","Tk 3,650,000",2020,"1,790 cc","66,024 km",6
Toyota Hiace SUPER GL DARK PRIME 2021,Toyota,Hiace,Automatic,Octane,"Tk 4,130,000",2021,"2,000 cc","49,235 km",5
Honda Insight EX PACKAGE 2019,Honda,Insight,Automatic,Hybrid,"Tk 3,680,000",2019,"1,500 cc","63,100 km",7
Toyota Sienta Hybrid X package 2021,Toyota,Sienta,Automatic,Hybrid,"Tk 2,400,000",2021,"1,500 cc","1,234 km",5
Toyota Noah SG Hybrid New Shape 2022,Toyota,Noah,Automatic,Hybrid,"Tk 4,550,000",2022,"1,800 cc","63,000 km",4
Honda CR-V EX Masterpeice Pearl 2020,Honda,CR-V,Automatic,Petrol,"Tk 6,050,000",2020,"1,500 cc","39,000 km",6
Toyota Yaris Cross Z Wine 4.542000 km 2020,Toyota,Yaris Cross,Automatic,Hybrid,"Tk 3,600,000",2020,"1,500 cc","42,000 km",6
Toyota Corolla Cross Z Pearl New Shape 2025,Toyota,Corolla Cross,Automatic,Hybrid,"Tk 6,170,000",2025,"1,800 cc",11 km,1
Toyota Voxy S-Z Non Hybrid 2023,Toyota,Voxy,Automatic,"Petrol, Octane","Tk 6,550,000",2023,"2,000 cc","11,000 km",3
Toyota Corolla Cross Z Pearl Full Option 2023,Toyota,Corolla Cross,Automatic,Hybrid,"Tk 5,200,000",2023,"1,800 cc","33,000 km",3
Toyota Esquire HB Gi Premium Pearl 2021,Toyota,Esquire,Automatic,Hybrid,"Tk 4,360,000",2021,"1,800 cc","23,000 km",5
Toyota Corolla Cross Z Leather Ready 2022,Toyota,Corolla Cross,Automatic,"Hybrid, Octane","Tk 4,250,000",2022,"1,800 cc","38,319 km",4
Toyota Corolla FIELDER Hybrid EX 2021,Toyota,Corolla,Automatic,Hybrid,"Tk 2,200,000",2021,"1,500 cc","48,620 km",5
Toyota Premio G SUPIRIOUR 2012,Toyota,Premio,Automatic,"Petrol, LPG","Tk 2,350,000",2012,"1,500 cc","75,000 km",14
Toyota Axio Hybrid 2020,Toyota,Axio,Automatic,Hybrid,"Tk 2,200,000",2020,"1,500 cc","88,000 km",6
Toyota Esquire GI PREMIUM NON HYBRI 2020,Toyota,Esquire,Automatic,Petrol,"Tk 4,590,000",2020,"2,000 cc","49,000 km",6
Toyota Voxy ZS KIRAMEKI II PEARL 2020,Toyota,Voxy,Automatic,Petrol,"Tk 3,950,000",2020,"2,000 cc","83,000 km",6
Toyota Hiace SUPER GL DARK PRIME 2022,Toyota,Hiace,Automatic,Petrol,"Tk 4,650,000",2022,"2,000 cc","58,000 km",4
Toyota Fielder EX HYBRID BLACK AP-4 2020,Toyota,Fielder,Automatic,Hybrid,"Tk 2,480,000",2020,"1,500 cc","21,591 km",6
Toyota Corolla Cross Z Black 4.548500 km 2023,Toyota,Corolla Cross,Automatic,Hybrid,"Tk 4,880,000",2023,"1,800 cc","48,500 km",3
Toyota C-HR G Hybrid 2020,Toyota,C-HR,Automatic,"Petrol, Hybrid, Octane","Tk 3,650,000",2020,"1,800 cc","41,000 km",6
Toyota Corolla Cross Z Blue 466900 km 2022,Toyota,Corolla Cross,Automatic,Hybrid,"Tk 4,580,000",2022,"1,800 cc","66,900 km",4
Toyota Corolla Cross Z Black 4.569000 km 2022,Toyota,Corolla Cross,Automatic,Hybrid,"Tk 4,890,000",2022,"1,800 cc","69,000 km",4
Toyota C-HR S Yellow 4 Point 2020,Toyota,C-HR,Automatic,Hybrid,"Tk 3,450,000",2020,"1,800 cc","93,000 km",6
Toyota Yaris Cross Z Leather Hybrid 2021,Toyota,Yaris Cross,Automatic,"Petrol, Hybrid, Octane","Tk 3,350,000",2021,"1,500 cc","62,158 km",5
Nissan X-Trail 20XI Blue 4.577k 2020,Nissan,X-Trail,Automatic,Petrol,"Tk 5,500,000",2020,"2,000 cc","77,000 km",6
Toyota Sienta G Hybrid 2020,Toyota,Sienta,Automatic,"Petrol, Hybrid, Octane","Tk 2,800,000",2020,"1,500 cc","7,500 km",6
Toyota Noah X Led Non Hybrid 2022,Toyota,Noah,Automatic,"Petrol, Octane","Tk 4,450,000",2022,"2,000 cc","102,309 km",4
Toyota Corolla Cross Z PKG 4.0 PEARL 2022,Toyota,Corolla Cross,Automatic,"Hybrid, Octane","Tk 4,880,000",2022,"1,800 cc","47,000 km",4
Toyota Axio Hybrid Ex Package 2020,Toyota,Axio,Automatic,Hybrid,"Tk 2,200,000",2020,"1,500 cc","118,676 km",6
Toyota Harrier Z LEATHER 2020,Toyota,Harrier,Automatic,"Petrol, Octane","Tk 8,000,000",2020,"2,000 cc","77,000 km",6
Toyota Corolla X 2001,Toyota,Corolla,Automatic,"CNG, Octane","Tk 1,020,000",2001,"1,500 cc","124,325 km",25
Toyota Hiace gl dual ac 2020,Toyota,Hiace,Automatic,"Petrol, Octane","Tk 3,350,000",2020,"2,000 cc","92,580 km",6
Toyota Noah NONHYBRID READY UNIT 2020,Toyota,Noah,Automatic,"Petrol, Octane","Tk 3,480,000",2020,"2,000 cc","68,381 km",6
Toyota Hiace SUPPERGL DHAKA READY 2020,Toyota,Hiace,Automatic,Octane,"Tk 3,950,000",2020,"2,000 cc","51,987 km",6
Toyota Esquire GI Premium 2020,Toyota,Esquire,Automatic,Octane,"Tk 3,600,000",2020,"2,000 cc","45,369 km",6
Toyota Harrier NON HY Z LEATHER-5AP 2022,Toyota,Harrier,Automatic,"Petrol, Octane","Tk 9,100,000",2022,"2,000 cc","32,000 km",4
Toyota Fielder EX PUSH 2020,Toyota,Fielder,Automatic,"Hybrid, Octane","Tk 2,280,000",2020,"1,500 cc","59,000 km",6
Toyota Hiace DX-GL 2020,Toyota,Hiace,Automatic,Octane,"Tk 3,150,000",2020,"2,000 cc","104,762 km",6
Toyota Noah Hybrid SI WXB V-2 2020,Toyota,Noah,Automatic,"Petrol, Hybrid, Octane","Tk 3,850,000",2020,"1,800 cc","37,000 km",6
Toyota Hiace Super GL Push 2020,Toyota,Hiace,Automatic,"Petrol, Octane","Tk 4,200,000",2020,"2,000 cc","102,000 km",6
Toyota Noah X NON-HYBRID 2020,Toyota,Noah,Automatic,Octane,"Tk 3,500,000",2020,"2,000 cc","140,164 km",6
Toyota Axio EX Hybrid 2020,Toyota,Axio,Automatic,"Hybrid, Octane","Tk 2,550,000",2020,"1,500 cc","41,695 km",6
Toyota Prius S-Touring Seclection 2020,Toyota,Prius,Automatic,"Petrol, Hybrid, Octane","Tk 3,400,000",2020,"1,800 cc","48,400 km",6
Toyota Hiace Super GL FULL LOAD 2024,Toyota,Hiace,Automatic,"Petrol, Octane","Tk 5,100,000",2024,"2,000 cc","40,000 km",2
Toyota Esquire Gi premium nonhybrid 2020,Toyota,Esquire,Automatic,"Petrol, Octane","Tk 4,500,000",2020,"2,000 cc","59,000 km",6
Toyota Prius ATS PKG 2021,Toyota,Prius,Automatic,"Hybrid, Octane","Tk 3,975,000",2021,"1,790 cc","39,200 km",5
Toyota Prius S 2019,Toyota,Prius,Automatic,"Hybrid, Octane","Tk 3,650,000",2019,"1,790 cc","61,800 km",7
Toyota Prius ATS PKG 2018,Toyota,Prius,Automatic,"Hybrid, Octane","Tk 3,050,000",2018,"1,790 cc","99,450 km",8
Toyota Harrier Z LEATHER NON-HYBRID 2020,Toyota,Harrier,Automatic,Octane,"Tk 8,000,000",2020,"2,000 cc","60,000 km",6
Toyota Axio EX 2020,Toyota,Axio,Automatic,Octane,"Tk 3,025,000",2020,"1,490 cc","78,200 km",6
Toyota Axio EX-PKG 2020,Toyota,Axio,Automatic,Octane,"Tk 3,125,000",2020,"1,490 cc","45,410 km",6
Toyota Corolla Cross Z-PKG 2023,Toyota,Corolla Cross,Automatic,"Hybrid, Octane","Tk 4,950,000",2023,"1,800 cc","36,910 km",3
Honda Insight HYBRID PUSH START 2021,Honda,Insight,Automatic,Hybrid,"Tk 3,650,000",2021,"1,500 cc","123,452 km",5
Toyota Sienta G QUERO 2020,Toyota,Sienta,Automatic,"Petrol, Hybrid, Octane","Tk 2,700,000",2020,"1,500 cc","79,000 km",6
Toyota C-HR G Mode Nero 4.5 2020,Toyota,C-HR,Automatic,"Petrol, Hybrid, Octane","Tk 3,500,000",2020,"1,800 cc","50,959 km",6
Mitsubishi Outlandar Rock Ford  Sun Roof 2011,Mitsubishi,Outlandar,Automatic,Octane,"Tk 2,360,000",2011,"2,000 cc","57,250 km",15
Toyota Corolla Cross Z Leather Hard Top 2022,Toyota,Corolla Cross,Automatic,"Petrol, Hybrid, Octane","Tk 4,200,000",2022,"1,800 cc","44,000 km",4
Toyota Noah X 2020,Toyota,Noah,Manual,Hybrid,"Tk 3,050,000",2020,"1,800 cc","122,000 km",6
Toyota Esquire GI PACKAGE 2021,Toyota,Esquire,Automatic,"Hybrid, Octane","Tk 4,300,000",2021,"1,790 cc","61,710 km",5
Toyota Esquire GI PKG 2021,Toyota,Esquire,Automatic,"Hybrid, Octane","Tk 4,350,000",2021,"1,790 cc","78,341 km",5
Toyota Esquire GI PKG NON HYB 2020,Toyota,Esquire,Automatic,Octane,"Tk 4,499,999",2020,"2,000 cc","39,000 km",6
Toyota Hiace 2011,Toyota,Hiace,Automatic,"CNG, Octane","Tk 2,449,000",2015,"2,000 cc","80,000 km",11
Toyota Corolla G Package 2006,Toyota,Corolla,Automatic,"CNG, Octane","Tk 1,330,000",2006,"1,500 cc","78,000 km",20
Honda CR-V JDM 2004,Honda,CR-V,Automatic,Octane,"Tk 1,090,000",2004,"2,000 cc","150,000 km",22
Toyota Corolla S - LED PACKAGE 2020,Toyota,Corolla,Automatic,"Hybrid, Octane","Tk 2,950,000",2020,"1,800 cc","77,218 km",6
Toyota Hiace SUPPER GL BODY KIT 2020,Toyota,Hiace,Automatic,Octane,"Tk 3,950,000",2020,"2,000 cc","59,632 km",6
Toyota C-HR G LED PACKAGE-HV 2019,Toyota,C-HR,Automatic,Hybrid,"Tk 3,380,000",2019,"1,800 cc","31,987 km",7
Toyota C-HR G-LED PACKAGE-HV 2019,Toyota,C-HR,Automatic,Hybrid,"Tk 3,380,000",2019,"1,800 cc","31,012 km",7
Toyota Esquire GI PREMIUM-PKG 2020,Toyota,Esquire,Automatic,Hybrid,"Tk 3,850,000",2020,"1,800 cc","69,367 km",6
Toyota C-HR G-LED PKG-HYBRID 2019,Toyota,C-HR,Automatic,Hybrid,"Tk 3,380,000",2019,"1,800 cc","31,098 km",7
Honda Insight EX-PUSH START-HYBRID 2019,Honda,Insight,Automatic,Hybrid,"Tk 3,680,000",2019,"1,500 cc","63,711 km",7
Toyota Noah NON HYBRID X 2020,Toyota,Noah,Automatic,Octane,"Tk 3,500,000",2020,"2,000 cc","95,342 km",6
Toyota Esquire gi premium hybrid 2020,Toyota,Esquire,Automatic,Hybrid,"Tk 3,800,000",2020,"1,800 cc","69,000 km",6
Toyota Harrier PREMIUM PACKAGE 2020,Toyota,Harrier,Automatic,Octane,"Tk 6,550,000",2020,"2,000 cc","53,987 km",6
Toyota Noah X-NON HYBRID 2021,Toyota,Noah,Automatic,Octane,"Tk 3,650,000",2021,"2,000 cc","107,345 km",5
Toyota Axio EX READY DHAKA 2020,Toyota,Axio,Automatic,"Petrol, Hybrid, Octane","Tk 2,400,000",2020,"1,500 cc","44,000 km",6
Toyota Harrier PREMIUM-PKG 2020,Toyota,Harrier,Automatic,Octane,"Tk 6,550,000",2020,"2,000 cc","53,378 km",6
Toyota Esquire GI PREMIUM-HV 2020,Toyota,Esquire,Automatic,Hybrid,"Tk 3,700,000",2020,"1,800 cc","97,002 km",6
Toyota C-HR G LED 2019,Toyota,C-HR,Automatic,Hybrid,"Tk 3,380,000",2019,"1,800 cc","31,444 km",7
Toyota Noah X- Non-HYBRID 2020,Toyota,Noah,Automatic,Octane,"Tk 3,650,000",2020,"2,000 cc","96,076 km",6
Toyota Prius hybrid 2020,Toyota,Prius,Automatic,"Petrol, Hybrid, Octane","Tk 2,850,000",2020,"1,800 cc","56,284 km",6
Toyota Fielder NON HYBRID Ready 2020,Toyota,Fielder,Automatic,"Petrol, Hybrid, Octane, Other fuel type","Tk 2,620,000",2020,"1,500 cc","90,000 km",6
Toyota Allion silver 2002,Toyota,Allion,Automatic,"CNG, Octane","Tk 1,170,000",2002,"1,500 cc","89,000 km",24
Toyota Axio silver 2010,Toyota,Axio,Automatic,Octane,"Tk 1,550,000",2010,"1,500 cc","7,500 km",16
Toyota Yaris Cross Z LEATHER TWO TUNE 2021,Toyota,Yaris Cross,Automatic,Hybrid,"Tk 3,350,000",2021,"1,500 cc","51,380 km",5
Toyota Premio F EX RED WINE 2020,Toyota,Premio,Automatic,Petrol,"Tk 4,620,000",2020,"1,500 cc","34,892 km",6
Toyota Noah SI WXB HYBRID 2020,Toyota,Noah,Automatic,Hybrid,"Tk 3,650,000",2020,"1,800 cc","57,970 km",6
Toyota Hiace AMBULENCE DX 2020,Toyota,Hiace,Automatic,"Petrol, Octane","Tk 2,790,000",2020,"2,000 cc","175,624 km",6
Toyota Noah X HYBRID 2020,Toyota,Noah,Automatic,Hybrid,"Tk 3,250,000",2020,"1,800 cc","63,521 km",6
Toyota Corolla Cross s pkg 2022,Toyota,Corolla Cross,Automatic,Hybrid,"Tk 3,950,000",2022,"1,800 cc","36,521 km",4
Toyota Corolla Cross Z LEATHER 2021,Toyota,Corolla Cross,Automatic,Hybrid,"Tk 4,790,000",2021,"1,800 cc","67,900 km",5
Toyota Esquire GI PREMIUM HYBRID 2020,Toyota,Esquire,Automatic,Hybrid,"Tk 3,780,000",2020,"1,800 cc","57,360 km",6
Toyota Harrier Z LEATHER BLACK 2021,Toyota,Harrier,Automatic,Petrol,"Tk 8,100,000",2021,"2,000 cc","27,000 km",5
Toyota Noah S-Z BRAND NEW UNIT 2025,Toyota,Noah,Automatic,Hybrid,"Tk 6,180,000",2025,"1,800 cc",7 km,1
Toyota Yaris Cross Z LEATHER AP-4.5 2021,Toyota,Yaris Cross,Automatic,Hybrid,"Tk 3,390,000",2021,"1,500 cc","48,562 km",5
Toyota Hiace Ambulance Super GL 2020,Toyota,Hiace,Automatic,Petrol,"Tk 3,590,000",2020,"2,000 cc","87,500 km",6
Toyota Hiace SUPER GL 2013,Toyota,Hiace,Automatic,Octane,"Tk 2,695,000",2013,"2,000 cc","89,580 km",13
Toyota Noah Hybrid G Pkg Bronze 2021,Toyota,Noah,Automatic,Hybrid,"Tk 3,640,000",2021,"1,800 cc","101,600 km",5
Toyota Prius S Touring Sel. Black 2020,Toyota,Prius,Automatic,Hybrid,"Tk 3,430,000",2020,"1,800 cc","66,000 km",6
Toyota Corolla Cross Z Black 4.518000 km 2022,Toyota,Corolla Cross,Automatic,Hybrid,"Tk 4,970,000",2022,"1,800 cc","18,000 km",4
Toyota Noah X Black 3.5134k km 2021,Toyota,Noah,Automatic,Hybrid,"Tk 3,420,000",2021,"1,800 cc","134,000 km",5
Toyota Hiace Super GL Dark Prime2 2023,Toyota,Hiace,Automatic,Petrol,"Tk 4,850,000",2023,"2,000 cc","34,000 km",3
Toyota Corolla Cross Z Black 3.527k km 2023,Toyota,Corolla Cross,Automatic,Hybrid,"Tk 4,880,000",2023,"1,800 cc","27,000 km",3
Toyota Noah X Silver RA225k km 2020,Toyota,Noah,Automatic,Hybrid,"Tk 3,030,000",2020,"1,800 cc","225,000 km",6
Toyota Corolla Cross Z Pearl 59500 km 2023,Toyota,Corolla Cross,Automatic,Hybrid,"Tk 5,430,000",2023,"1,800 cc","9,500 km",3
Toyota Noah SIWXB Black R39k km 2020,Toyota,Noah,Automatic,Hybrid,"Tk 3,750,000",2020,"1,800 cc","39,000 km",6
Toyota Corolla Cross G Pearl 458000 km 2021,Toyota,Corolla Cross,Automatic,Hybrid,"Tk 4,180,000",2021,"1,800 cc","58,000 km",5
Toyota Noah SZ Black R33000 km 2023,Toyota,Noah,Automatic,Hybrid,"Tk 4,860,000",2023,"1,800 cc","33,000 km",3
Toyota Corolla Cross Z Pearl 64100 km 2025,Toyota,Corolla Cross,Automatic,Hybrid,"Tk 5,690,000",2025,"1,800 cc","4,100 km",1
Toyota Raize Z Beige 3.538000 km 2022,Toyota,Raize Z,Automatic,Hybrid,"Tk 4,220,000",2022,"1,200 cc","38,000 km",4
Toyota Noah G Pearl 3.5174k km 2020,Toyota,Noah,Automatic,Hybrid,"Tk 3,130,000",2020,"1,800 cc","174,000 km",6
Toyota Corolla Cross Z Pearl 354000 km 2022,Toyota,Corolla Cross,Automatic,Hybrid,"Tk 4,380,000",2022,"1,800 cc","54,000 km",4
Toyota Noah X Brown R98000 km 2021,Toyota,Noah,Automatic,Petrol,"Tk 3,750,000",2021,"2,000 cc","98,000 km",5
Toyota Corolla Cross Z Pearl RA97000 km 2022,Toyota,Corolla Cross,Automatic,Hybrid,"Tk 4,330,000",2022,"1,800 cc","97,000 km",4
Toyota Hiace Super GL Pearl R68k 2021,Toyota,Hiace,Automatic,Petrol,"Tk 4,230,000",2021,"2,000 cc","68,000 km",5
Toyota Noah G Silver 4112k km 2020,Toyota,Noah,Automatic,Hybrid,"Tk 3,180,000",2020,"1,800 cc","112,900 km",6
Toyota Corolla Cross HYBRID Z HARDTOP 2021,Toyota,Corolla Cross,Automatic,Hybrid,"Tk 4,450,000",2021,"1,800 cc","44,389 km",5
Toyota Harrier Z PACKAGE PANORAMIC 2021,Toyota,Harrier,Automatic,Hybrid,"Tk 7,600,000",2021,"2,500 cc","14,256 km",5
Toyota Yaris Hybrid 2021,Toyota,Yaris,Automatic,Hybrid,"Tk 1,900,000",2021,"1,500 cc","31,000 km",5
Toyota Probox DX 2003,Toyota,Probox,Automatic,"Petrol, CNG, Octane","Tk 565,000",2003,"1,500 cc","95,352 km",23
Toyota Axio EX Hybrid 2020,Toyota,Axio,Automatic,"Petrol, Hybrid, Octane","Tk 2,150,000",2020,"1,500 cc","78,458 km",6
Toyota Corolla Cross Z Leather- 4.5 Point 2022,Toyota,Corolla Cross,Automatic,Hybrid,"Tk 4,730,000",2022,"1,800 cc","46,981 km",4
Toyota Corolla Cross Z LEATHER- 4.5 POINT 2022,Toyota,Corolla Cross,Automatic,Hybrid,"Tk 4,730,000",2022,"1,800 cc","46,981 km",4
Toyota Noah Hybrid 2020,Toyota,Noah,Automatic,Hybrid,"Tk 3,130,000",2020,"1,800 cc","77,351 km",6
MG HS Octane 2021,MG,HS,Automatic,Octane,"Tk 3,150,000",2021,"1,500 cc","43,100 km",5
Toyota Axio EX PKG 4.0 WHITE 2020,Toyota,Axio,Automatic,"Hybrid, Octane","Tk 2,420,000",2020,"1,500 cc","84,135 km",6
Toyota Axio Non hybrid Ex push 2020,Toyota,Axio,Automatic,"Petrol, Octane","Tk 2,600,000",2020,"1,500 cc","80,257 km",6
Toyota Fielder Hybrid 4 Grade 2020,Toyota,Fielder,Automatic,Hybrid,"Tk 2,320,000",2020,"1,800 cc","85,714 km",6
Toyota Fielder EX Dhaka Ready 2020,Toyota,Fielder,Automatic,Octane,"Tk 2,750,000",2020,"1,500 cc","67,000 km",6
Toyota Fielder Hybrid EX 2021,Toyota,Fielder,Automatic,"Petrol, Hybrid, Octane","Tk 2,300,000",2021,"1,800 cc","56,000 km",5
Toyota Hiace DX 2020,Toyota,Hiace,Automatic,Octane,"Tk 3,280,000",2020,"2,000 cc","39,856 km",6
Toyota Voxy S-Z 2022,Toyota,Voxy,Automatic,"Hybrid, Octane","Tk 4,750,000",2022,"1,800 cc","50,000 km",4
Nissan X-Trail HYBRID SUNROOF 2019,Nissan,X-Trail,Automatic,"Petrol, Hybrid, Octane","Tk 4,100,000",2019,"2,000 cc","33,000 km",7
Toyota Corolla Cross Z Leather Moonroof 2022,Toyota,Corolla Cross,Automatic,"Petrol, Hybrid, Octane","Tk 4,770,000",2022,"1,800 cc","9,000 km",4
Toyota Voxy Hybrid S-Z 2022,Toyota,Voxy,Automatic,"Petrol, Hybrid, Octane","Tk 4,100,000",2022,"1,800 cc","40,000 km",4
Toyota Corolla GX HYBRID PUSH GP-4 2020,Toyota,Corolla,Automatic,"Petrol, Hybrid, Octane","Tk 2,900,000",2020,"1,800 cc","62,122 km",6
Toyota Axio EX NON HYBRID PUSH 2021,Toyota,Axio,Automatic,"Petrol, Octane","Tk 3,250,000",2021,"1,500 cc","46,950 km",5
Toyota Esquire GI- PUSH BODY KIT 2020,Toyota,Esquire,Automatic,"Petrol, Hybrid, Octane","Tk 3,700,000",2020,"1,800 cc","60,690 km",6
Toyota Fielder Ex Push Start GP-4 2020,Toyota,Fielder,Automatic,"Petrol, Hybrid, Octane","Tk 2,300,000",2020,"1,500 cc","58,069 km",6
Toyota Hiace Super GL Push Projec 2020,Toyota,Hiace,Automatic,"Petrol, Octane","Tk 4,150,000",2020,"2,000 cc","102,000 km",6
Toyota Voxy 2022,Toyota,Voxy,Automatic,"Hybrid, Octane","Tk 5,300,000",2022,"1,800 cc","54,300 km",4
Toyota Prius S Touring Selection 2020,Toyota,Prius,Automatic,"Petrol, Hybrid, Octane","Tk 3,350,000",2020,"1,800 cc","87,000 km",6
Toyota Fielder EX HYBRID PUSH GP-4 2020,Toyota,Fielder,Automatic,"Petrol, Hybrid, Octane","Tk 2,300,000",2020,"1,500 cc","92,548 km",6
Toyota Noah X-HY PUSH 2DOR POW 2020,Toyota,Noah,Automatic,"Petrol, Hybrid, Octane","Tk 3,400,000",2020,"1,800 cc","71,433 km",6
Toyota C-HR G-LED GRAY  2 TONE 2020,Toyota,C-HR,Automatic,"Petrol, Hybrid, Octane","Tk 3,450,000",2020,"1,800 cc","70,320 km",6
Toyota Noah SI-WXB HYBRID CEL-TV 2021,Toyota,Noah,Automatic,"Petrol, Hybrid, Octane","Tk 3,800,000",2021,"1,800 cc","68,754 km",5
Toyota Aqua S HYBRID 2020,Toyota,Aqua,Automatic,"Petrol, Hybrid, Octane","Tk 1,940,000",2020,"1,500 cc","96,100 km",6
Toyota Axio EX HYBRID PUSH GP-4 2020,Toyota,Axio,Automatic,"Petrol, Hybrid, Octane","Tk 2,250,000",2020,"1,500 cc","87,450 km",6
Toyota Prado TX L 2011,Toyota,Prado,Automatic,Octane,"Tk 6,500,000",2011,"2,700 cc","67,485 km",15
Toyota Esquire GI 2020,Toyota,Esquire,Automatic,"Hybrid, Octane","Tk 4,050,000",2020,"1,790 cc","67,200 km",6
Toyota Corolla Cross Z LEATHER 4 POINT 2021,Toyota,Corolla Cross,Automatic,Hybrid,"Tk 4,380,000",2021,"1,800 cc","62,000 km",5
Toyota Esquire GI 2018,Toyota,Esquire,Automatic,"Hybrid, Octane","Tk 3,850,000",2018,"1,790 cc","87,400 km",8
Toyota Noah G HYB 2DR PWR 4POINT 2020,Toyota,Noah,Automatic,Hybrid,"Tk 3,180,000",2020,"1,800 cc","112,000 km",6
Toyota Corolla Cross Z PKG 2022,Toyota,Corolla Cross,Automatic,"Hybrid, Octane","Tk 4,800,000",2022,"1,790 cc","64,134 km",4
Toyota Axio EX-PKG 2020,Toyota,Axio,Automatic,"Hybrid, Octane","Tk 2,800,000",2020,"1,490 cc","79,519 km",6
Toyota Axio EX-PKG 2020,Toyota,Axio,Automatic,"Hybrid, Octane","Tk 2,800,000",2020,"1,490 cc","68,935 km",6
Toyota Esquire GI PKG NON HYB 4.5 2020,Toyota,Esquire,Automatic,Octane,"Tk 4,500,000",2020,"2,000 cc","84,000 km",6
Toyota Corolla Cross Z LEATHER 4.5 POINT 2021,Toyota,Corolla Cross,Automatic,Hybrid,"Tk 4,430,000",2021,"1,800 cc","51,000 km",5
Toyota Passo Sette 7Seat 1.5L 2011,Toyota,Passo,Automatic,"Petrol, Octane","Tk 1,450,000",2011,"1,500 cc","69,369 km",15
"Toyota Prius U, Auction Grade 5 2023",Toyota,Prius,Automatic,Octane,"Tk 4,700,000",2023,"1,800 cc","1,501 km",3
Toyota Prius S Touring Selection 2018,Toyota,Prius,Automatic,"Hybrid, Octane","Tk 2,710,000",2018,"1,800 cc","109,085 km",8
Toyota Axio EX Push 2020,Toyota,Axio,Automatic,"Hybrid, Octane","Tk 2,150,000",2020,"1,500 cc","58,000 km",6
Toyota Yaris Cross SHOWROOM-READY 2020,Toyota,Yaris Cross,Automatic,"Petrol, Hybrid, Octane","Tk 3,450,000",2020,"1,500 cc","59,512 km",6
Toyota Noah NON HYBRID X PKG 2021,Toyota,Noah,Automatic,"Petrol, Octane","Tk 3,700,000",2021,"2,000 cc","62,195 km",5
Toyota Noah X PKG NON HY BRID 2021,Toyota,Noah,Automatic,"Petrol, Octane","Tk 3,700,000",2021,"2,000 cc","41,013 km",5
BMW X3 Special Edition 2011,BMW,X3,Automatic,Diesel,"Tk 2,950,000",2011,"2,000 cc","75,000 km",15
Toyota Axio EX-Package 2020,Toyota,Axio,Automatic,Octane,"Tk 3,180,000",2020,"1,490 cc","66,349 km",6
Toyota Axio EX-Package 2020,Toyota,Axio,Automatic,"Hybrid, Octane","Tk 2,800,000",2020,"1,490 cc","79,529 km",6
Toyota Allion G PACKAGE PUSH 2016,Toyota,Allion,Automatic,"Petrol, CNG, Octane","Tk 2,950,000",2016,"1,500 cc","52,200 km",10
Toyota Premio G Win Over Fresh 2011,Toyota,Premio,Automatic,Octane,"Tk 2,280,000",2011,"1,500 cc","54,000 km",15
Toyota Premio G PUSH BLACK 2011,Toyota,Premio,Automatic,Octane,"Tk 2,200,000",2011,"1,500 cc","69,000 km",15
Toyota Axio Hybrid 2020 Ex,Toyota,Axio,Automatic,"Hybrid, Octane","Tk 2,180,000",2020,"1,500 cc","83,254 km",6
Toyota Axio Non Hybrid 2020,Toyota,Axio,Automatic,Octane,"Tk 2,600,000",2020,"1,500 cc","86,452 km",6
Toyota C-HR G-LED-TWO TONE-HV 2019,Toyota,C-HR,Automatic,Hybrid,"Tk 3,380,000",2019,"1,800 cc","31,092 km",7
Toyota Premio FL LED 2021,Toyota,Premio,Automatic,Octane,"Tk 3,700,000",2021,"1,500 cc","50,211 km",5
Toyota Esquire GI-PREMIU-HYBRID 2020,Toyota,Esquire,Automatic,Hybrid,"Tk 3,700,000",2020,"1,800 cc","63,545 km",6
Toyota Corolla Cross Z-LEATHER MOONROOF 2021,Toyota,Corolla Cross,Automatic,"Hybrid, Octane","Tk 4,490,000",2021,"1,800 cc","23,000 km",5
Toyota Noah X-PKG-NON HYBRID 2021,Toyota,Noah,Automatic,Octane,"Tk 3,650,000",2021,"2,000 cc","95,067 km",5
Toyota Noah X PKG-NON-HYBRID 2020,Toyota,Noah,Automatic,Octane,"Tk 3,550,000",2020,"2,000 cc","96,090 km",6
Toyota Noah X-PKG-NON-HYBRID 2021,Toyota,Noah,Automatic,Octane,"Tk 3,650,000",2021,"2,000 cc","107,530 km",5
Toyota Esquire GI PREMIUM HV 2020,Toyota,Esquire,Automatic,Hybrid,"Tk 3,700,000",2020,"1,800 cc","63,211 km",6
Honda Insight EX-PUSH-HV 2019,Honda,Insight,Automatic,Hybrid,"Tk 3,680,000",2019,"1,500 cc","63,555 km",7
Honda Insight LX PACKAGE-HV 2021,Honda,Insight,Automatic,Hybrid,"Tk 3,700,000",2021,"1,500 cc","123,777 km",5
Toyota Esquire PUSH HV GI PREMIUM 2020,Toyota,Esquire,Automatic,Hybrid,"Tk 3,900,000",2020,"1,800 cc","77,389 km",6
Honda Vezel E PLAY PUSH START 2021,Honda,Vezel,Automatic,Hybrid,"Tk 46,189",2021,"1,500 cc","23,134 km",5
Toyota Corolla Hybrid 2021,Toyota,Corolla,Automatic,Hybrid,"Tk 2,400,000",2021,"1,800 cc","73,000 km",5
Toyota Corolla Hybrid WXB 2021,Toyota,Corolla,Automatic,Hybrid,"Tk 2,800,000",2021,"1,800 cc","90,000 km",5
Toyota Axio Hybrid EX 2020,Toyota,Axio,Automatic,"Petrol, Hybrid, Octane","Tk 2,150,000",2020,"1,500 cc","62,993 km",6
Toyota Noah ESQUIRE GI 2020,Toyota,Noah,Automatic,"CNG, Octane, LPG","Tk 4,550,000",2020,"2,000 cc","53,000 km",6
Toyota Noah NHB SI WXB PEARL 2020,Toyota,Noah,Automatic,"Petrol, Octane","Tk 4,400,000",2020,"2,000 cc","64,000 km",6
Toyota Alphard Executive Lounge 2021,Toyota,Alphard,Automatic,"Petrol, Hybrid, Octane","Tk 10,800,000",2021,"2,500 cc","51,002 km",5
Toyota Prius S-HYBRID GP-4.5 2020,Toyota,Prius,Automatic,"Petrol, Hybrid, Octane","Tk 3,350,000",2020,"1,800 cc","22,669 km",6
Honda Vezel E-PLAY HYBRID PUSH 2022,Honda,Vezel,Automatic,Hybrid,"Tk 4,600,000",2022,"1,500 cc","17,245 km",4
Toyota Noah X LED 2 DOOR POWER 2020,Toyota,Noah,Automatic,"Petrol, Octane","Tk 3,770,000",2020,"2,000 cc","142,000 km",6
Toyota Premio F 2004,Toyota,Premio,Automatic,LPG,"Tk 1,320,000",2004,"1,500 cc","86,000 km",22
Toyota Hiace DX 2021,Toyota,Hiace,Automatic,"Petrol, Octane","Tk 3,150,000",2021,"2,000 cc","77,000 km",5
Toyota Esquire GI PREMIUM HYBRID 2020,Toyota,Esquire,Automatic,Hybrid,"Tk 3,680,000",2020,"1,800 cc","78,360 km",6
Toyota Fielder EX Hybrid 2020,Toyota,Fielder,Automatic,"Hybrid, Octane","Tk 2,250,000",2020,"1,500 cc","125,792 km",6
Toyota Axio EX HYBRID 2020,Toyota,Axio,Automatic,"Hybrid, Octane","Tk 2,550,000",2020,"1,500 cc","30,945 km",6
Toyota Fielder EX Hybrid 2020,Toyota,Fielder,Automatic,"Hybrid, Octane","Tk 2,250,000",2020,"1,500 cc","144,960 km",6
Toyota Axio EX HYBRID 2020,Toyota,Axio,Automatic,"Hybrid, Octane","Tk 2,540,000",2020,"1,500 cc","41,695 km",6
Toyota Noah SI-WXB HYBRID CEL-TV 2021,Toyota,Noah,Automatic,"Petrol, Hybrid, Octane","Tk 3,800,000",2021,"1,800 cc","86,070 km",5
Toyota Esquire Gi Pkg Hy Mica Blue 2020,Toyota,Esquire,Automatic,"Petrol, Hybrid, Octane","Tk 3,800,000",2020,"1,800 cc","106,021 km",6
Toyota Corolla Cross Z LEATHER 2022,Toyota,Corolla Cross,Automatic,"Petrol, Hybrid, Octane","Tk 5,000,000",2022,"1,800 cc","5,510 km",4
Honda Insight Hybrid 2021,Honda,Insight,Automatic,"Petrol, Octane","Tk 4,400,000",2021,"1,500 cc","70,510 km",5
Toyota Noah S-Z OCTAIN 4.5POINT 2022,Toyota,Noah,Automatic,Octane,"Tk 6,390,000",2022,"2,000 cc","38,000 km",4
Toyota Esquire GI PKG HYB 2020,Toyota,Esquire,Automatic,Hybrid,"Tk 3,750,000",2020,"1,800 cc","68,000 km",6
Toyota Esquire GI PKG NON HYB 2020,Toyota,Esquire,Automatic,Octane,"Tk 4,100,000",2020,"2,000 cc","96,000 km",6
Toyota Corolla Cross New Masive Grey 2025,Toyota,Corolla Cross,Automatic,Hybrid,"Tk 6,330,000",2025,"1,800 cc",16 km,1
Toyota Noah XI NON HYB 3.5point 2020,Toyota,Noah,Automatic,Octane,"Tk 3,700,000",2020,"2,000 cc","182,000 km",6
Toyota Axio EX-Package 2020,Toyota,Axio,Automatic,Octane,"Tk 3,150,000",2020,"1,490 cc","63,752 km",6
Toyota Corolla Cross Z LEATHER 4.5POINT 2022,Toyota,Corolla Cross,Automatic,"Hybrid, Octane","Tk 4,920,000",2022,"1,800 cc","65,000 km",4
Toyota Esquire GI PKG NON HYB 2020,Toyota,Esquire,Automatic,Octane,"Tk 4,149,999",2020,"2,000 cc","25,000 km",6
Toyota Esquire GI PKG 2020,Toyota,Esquire,Automatic,"Hybrid, Octane","Tk 4,050,000",2020,"1,790 cc","59,456 km",6
Toyota Esquire GI PKG 2020,Toyota,Esquire,Automatic,"Hybrid, Octane","Tk 4,200,000",2020,"1,790 cc","61,360 km",6
Toyota RAV4 G HYB PUSH 4WD 2020,Toyota,RAV4,Automatic,"Hybrid, Octane","Tk 6,530,000",2020,"2,500 cc","72,000 km",6
Toyota Corolla Cross Z-PKG 2021,Toyota,Corolla Cross,Automatic,"Hybrid, Octane","Tk 4,550,000",2021,"1,790 cc","34,832 km",5
Toyota Hiace Super Gl kye Blue 2020,Toyota,Hiace,Automatic,"Petrol, Octane","Tk 3,850,000",2020,"2,000 cc","81,000 km",6
Toyota Noah NON HV ONE DOOR PWR. 2021,Toyota,Noah,Automatic,Octane,"Tk 3,600,000",2021,"2,000 cc","95,243 km",5
Toyota Corolla Cross S-PKG 2022,Toyota,Corolla Cross,Automatic,"Hybrid, Octane","Tk 4,850,000",2022,"1,800 cc","44,126 km",4
Toyota Hiace DX PKG 2020,Toyota,Hiace,Automatic,"Petrol, Octane","Tk 3,000,000",2020,"2,000 cc","90,100 km",6
Toyota Esquire Gi Hybrid Black 2021,Toyota,Esquire,Automatic,"Petrol, Hybrid, Octane","Tk 3,900,000",2021,"1,800 cc","14,200 km",5
Toyota Esquire GI PREMIUM PKG PUSH 2020,Toyota,Esquire,Automatic,Hybrid,"Tk 3,700,000",2020,"1,800 cc","63,298 km",6
Toyota Corolla Cross HV Z LEAHTER PUSH 2022,Toyota,Corolla Cross,Automatic,Hybrid,"Tk 4,750,000",2022,"1,800 cc","18,087 km",4
Toyota C-HR HYBRID 2021,Toyota,C-HR,Automatic,Hybrid,"Tk 3,100,000",2021,"1,800 cc","43,651 km",5
Toyota Yaris Cross Hybrid x 2021,Toyota,Yaris Cross,Automatic,Hybrid,"Tk 2,800,000",2021,"1,500 cc","90,000 km",5
Toyota Hiace Orginal Gl Dual AC 2020,Toyota,Hiace,Automatic,"Octane, Other fuel type","Tk 3,480,000",2020,"2,000 cc","75,326 km",6
Toyota Axio EX-Package 2020,Toyota,Axio,Automatic,"Hybrid, Octane","Tk 2,975,000",2020,"1,490 cc","17,419 km",6
Toyota Axio EX-Package 2020,Toyota,Axio,Automatic,"Hybrid, Octane","Tk 2,950,000",2020,"1,490 cc","45,861 km",6
Toyota Fielder EX PKG HYB 2021,Toyota,Fielder,Automatic,Hybrid,"Tk 2,550,000",2021,"1,500 cc","120,000 km",5
Toyota Noah S-Z HYBRID BLACK 2022,Toyota,Noah,Automatic,"Hybrid, Octane","Tk 4,100,000",2022,"1,800 cc","45,824 km",4
Toyota Axio X 2014,Toyota,Axio,Automatic,"Hybrid, Octane","Tk 1,381,000",2014,"1,500 cc","61,300 km",12
Toyota Premio G SUPERIOR 2014,Toyota,Premio,Automatic,Octane,"Tk 2,680,000",2014,"1,500 cc","78,454 km",12
Toyota Prado tx limited 2015,Toyota,Prado,Automatic,Octane,"Tk 8,650,000",2015,"2,700 cc","58,000 km",11
Toyota Esquire Gi premium non Hyv 2021,Toyota,Esquire,Automatic,"Petrol, Octane","Tk 4,550,000",2021,"2,000 cc","49,000 km",5
Toyota Sienta G PACKAGE 7 SEAT 2020,Toyota,Sienta,Automatic,Octane,"Tk 2,900,000",2020,"1,500 cc","47,970 km",6
Toyota Corolla Cross Z LEATHER 2023,Toyota,Corolla Cross,Automatic,Hybrid,"Tk 4,750,000",2023,"1,800 cc","30,945 km",3
Toyota Noah NON HV ONE DOOR PWR. 2021,Toyota,Noah,Automatic,Octane,"Tk 3,600,000",2021,"2,000 cc","107,198 km",5
Toyota Axio EX-PKG PUSH 2020,Toyota,Axio,Automatic,Hybrid,"Tk 2,390,000",2020,"1,500 cc","88,976 km",6
Toyota C-HR G LED TWO TONE-360 2019,Toyota,C-HR,Automatic,Hybrid,"Tk 3,380,000",2019,"1,800 cc","31,873 km",7
Toyota Prado TX-L PACKAGE-OCTEN 2021,Toyota,Prado,Automatic,Octane,"Tk 16,800,000",2021,"2,700 cc","24,321 km",5
Toyota Corolla Cross Z LEATHER FULL LOAD 2023,Toyota,Corolla Cross,Automatic,Hybrid,"Tk 4,750,000",2023,"1,800 cc","30,211 km",3
Toyota Fielder EX READY SHOWROOM 2020,Toyota,Fielder,Automatic,"Petrol, Hybrid, Octane","Tk 2,270,000",2020,"1,500 cc","54,350 km",6
Toyota Noah X Non Hybrid Key St 2021,Toyota,Noah,Automatic,Octane,"Tk 3,600,000",2021,"2,000 cc","107,187 km",5
Toyota C-HR TWO TON 360 CAM 2019,Toyota,C-HR,Automatic,Hybrid,"Tk 3,380,000",2019,"1,800 cc","31,266 km",7
Honda Insight PUSH LX HYBRID 2021,Honda,Insight,Automatic,Hybrid,"Tk 3,650,000",2021,"1,500 cc","123,167 km",5
Toyota Fielder Hybrid 2021,Toyota,Fielder,Automatic,Hybrid,"Tk 2,200,000",2021,"1,500 cc","39,000 km",5
Toyota Corolla Cross Hybrid x 2021,Toyota,Corolla Cross,Automatic,Hybrid,"Tk 3,700,000",2021,"1,800 cc","90,000 km",5
Honda Insight Hybrid EX package 2021,Honda,Insight,Automatic,Hybrid,"Tk 3,800,000",2021,"1,500 cc","70,000 km",5
Toyota RAV4 Hybrid 2021,Toyota,RAV4,Automatic,CNG,"Tk 5,150,000",2021,"2,500 cc","66,000 km",5
Toyota Hiace Super Gl 2010,Toyota,Hiace,Automatic,"CNG, Octane","Tk 2,195,000",2010,"2,000 cc","87,000 km",16
Toyota Noah GS 2 Door Power 2016,Toyota,Noah,Automatic,"Octane, LPG","Tk 3,280,000",2016,"2,000 cc","58,230 km",10
Toyota Prius S TOURING SELECTION 2020,Toyota,Prius,Automatic,Hybrid,"Tk 3,330,000",2020,"1,800 cc","42,360 km",6
Toyota Corolla Cross S LED BLUE AP-5 2022,Toyota,Corolla Cross,Automatic,Hybrid,"Tk 4,200,000",2022,"1,800 cc","15,000 km",4
Toyota Allion A15 PEARL 2019,Toyota,Allion,Automatic,Petrol,"Tk 3,800,000",2019,"1,500 cc","10,536 km",7
Toyota Noah G HYBRID SILVER 2020,Toyota,Noah,Automatic,Hybrid,"Tk 3,450,000",2020,"1,800 cc","103,500 km",6
Toyota Allion A15 SILVER 2020,Toyota,Allion,Automatic,Petrol,"Tk 3,950,000",2020,"1,500 cc","13,000 km",6
Toyota Allion G PLUS 2020,Toyota,Allion,Automatic,Petrol,"Tk 4,450,000",2020,"1,500 cc","16,000 km",6
Toyota Hiace SUPER GL D P 2 2021,Toyota,Hiace,Automatic,Petrol,"Tk 4,500,000",2021,"2,000 cc","10,000 km",5
Toyota Hiace DARK PRIME BLACK 2020,Toyota,Hiace,Automatic,Petrol,"Tk 4,450,000",2020,"2,000 cc","78,000 km",6
Toyota Esquire GI PREMIUM HYBRID 2021,Toyota,Esquire,Automatic,Hybrid,"Tk 4,050,000",2021,"1,800 cc","43,180 km",5
Toyota Corolla WXB Pearl 4 Point 2020,Toyota,Corolla,Automatic,Hybrid,"Tk 3,480,000",2020,"1,800 cc","26,600 km",6
Toyota Hiace Super GL Dark Prime2 2020,Toyota,Hiace,Automatic,Petrol,"Tk 4,450,000",2020,"2,000 cc","59,000 km",6
Toyota Hiace GL Silver 4.573k km 2022,Toyota,Hiace,Automatic,Petrol,"Tk 3,700,000",2022,"2,000 cc","73,000 km",4
Toyota Hiace Super GL 2020,Toyota,Hiace,Automatic,"Petrol, Octane","Tk 3,950,000",2020,"2,000 cc","84,125 km",6
Toyota Hiace GL Ambulance 2020,Toyota,Hiace,Automatic,"Petrol, Octane","Tk 2,950,000",2020,"2,000 cc","17,899 km",6
Toyota Noah Si Wxb Non Hybrid 2020,Toyota,Noah,Automatic,"Petrol, Octane","Tk 4,450,000",2020,"2,000 cc","62,000 km",6
Toyota Harrier PREMIUM 2020,Toyota,Harrier,Automatic,"Petrol, Octane","Tk 6,850,000",2020,"2,000 cc","55,000 km",6
Toyota Corolla Wxb Hybrid 4.5 Grade 2020,Toyota,Corolla,Automatic,"Petrol, Hybrid, Octane","Tk 3,350,000",2020,"1,800 cc","33,068 km",6
Toyota Noah Si Wxb Non Hybrid 2020,Toyota,Noah,Automatic,"Petrol, Octane","Tk 4,100,000",2020,"2,000 cc","59,800 km",6
Toyota Fielder EX PKG 2020,Toyota,Fielder,Automatic,"Petrol, Hybrid, Octane","Tk 2,100,000",2020,"1,500 cc","75,420 km",6
Toyota Esquire GI PREMIUM HYBRID 2020,Toyota,Esquire,Automatic,"Petrol, Hybrid, Octane","Tk 3,750,000",2020,"1,800 cc","82,000 km",6
Toyota Sienta G -LED 2020,Toyota,Sienta,Automatic,"Petrol, Hybrid, Octane","Tk 2,650,000",2020,"1,500 cc","54,215 km",6
Toyota Prius S-Touring Selection 2020,Toyota,Prius,Automatic,"Petrol, Hybrid, Octane","Tk 3,050,000",2020,"1,800 cc","36,000 km",6
Toyota Voxy Zs Kirameki Hybrid 2021,Toyota,Voxy,Automatic,Hybrid,"Tk 3,800,000",2021,"1,800 cc","70,381 km",5
Toyota Esquire XI CELING TV HYBRID 2020,Toyota,Esquire,Automatic,"Petrol, Hybrid, Octane","Tk 3,550,000",2020,"1,800 cc","93,000 km",6
Toyota Axio Hybrid-EX Push Start 2020,Toyota,Axio,Automatic,"Petrol, Hybrid, Octane","Tk 2,380,000",2020,"1,500 cc","80,000 km",6
Toyota C-HR G-LED GRAY  2 TONE 2020,Toyota,C-HR,Automatic,"Petrol, Hybrid, Octane","Tk 3,400,000",2020,"1,800 cc","69,800 km",6
Toyota Noah Hybrid SI WXB V-3 2020,Toyota,Noah,Automatic,"Petrol, Hybrid, Octane","Tk 3,750,000",2020,"1,800 cc","70,000 km",6
Toyota Crown SHOWROOM-READY 2022,Toyota,Crown,Automatic,"Petrol, Hybrid, Octane","Tk 12,000,000",2022,"2,400 cc","18,000 km",4
Toyota C-HR READY CAR GR SPORTS 2020,Toyota,C-HR,Automatic,"Petrol, Hybrid, Octane","Tk 3,750,000",2020,"1,800 cc","45,013 km",6
Toyota Yaris Cross Z PKG-360 2020,Toyota,Yaris Cross,Automatic,"Petrol, Hybrid, Octane","Tk 3,450,000",2020,"1,500 cc","47,058 km",6
Toyota Crown Hybrid 2020,Toyota,Crown,Automatic,"Petrol, Octane","Tk 7,300,000",2020,"2,500 cc","5,510 km",6
Toyota Prado Land Cruiser TXL 2014,Toyota,Prado,Automatic,"Petrol, Octane","Tk 7,777,777",2014,"2,700 cc","67,000 km",12
Toyota C-HR G Package 2020,Toyota,C-HR,Automatic,"Petrol, Hybrid, Octane","Tk 3,350,000",2020,"1,800 cc","88,000 km",6
Toyota Harrier FULL LOADED Z HYBRID 2021,Toyota,Harrier,Automatic,Hybrid,"Tk 7,600,000",2021,"2,500 cc","14,296 km",5
Toyota Noah NON HV ONE DOOR PWR. 2021,Toyota,Noah,Automatic,Octane,"Tk 3,600,000",2021,"2,000 cc","106,298 km",5
Toyota Yaris HYBRID x 2021,Toyota,Yaris,Automatic,"Petrol, Hybrid, Octane, Other fuel type","Tk 1,900,000",2021,"1,500 cc","67,000 km",5
Toyota Axio EX Non Hybrid 4 2021,Toyota,Axio,Automatic,"Petrol, Octane","Tk 2,950,000",2021,"1,500 cc","18,125 km",5
Toyota Noah Non hybrid 2020,Toyota,Noah,Automatic,"Petrol, Octane","Tk 3,430,000",2020,"2,000 cc","81,570 km",6
Toyota Noah G NON HYBRID 2020,Toyota,Noah,Automatic,"Petrol, Octane","Tk 4,000,000",2020,"2,000 cc","87,540 km",6
Toyota Noah Si Wxb Non Hybrid 2020,Toyota,Noah,Automatic,"Petrol, Octane","Tk 4,000,000",2020,"2,000 cc","42,000 km",6
Toyota Noah NON HYBRID X-SMART 2021,Toyota,Noah,Automatic,Octane,"Tk 4,020,000",2021,"2,000 cc","85,263 km",5
Toyota Axio Non Hybrid- 4 Point 2020,Toyota,Axio,Automatic,"Petrol, Octane","Tk 2,670,000",2020,"1,500 cc","75,924 km",6
Toyota Axio EX PUSH HV READY 2020,Toyota,Axio,Automatic,"Hybrid, Octane","Tk 2,290,000",2020,"1,500 cc","87,834 km",6
Toyota Axio Hybrid 2019,Toyota,Axio,Automatic,Hybrid,"Tk 2,320,000",2019,"1,500 cc","31,003 km",7
Toyota Hiace GL 2020,Toyota,Hiace,Automatic,Octane,"Tk 3,280,000",2020,"2,000 cc","78,526 km",6
Toyota Hiace DX 2020,Toyota,Hiace,Automatic,Octane,"Tk 3,280,000",2020,"2,000 cc","82,000 km",6
Toyota Esquire Hybrid GI Premium 2020,Toyota,Esquire,Automatic,"Petrol, Hybrid, Octane","Tk 3,850,000",2020,"1,800 cc","69,000 km",6
Toyota Prius S TOURING SELECTION 2020,Toyota,Prius,Automatic,"Hybrid, Octane","Tk 2,980,000",2020,"1,800 cc","54,896 km",6
Toyota Axio EX HYBRID 2020,Toyota,Axio,Automatic,"Hybrid, Octane","Tk 2,250,000",2020,"1,500 cc","124,205 km",6
Toyota Premio FL PUSH 2020,Toyota,Premio,Automatic,"Petrol, Octane","Tk 4,350,000",2020,"1,500 cc","39,116 km",6
Toyota Axio EX Hybrid 2020,Toyota,Axio,Automatic,"Hybrid, Octane","Tk 2,250,000",2020,"1,500 cc","124,205 km",6
Toyota Noah GI HYBRI PUSH 1DR PW 2021,Toyota,Noah,Automatic,"Petrol, Hybrid, Octane","Tk 3,400,000",2021,"1,800 cc","76,950 km",5
Toyota Hiace Super GL Dual AC TRH 2020,Toyota,Hiace,Automatic,"Petrol, Octane","Tk 4,000,000",2020,"2,000 cc","60,000 km",6
Toyota Fielder EX HYBRUD 2020,Toyota,Fielder,Automatic,"Hybrid, Octane","Tk 2,250,000",2020,"1,500 cc","125,792 km",6
Toyota Harrier Premium Sunroof 2020,Toyota,Harrier,Automatic,Octane,"Tk 6,800,000",2020,"2,000 cc","55,670 km",6
Toyota Voxy ZS-KIRAMIK HY CEL-TV 2020,Toyota,Voxy,Automatic,"Petrol, Hybrid, Octane","Tk 3,400,000",2020,"1,800 cc","87,101 km",6
Toyota Yaris Cross Z-LEATHER 360 CAM 2021,Toyota,Yaris Cross,Automatic,"Petrol, Hybrid, Octane","Tk 3,350,000",2021,"1,500 cc","52,480 km",5
Toyota Esquire Gi 2 Door Power 4.5 2020,Toyota,Esquire,Automatic,"Petrol, Hybrid, Octane","Tk 4,150,000",2020,"1,800 cc","72,000 km",6
Toyota Corolla GX HYBRID PUSH GP-4 2020,Toyota,Corolla,Automatic,"Petrol, Hybrid, Octane","Tk 2,900,000",2020,"1,800 cc","55,744 km",6
Toyota Sienta G HYBRID PUSH 2DR PW 2020,Toyota,Sienta,Automatic,"Petrol, Hybrid, Octane","Tk 2,800,000",2020,"1,500 cc","87,450 km",6
Toyota Sienta GCUERO HYBRID BROWN 2021,Toyota,Sienta,Automatic,"Hybrid, Octane","Tk 2,990,000",2021,"1,500 cc","39,000 km",5
Toyota Yaris Cross Z HYBRID READY DHAKA 2020,Toyota,Yaris Cross,Automatic,"Petrol, Hybrid, Octane","Tk 3,450,000",2020,"1,500 cc","55,000 km",6
Toyota Corolla Cross Z LEATHER 2022,Toyota,Corolla Cross,Automatic,"Petrol, Hybrid, Octane","Tk 5,000,000",2022,"1,800 cc","62,500 km",4
Toyota Corolla Cross SHOWROOM-READY 2022,Toyota,Corolla Cross,Automatic,"Petrol, Hybrid, Octane","Tk 4,800,000",2022,"1,800 cc","36,512 km",4
Mazda 3 Port condition 2020,Mazda,3,Automatic,Octane,"Tk 3,700,000",2020,"1,500 cc","27,000 km",6
Toyota Harrier NON-HYBRID READY 2020,Toyota,Harrier,Automatic,"Petrol, Octane","Tk 7,700,000",2020,"2,000 cc","61,512 km",6
Honda CR-V EX-MASTER PIECE- 2020,Honda,CR-V,Automatic,"Petrol, Hybrid, Octane","Tk 5,700,000",2020,"2,000 cc","37,500 km",6
Toyota Yaris Cross Z PKG  2021,Toyota,Yaris Cross,Automatic,"Petrol, Hybrid, Octane","Tk 3,600,000",2021,"1,500 cc","55,510 km",5
Toyota Axio Ex Package Hybrid 2020,Toyota,Axio,Automatic,Hybrid,"Tk 2,450,000",2020,"1,500 cc","126,000 km",6
Toyota Prius S-SAFETY GRAD-4 2021,Toyota,Prius,Automatic,Hybrid,"Tk 3,380,000",2021,"1,800 cc","58,000 km",5
Toyota Noah X SMART HYBRID 2020,Toyota,Noah,Automatic,Hybrid,"Tk 3,300,000",2020,"1,800 cc","124,000 km",6
Toyota Noah S-Z PACKAGE HYBRID 2022,Toyota,Noah,Automatic,"Hybrid, Octane","Tk 5,030,000",2022,"1,800 cc","37,000 km",4
Toyota Voxy OCTEN PUSH 2DR PWR 2020,Toyota,Voxy,Automatic,Octane,"Tk 3,580,000",2020,"2,000 cc","107,000 km",6
Toyota Noah Standard Roof 2003,Toyota,Noah,Automatic,"CNG, Octane","Tk 970,000",2003,"1,800 cc","75,000 km",23
Hyundai Sonata 2012,Hyundai,Sonata,Automatic,Octane,"Tk 1,780,000",2012,"2,000 cc","31,500 km",14
Honda Grace 2014,Honda,Grace,Automatic,"Hybrid, Octane","Tk 1,470,000",2014,"1,500 cc","61,000 km",12
Toyota Noah regius 2000,Toyota,Noah,Automatic,"CNG, Octane","Tk 950,000",2000,"2,550 cc","86,500 km",26
Honda Grace Hybrid EX 2015,Honda,Grace,Automatic,Hybrid,"Tk 1,900,000",2015,"1,496 cc","60,000 km",11
Toyota Esquire GI Body Kit 2020,Toyota,Esquire,Automatic,"Petrol, Hybrid, Octane","Tk 3,699,999",2020,"1,800 cc","98,653 km",6
Toyota Fielder EX PACKAGE HYBRID 2020,Toyota,Fielder,Automatic,Hybrid,"Tk 2,360,000",2020,"1,500 cc","65,412 km",6
Toyota Corolla Cross Z package Hybrid 2022,Toyota,Corolla Cross,Automatic,Hybrid,"Tk 4,300,000",2022,"1,800 cc","8,541 km",4
Toyota Premio F-EX MICA BLUE 2020,Toyota,Premio,Automatic,Octane,"Tk 4,500,000",2020,"1,500 cc","24,645 km",6
Toyota Noah NON HYBRID X PUSH 2021,Toyota,Noah,Automatic,Octane,"Tk 3,600,000",2021,"2,000 cc","107,189 km",5
Toyota C-HR G LED PACKAGE HV 2019,Toyota,C-HR,Automatic,Hybrid,"Tk 3,380,000",2019,"1,800 cc","31,542 km",7
Toyota Land Cruiser TX 2021,Toyota,Land Cruiser,Automatic,"Petrol, Hybrid, Octane","Tk 12,500,000",2021,"2,700 cc","59,658 km",5
Toyota C-HR Hybrid 2021,Toyota,C-HR,Automatic,Hybrid,"Tk 3,300,000",2021,"1,800 cc","85,000 km",5
Toyota Noah SI DOOR POWR 2009,Toyota,Noah,Automatic,Petrol,"Tk 1,955,000",2009,"1,500 cc","65,000 km",17
Toyota Sienta HYBRID 2021,Toyota,Sienta,Automatic,Hybrid,"Tk 2,550,000",2021,"1,500 cc","45,623 km",5
Toyota Corolla Hybrid 2021,Toyota,Corolla,Automatic,Hybrid,"Tk 2,400,000",2021,"1,800 cc","75,000 km",5
Toyota Noah X Hybrid 2020,Toyota,Noah,Automatic,"Petrol, Hybrid, Octane","Tk 3,000,000",2020,"1,800 cc","36,210 km",6
Toyota Axio EX PKG 2020,Toyota,Axio,Automatic,"Petrol, Hybrid, Octane","Tk 2,200,000",2020,"1,500 cc","67,890 km",6
Toyota Prius S 2020,Toyota,Prius,Automatic,"Petrol, Hybrid, Octane","Tk 2,900,000",2020,"1,800 cc","43,000 km",6
Toyota Prius S White 3.563000 km 2020,Toyota,Prius,Automatic,Hybrid,"Tk 3,080,000",2020,"1,800 cc","63,000 km",6
Toyota Hiace Grand Cabin GL 2020,Toyota,Hiace,Automatic,"Petrol, Octane","Tk 4,750,000",2020,"2,700 cc","79,976 km",6
Toyota Voxy S-Z 4.5 BLACK 2022,Toyota,Voxy,Automatic,"Hybrid, Octane","Tk 5,150,000",2022,"1,800 cc","30,620 km",4
Toyota Axio EX 3.5 WHITE 2020,Toyota,Axio,Automatic,Octane,"Tk 2,680,000",2020,"1,500 cc","89,294 km",6
Toyota Axio EX-Package 2020,Toyota,Axio,Automatic,"Hybrid, Octane","Tk 2,850,000",2020,"1,490 cc","67,234 km",6
Toyota Corolla G LIMITED BEIGE 2005,Toyota,Corolla,Automatic,"Petrol, CNG, Octane","Tk 1,350,000",2005,"1,500 cc","89,300 km",21
Toyota Fielder G NEW EDITION 2015,Toyota,Fielder,Automatic,"Petrol, Octane","Tk 2,050,000",2015,"1,500 cc","38,000 km",11
Toyota Corolla Cross HYBRID Z HARDTOP PKG 2022,Toyota,Corolla Cross,Automatic,Hybrid,"Tk 4,750,000",2022,"1,800 cc","18,074 km",4
Toyota Aqua 2021,Toyota,Aqua,Automatic,Hybrid,"Tk 2,100,000",2021,"1,500 cc","69,000 km",5
Toyota Fielder HYBRIDE NEW SHAPE 2014,Toyota,Fielder,Automatic,Petrol,"Tk 1,480,000",2014,"1,500 cc","65,000 km",12
Toyota Prius S -PKG 2019,Toyota,Prius,Automatic,"Hybrid, Octane","Tk 3,650,000",2019,"1,790 cc","61,815 km",7
Toyota C-HR G-PACKAGE 2020,Toyota,C-HR,Automatic,"Hybrid, Octane","Tk 3,700,000",2020,"1,790 cc","19,724 km",6
Toyota Premio FEX PACKAGE 2015,Toyota,Premio,Automatic,"Petrol, Octane, LPG","Tk 2,780,000",2015,"1,500 cc","42,000 km",11
Toyota Noah X NON HV-KEY 2021,Toyota,Noah,Automatic,Octane,"Tk 3,600,000",2021,"2,000 cc","107,234 km",5
Toyota Premio FLREADYSHOWROOM 2020,Toyota,Premio,Automatic,"Petrol, Octane","Tk 4,820,000",2020,"1,500 cc","74,000 km",6
Toyota Axio HYBRID EX. 2020,Toyota,Axio,Automatic,Hybrid,"Tk 2,350,000",2020,"1,500 cc","88,149 km",6
Toyota Sienta Hybrid 2021,Toyota,Sienta,Automatic,Hybrid,"Tk 2,250,000",2021,"1,500 cc","33,000 km",5
Toyota Noah Nonhybrid push 2 D.P 2020,Toyota,Noah,Automatic,"Petrol, Octane","Tk 3,770,000",2020,"2,000 cc","77,390 km",6
Toyota Allion A15 2020,Toyota,Allion,Automatic,"Petrol, Octane","Tk 3,550,000",2020,"1,500 cc","76,000 km",6
Toyota Noah Si Wxb 2020,Toyota,Noah,Automatic,"Petrol, Hybrid, Octane","Tk 3,700,000",2020,"1,800 cc","75,000 km",6
Toyota Prius S HYBRID GP-4.5 2020,Toyota,Prius,Automatic,"Petrol, Hybrid, Octane","Tk 3,350,000",2020,"1,800 cc","22,649 km",6
Toyota Esquire GI HYBRID MICABLUE 2021,Toyota,Esquire,Automatic,"Hybrid, Octane","Tk 3,890,000",2021,"1,800 cc","48,000 km",5
Toyota Harrier PREMIUM PKG SUNROOF 2020,Toyota,Harrier,Automatic,Octane,"Tk 6,550,000",2020,"2,000 cc","54,498 km",6
Toyota Noah NON HV PUSH START 2020,Toyota,Noah,Automatic,Octane,"Tk 3,750,000",2020,"2,000 cc","100,079 km",6
Toyota ist Octane Drive 2005,Toyota,ist,Automatic,Petrol,"Tk 955,000",2005,"1,300 cc","85,000 km",21
Toyota Noah Hybrid SI 2021,Toyota,Noah,Automatic,Hybrid,"Tk 3,250,000",2021,"1,800 cc","45,410 km",5
Toyota Hiace DX 2021,Toyota,Hiace,Automatic,Hybrid,"Tk 3,150,000",2021,"2,000 cc","55,120 km",5
Toyota Prius S Hybrid 2020,Toyota,Prius,Automatic,"Petrol, Hybrid, Octane","Tk 2,950,000",2020,"1,800 cc","56,625 km",6
Toyota Axio Ex 2020,Toyota,Axio,Automatic,"Petrol, Hybrid, Octane","Tk 2,150,000",2020,"1,500 cc","79,520 km",6
Toyota Fielder EX HYBRID 2020,Toyota,Fielder,Automatic,Hybrid,"Tk 2,250,000",2020,"1,500 cc","144,960 km",6
Toyota Hiace DX DUAL AC HITARBOX 2020,Toyota,Hiace,Automatic,Octane,"Tk 3,260,000",2020,"2,000 cc","78,526 km",6
Toyota Fielder Hybrid 4 point 2020,Toyota,Fielder,Automatic,Hybrid,"Tk 2,310,000",2020,"1,500 cc","84,260 km",6
Toyota Hiace SUPER GL KET START 2020,Toyota,Hiace,Automatic,"Petrol, Octane","Tk 3,900,000",2020,"2,000 cc","87,542 km",6
Toyota Corolla x edition 2006,Toyota,Corolla,Automatic,"CNG, Octane","Tk 1,270,000",2006,"1,500 cc","140,000 km",20
Toyota Voxy S-Z HYBRID 2022,Toyota,Voxy,Automatic,"Petrol, Hybrid, Octane","Tk 5,150,000",2022,"1,800 cc","26,500 km",4
Toyota Crown RS ADVANCE NEW SHAPE 2022,Toyota,Crown,Automatic,"Petrol, Hybrid, Octane","Tk 12,000,000",2022,"2,400 cc","15,013 km",4
Toyota Corolla TOURING 2020,Toyota,Corolla,Automatic,"Petrol, Hybrid, Octane","Tk 2,900,000",2020,"1,800 cc","50,050 km",6
"Toyota Noah X-PKG,NON-HYBRID G-4 2022",Toyota,Noah,Automatic,Octane,"Tk 4,570,000",2022,"2,000 cc","102,000 km",4
Toyota Fielder EX 2022,Toyota,Fielder,Automatic,Hybrid,"Tk 2,900,000",2022,"1,500 cc","44,000 km",4
Toyota Allion A15 PEARL GRAD-3.5 2020,Toyota,Allion,Automatic,Octane,"Tk 3,570,000",2020,"1,500 cc","186,000 km",6
Nissan X-Trail X E- 4ORCE 2022,Nissan,X-Trail,Automatic,"Hybrid, Octane","Tk 6,700,000",2022,"1,490 cc","33,254 km",4
BMW X7 Xdrive M Sport Sky 2022,BMW,X7,Automatic,"Petrol, Octane","Tk 29,000,000",2022,"3,000 cc","2,000 km",4
Mitsubishi X-Pander BRONZE 7-SEATER 2021,Mitsubishi,X-Pander,Automatic,"Petrol, Octane","Tk 3,000,000",2021,"1,500 cc","20,313 km",5
Toyota Sprinter 100 1993,Toyota,Sprinter,Automatic,"CNG, Octane","Tk 420,000",1993,"1,498 cc","500,000 km",33
Toyota Corolla . 1999,Toyota,Corolla,Automatic,"CNG, Octane","Tk 250,000",1999,"1,331 cc","85,000 km",27
Toyota Axio NON HYBRID EX. 2020,Toyota,Axio,Automatic,Octane,"Tk 2,650,000",2020,"1,500 cc","207,245 km",6
Toyota Hiace Highroof Ambulance 2023,Toyota,Hiace,Automatic,"Petrol, Octane","Tk 3,100,000",2023,"2,000 cc","94,125 km",3
Toyota Axio Ex 2020,Toyota,Axio,Automatic,"Petrol, Hybrid, Octane","Tk 2,200,000",2020,"1,500 cc","78,520 km",6
Toyota RAV4 Hybrid G 2021,Toyota,RAV4,Automatic,Hybrid,"Tk 5,450,000",2021,"2,500 cc","42,000 km",5
Toyota Corolla Cross PUSH Z LEATHER HV 2021,Toyota,Corolla Cross,Automatic,Hybrid,"Tk 4,450,000",2021,"1,800 cc","44,128 km",5
Toyota Noah Non hybrid 2021,Toyota,Noah,Automatic,"Petrol, Octane","Tk 3,730,000",2021,"2,000 cc","96,723 km",5
Toyota Yaris Cross Z Leather GP-4. 2021,Toyota,Yaris Cross,Automatic,"Petrol, Hybrid, Octane","Tk 3,450,000",2021,"1,500 cc","103,000 km",5
Toyota Axio G PACKAGE POINT 4 2019,Toyota,Axio,Automatic,Hybrid,"Tk 2,550,000",2019,"1,500 cc","63,000 km",7
Toyota Hiace Super GL Dark Prime2 2020,Toyota,Hiace,Automatic,Petrol,"Tk 4,590,000",2020,"2,000 cc","101,000 km",6
Toyota Corolla Cross G BLACK AP 4.5 2022,Toyota,Corolla Cross,Automatic,Hybrid,"Tk 4,190,000",2022,"1,800 cc","33,150 km",4
Honda Vezel Z HEV PLAY PKG 2021,Honda,Vezel,Automatic,Hybrid,"Tk 4,880,000",2021,"1,500 cc","27,000 km",5
Toyota Axio EX Hybrid 2020,Toyota,Axio,Automatic,"Petrol, Hybrid, Octane","Tk 2,150,000",2020,"1,500 cc","58,452 km",6
Toyota Corolla Cross Z New Shape Pearl 2025,Toyota,Corolla Cross,Automatic,Hybrid,"Tk 6,180,000",2025,"1,800 cc",10 km,1
Toyota Hiace Super GL Dark Prime2 2020,Toyota,Hiace,Automatic,Petrol,"Tk 4,390,000",2020,"2,000 cc","100,000 km",6
Toyota Hiace Orginal Gl Dual AC 2020,Toyota,Hiace,Automatic,"Octane, Other fuel type","Tk 3,520,000",2020,"2,000 cc","74,321 km",6
Toyota Fielder EX PUSH NON HYBRID 2020,Toyota,Fielder,Automatic,Octane,"Tk 2,730,000",2020,"1,500 cc","84,256 km",6
Toyota Noah Z PKG READY SHOWROOM 2022,Toyota,Noah,Automatic,"Hybrid, Octane","Tk 4,900,000",2022,"2,000 cc","31,013 km",4
Toyota RAV4 ADVENTURE PKG READY 2022,Toyota,RAV4,Automatic,"Hybrid, Octane","Tk 8,500,000",2022,"2,500 cc","17,013 km",4
Toyota Land Cruiser Prado TX 2012,Toyota,Land Cruiser,Automatic,Octane,"Tk 6,800,000",2012,"2,700 cc","71,192 km",14
Toyota Hiace SUPER GL 4.5 POINT 2021,Toyota,Hiace,Automatic,Octane,"Tk 4,600,000",2021,"2,000 cc","49,000 km",5
Toyota Sienta G QUERO HYB 4POINT 2019,Toyota,Sienta,Automatic,"Hybrid, Octane","Tk 2,670,000",2019,"1,500 cc","118,000 km",7
Toyota Noah X PKG NON HYB 2021,Toyota,Noah,Automatic,Hybrid,"Tk 3,670,000",2021,"2,000 cc","82,000 km",5
Toyota Sienta G CUERO PKG 2020,Toyota,Sienta,Automatic,"Hybrid, Octane","Tk 3,250,000",2020,"1,490 cc","79,400 km",6
Toyota C-HR G 2020,Toyota,C-HR,Automatic,"Hybrid, Octane","Tk 3,650,000",2020,"1,790 cc","68,700 km",6
Toyota Vitz 2009,Toyota,Vitz,Automatic,Octane,"Tk 880,000",2009,"1,000 cc","86,598 km",17
Toyota Allion 2005,Toyota,Allion,Automatic,"CNG, Octane","Tk 1,390,000",2005,"1,500 cc","65,856 km",21
Toyota Premio 2007,Toyota,Premio,Automatic,Octane,"Tk 1,795,000",2007,"1,500 cc","56,895 km",19
Toyota ist X Hid Selection 2006,Toyota,ist,Automatic,"Petrol, Octane","Tk 950,000",2006,"1,331 cc","68,000 km",20
Toyota Prado O 2015,Toyota,Prado,Manual,Diesel,"Tk 6,800,000",2015,"3,000 cc","59,686 km",11
Mitsubishi Pajero super fresh 2007,Mitsubishi,Pajero,Automatic,Octane,"Tk 2,750,000",2007,"3,000 cc","86,598 km",19
Toyota  2004,Toyota,Other Model,Automatic,Octane,"Tk 790,000",2004,"1,331 cc","65,856 km",22
Toyota Starlet O 1991,Toyota,Starlet,Automatic,Octane,"Tk 480,000",1991,"1,331 cc","86,598 km",35
Toyota Prado Octane 7 Seats 2014,Toyota,Prado,Automatic,Octane,"Tk 8,500,000",2014,"2,700 cc","51,000 km",12
Toyota Aqua 2019,Toyota,Aqua,Automatic,Hybrid,"Tk 1,890,000",2025,"1,500 cc","73,000 km",1
Toyota Harrier 2019,Toyota,Harrier,Automatic,Octane,"Tk 6,550,000",2019,"2,000 cc","43,000 km",7
Nissan Juke Octane 2011,Nissan,Juke,Automatic,Octane,"Tk 1,490,000",2011,"1,500 cc","63,000 km",15
Toyota Prado Octane 7 Seats 2014,Toyota,Prado,Automatic,Octane,"Tk 8,100,000",2014,"2,700 cc","88,000 km",12
Toyota Harrier Z Leather Octane 2020,Toyota,Harrier,Automatic,Octane,"Tk 8,050,000",2020,"2,000 cc","34,000 km",6
Toyota Noah S-Z Hybrid pearl 2022,Toyota,Noah,Automatic,Hybrid,"Tk 4,640,000",2022,"1,800 cc","44,000 km",4
Toyota Hiace DX SILVER 2020,Toyota,Hiace,Automatic,Petrol,"Tk 3,100,000",2020,"2,000 cc","129,814 km",6
Toyota Premio F EX BRONZE 2021,Toyota,Premio,Automatic,Petrol,"Tk 5,150,000",2021,"1,500 cc","25,000 km",5
Toyota Noah S-Z HYBRID 360 CAM. 2025,Toyota,Noah,Automatic,Hybrid,"Tk 5,940,000",2025,"1,800 cc","2,700 km",1
Toyota Noah X NON HYBRID 2020,Toyota,Noah,Automatic,Petrol,"Tk 4,220,000",2020,"2,000 cc","52,122 km",6
Toyota Prius S TOURING RED 2020,Toyota,Prius,Automatic,Hybrid,"Tk 3,420,000",2020,"1,800 cc","37,000 km",6
Toyota Noah WXB NON HYBRID 25K 2020,Toyota,Noah,Automatic,Petrol,"Tk 3,999,999",2020,"2,000 cc","25,000 km",6
Toyota Axio EX HYBRID WHITE. 2020,Toyota,Axio,Automatic,Hybrid,"Tk 2,450,000",2020,"1,500 cc","43,800 km",6
Toyota Allion G PEARL 2019,Toyota,Allion,Automatic,Petrol,"Tk 3,710,000",2019,"1,500 cc","44,000 km",7
Toyota Noah SI WXB 8 SEATRT N H 2020,Toyota,Noah,Automatic,Petrol,"Tk 4,190,000",2020,"2,000 cc","79,210 km",6
Toyota Hiace GL PEARL AP-3.5 2020,Toyota,Hiace,Automatic,"Petrol, Octane","Tk 3,390,000",2020,"2,000 cc","98,521 km",6
Toyota Hiace GL WHITE READY SHOWR 2020,Toyota,Hiace,Automatic,Petrol,"Tk 3,490,000",2020,"2,000 cc","72,500 km",6
Toyota Hiace GL White Single AC 2020,Toyota,Hiace,Automatic,Petrol,"Tk 3,350,000",2020,"2,000 cc","112,000 km",6
Toyota Prius A PREMIUM TOU. PHV 2020,Toyota,Prius,Automatic,Hybrid,"Tk 3,880,000",2020,"1,800 cc","64,515 km",6
Toyota Hiace DX Silver 3.5 Point 2020,Toyota,Hiace,Automatic,Petrol,"Tk 3,250,000",2020,"2,000 cc","129,000 km",6
Toyota Hiace Dx Ambulance 2020,Toyota,Hiace,Automatic,"Petrol, Octane","Tk 2,700,000",2020,"2,000 cc","67,000 km",6
Toyota Premio F 2020,Toyota,Premio,Automatic,"Petrol, Octane","Tk 3,750,000",2020,"1,500 cc","39,000 km",6
Toyota Premio FL 2020,Toyota,Premio,Automatic,"Petrol, Octane","Tk 4,050,000",2020,"1,500 cc","53,425 km",6
Toyota Prius S Hybrid  Grade-4  2020,Toyota,Prius,Automatic,"Petrol, Hybrid, Octane","Tk 2,900,000",2020,"1,800 cc","59,819 km",6
Toyota Hiace SUPER GL KET START 2020,Toyota,Hiace,Automatic,"Petrol, Octane","Tk 3,900,000",2020,"2,000 cc","82,000 km",6
Toyota Corolla Cross Z PKG 360 CAMERA 2022,Toyota,Corolla Cross,Automatic,"Hybrid, Octane","Tk 4,400,000",2022,"1,800 cc","35,000 km",4
Toyota Harrier MOV Special Edition 2015,Toyota,Harrier,Automatic,"Hybrid, Octane","Tk 4,200,000",2015,"2,500 cc","50,000 km",11
Toyota Hiace GL Ambulance 2021,Toyota,Hiace,Automatic,"Petrol, Octane","Tk 3,200,000",2021,"2,000 cc","39,000 km",5
Toyota Voxy S-Z HYBRID-PKG 2022,Toyota,Voxy,Automatic,"Petrol, Hybrid, Octane","Tk 5,150,000",2022,"1,800 cc","37,448 km",4
Toyota Sienta X non hybrid 2020,Toyota,Sienta,Automatic,"Petrol, Octane","Tk 2,700,000",2020,"1,500 cc","92,000 km",6
Toyota Noah SI WXB V2 HYBRID 2020,Toyota,Noah,Automatic,"Hybrid, Octane","Tk 3,450,000",2020,"1,800 cc","146,000 km",6
Toyota Axio EX HYB PUSH 4POINT 2020,Toyota,Axio,Automatic,"Hybrid, Octane","Tk 2,530,000",2020,"1,500 cc","49,000 km",6
Toyota Voxy ZS KIRAMEKI HYB 2020,Toyota,Voxy,Automatic,"Hybrid, Octane","Tk 3,380,000",2020,"1,800 cc","152,000 km",6
Toyota Harrier ZLP 2020,Toyota,Harrier,Automatic,Octane,"Tk 8,300,000",2020,"1,980 cc","32,200 km",6
Toyota Harrier OCTEN JBL 4.5POINT 2020,Toyota,Harrier,Automatic,Octane,"Tk 7,199,999",2020,"2,000 cc","52,000 km",6
Nissan X-Trail 2017,Nissan,X-Trail,Automatic,Hybrid,"Tk 2,750,000",2022,"2,000 cc","69,452 km",4
Toyota Esquire gi premium 2017,Toyota,Esquire,Automatic,"Hybrid, Octane","Tk 2,550,000",2017,"1,800 cc","63,000 km",9
Toyota Corolla x 2005,Toyota,Corolla,Automatic,"CNG, Octane","Tk 1,220,000",2005,"1,500 cc","95,000 km",21
Toyota Allion A15 Kye White 2020,Toyota,Allion,Automatic,"Petrol, Octane","Tk 3,750,000",2020,"1,500 cc","60,000 km",6
Toyota Axio HYBRID EX PUSH 2020,Toyota,Axio,Automatic,Hybrid,"Tk 2,400,000",2020,"1,500 cc","88,321 km",6
Toyota Noah X NON HV-KEY 2020,Toyota,Noah,Automatic,Octane,"Tk 3,500,000",2020,"2,000 cc","95,234 km",6
Toyota Noah KEY NON HYBRID 2020,Toyota,Noah,Automatic,Octane,"Tk 3,500,000",2020,"2,000 cc","95,189 km",6
Toyota Yaris  2020,Toyota,Yaris,Automatic,"Petrol, Hybrid, Octane","Tk 2,300,000",2020,"1,500 cc","79,000 km",6
Toyota Corolla Hybrid GX 2021,Toyota,Corolla,Automatic,Hybrid,"Tk 2,400,000",2021,"1,800 cc","45,420 km",5
Toyota Premio F-EX Pearl point 4.5 2020,Toyota,Premio,Automatic,"Petrol, Octane","Tk 4,750,000",2020,"1,500 cc","47,149 km",6
Toyota Fielder Hybrid EX Black 2021,Toyota,Fielder,Automatic,Hybrid,"Tk 2,530,000",2021,"1,500 cc","128,000 km",5
Toyota Esquire Gi package Hybrid 2020,Toyota,Esquire,Automatic,Hybrid,"Tk 3,650,000",2020,"1,800 cc","79,352 km",6
Toyota Axio EX PKG 2020,Toyota,Axio,Automatic,"Petrol, Hybrid, Octane","Tk 2,200,000",2020,"1,500 cc","74,520 km",6
Toyota Hiace SUPER GL 3.5 BLACK 2020,Toyota,Hiace,Automatic,Octane,"Tk 4,300,000",2020,"2,000 cc","58,875 km",6
Toyota Noah Hybrid SI WXB V-2 2020,Toyota,Noah,Automatic,"Petrol, Hybrid, Octane","Tk 3,550,000",2020,"1,800 cc","60,000 km",6
Toyota Prius S Touring Selection 2020,Toyota,Prius,Automatic,"Petrol, Hybrid, Octane","Tk 3,100,000",2020,"1,800 cc","65,000 km",6
Toyota Yaris Cross 360 CAM DHAKA READY 2021,Toyota,Yaris Cross,Automatic,"Petrol, Hybrid, Octane","Tk 3,500,000",2021,"1,500 cc","29,013 km",5
Lexus RX300 NON HYBRID 2022,Lexus,RX300,Automatic,"Petrol, Octane","Tk 15,000,000",2022,"2,000 cc","36,013 km",4
Toyota RAV4 G-Z NON-HB READY- 2020,Toyota,RAV4,Automatic,"Petrol, Octane","Tk 7,500,000",2020,"2,000 cc","26,590 km",6
Toyota Voxy SHOWROOM-READY 2022,Toyota,Voxy,Automatic,"Petrol, Hybrid, Octane","Tk 5,300,000",2022,"1,800 cc","49,512 km",4
Toyota Prius S Safety Plus 2021,Toyota,Prius,Automatic,Hybrid,"Tk 3,500,000",2021,"1,800 cc","74,000 km",5
Toyota Axio EX 2020,Toyota,Axio,Automatic,"Petrol, Octane","Tk 2,850,000",2020,"1,500 cc","54,000 km",6
Toyota Esquire GI PKG HYB 4 POINT 2020,Toyota,Esquire,Automatic,Hybrid,"Tk 3,750,000",2020,"1,800 cc","106,000 km",6
Toyota Harrier ZLP 2020,Toyota,Harrier,Automatic,Octane,"Tk 8,550,000",2020,"1,980 cc","29,600 km",6
Toyota Noah X PKG HYB 2020,Toyota,Noah,Automatic,Hybrid,"Tk 2,989,999",2020,"1,800 cc","225,000 km",6
Toyota Corolla S PKG 4 POINT 2020,Toyota,Corolla,Automatic,Hybrid,"Tk 2,750,000",2020,"1,800 cc","89,000 km",6
Toyota Corolla Hybrid 2019,Toyota,Corolla,Automatic,Octane,"Tk 3,100,000",2019,"1,800 cc","14,700 km",7
Toyota Fielder Hybrid 2021,Toyota,Fielder,Automatic,Hybrid,"Tk 2,200,000",2021,"1,800 cc","85,000 km",5
Toyota Altis 2018,Toyota,Altis,Automatic,Octane,"Tk 2,450,000",2018,"1,600 cc","23,200 km",8
Toyota Corolla Gx Pkg Hybrid GP-4.0 2020,Toyota,Corolla,Automatic,"Petrol, Hybrid, Octane","Tk 2,730,000",2020,"1,800 cc","50,200 km",6
Honda Vezel Z PKG 360CAMERA BOSE 2021,Honda,Vezel,Automatic,"Hybrid, Octane","Tk 3,990,000",2021,"1,500 cc","40,000 km",5
Toyota Axio EX PACKAGE HYBRID 2020,Toyota,Axio,Automatic,Hybrid,"Tk 2,160,000",2020,"1,500 cc","66,452 km",6
Toyota Allion A15 PACKAGE 2020,Toyota,Allion,Automatic,"Petrol, Octane","Tk 3,680,000",2020,"1,500 cc","75,463 km",6
Toyota Axio EX PUSH SAFTY SENSE 2020,Toyota,Axio,Automatic,"Hybrid, Octane","Tk 2,560,000",2020,"1,500 cc","45,000 km",6
Toyota Axio EX PUSH SAFTY SENSE 2020,Toyota,Axio,Automatic,"Hybrid, Octane","Tk 2,560,000",2020,"1,500 cc","39,000 km",6
Toyota Axio EX PUSH SAFTY SENSE 2020,Toyota,Axio,Automatic,"Hybrid, Octane","Tk 2,540,000",2020,"1,500 cc","41,000 km",6
Toyota Axio EX PUSH SAFTY SENSE 2020,Toyota,Axio,Automatic,"Hybrid, Octane","Tk 2,550,000",2020,"1,500 cc","31,000 km",6
Toyota Axio EX PUSH SAFTY SENSE 2020,Toyota,Axio,Automatic,"Hybrid, Octane","Tk 2,570,000",2020,"1,500 cc","35,000 km",6
Toyota Axio EX PUSH SAFTY SENSE 2020,Toyota,Axio,Automatic,"Hybrid, Octane","Tk 2,570,000",2020,"1,500 cc","26,000 km",6
Toyota Prius A T S PKG 2021,Toyota,Prius,Automatic,"Hybrid, Octane","Tk 3,975,000",2021,"1,790 cc","39,205 km",5
Honda CR-V 2012,Honda,CR-V,Automatic,Octane,"Tk 2,450,000",2012,"2,000 cc","850,000 km",14
Toyota Axio EX PUSH SAFTY SENSE 2020,Toyota,Axio,Automatic,"Hybrid, Octane","Tk 2,530,000",2020,"1,500 cc","48,000 km",6
Honda Civic cxi 2005,Honda,Civic,Automatic,Octane,"Tk 1,000,000",2005,"1,500 cc","70,000 km",21
Toyota Fielder HYBRID EX 2021,Toyota,Fielder,Automatic,"Petrol, Hybrid, Octane, Other fuel type","Tk 2,200,000",2021,"1,500 cc","70,000 km",5
"Toyota RAV4 HYBRID G PKG,SUNROOF 2020",Toyota,RAV4,Automatic,Hybrid,"Tk 6,550,000",2020,"2,500 cc","72,000 km",6
Toyota C-HR HYBRID S 2021,Toyota,C-HR,Automatic,"Hybrid, Octane","Tk 3,100,000",2021,"1,800 cc","59,654 km",5
Toyota Prius A Touring Selection 2020,Toyota,Prius,Automatic,"Petrol, Hybrid, Octane","Tk 3,200,000",2020,"1,800 cc","94,000 km",6
Toyota Axio EX Non-Hybrid 2020,Toyota,Axio,Automatic,Octane,"Tk 2,850,000",2020,"1,500 cc","44,000 km",6
Toyota Hiace GL Duel AC HeaterBOX 2020,Toyota,Hiace,Automatic,"Petrol, Octane","Tk 3,550,000",2020,"2,000 cc","65,000 km",6
Toyota Prius A T S PKG 2018,Toyota,Prius,Automatic,"Hybrid, Octane","Tk 3,050,000",2018,"1,790 cc","99,505 km",8
Toyota Noah Non Hybrid 2020,Toyota,Noah,Automatic,Octane,"Tk 3,380,000",2020,"2,000 cc","92,000 km",6
Toyota Esquire Hybrid 2020,Toyota,Esquire,Automatic,"Hybrid, Octane","Tk 3,450,000",2020,"1,800 cc","86,000 km",6
Toyota Fielder Non Hybrid Ex 2020,Toyota,Fielder,Automatic,Octane,"Tk 2,590,000",2020,"1,500 cc","90,000 km",6
Toyota Noah Hybrid 2020,Toyota,Noah,Automatic,"Hybrid, Octane","Tk 3,050,000",2020,"1,800 cc","86,425 km",6
Toyota Fielder Non Hybrid 2020,Toyota,Fielder,Automatic,Octane,"Tk 2,590,000",2020,"1,500 cc","80,477 km",6
Toyota Noah 2020 Hybrid,Toyota,Noah,Automatic,"Hybrid, Octane","Tk 3,020,000",2020,"1,800 cc","85,000 km",6
Toyota Premio FL Silver 2020,Toyota,Premio,Automatic,"Petrol, Octane","Tk 4,100,000",2020,"1,500 cc","105,000 km",6
Toyota Esquire Gi Hybrid Black 2020,Toyota,Esquire,Automatic,"Petrol, Hybrid, Octane","Tk 3,590,000",2020,"1,800 cc","74,750 km",6
Toyota Allion G PLUS 2020,Toyota,Allion,Automatic,"Petrol, Octane","Tk 4,100,000",2020,"1,500 cc","8,000 km",6
Toyota Hiace SUPER GL DARK PRIME 2020,Toyota,Hiace,Automatic,"Petrol, Octane","Tk 4,400,000",2020,"2,000 cc","56,000 km",6
Toyota Corolla S LED 4.5 POINT 2020,Toyota,Corolla,Automatic,"Petrol, Hybrid, Octane","Tk 3,170,000",2020,"1,800 cc","85,000 km",6
Toyota Voxy ZS KIRAMEKI 2 2020,Toyota,Voxy,Automatic,"Petrol, Hybrid, Octane","Tk 3,500,000",2020,"1,800 cc","45,000 km",6
Toyota Noah 2 DOOR POWER PUSH 2020,Toyota,Noah,Automatic,Octane,"Tk 3,750,000",2020,"2,000 cc","100,212 km",6
Toyota Fielder EX NON HYBRID 2021,Toyota,Fielder,Automatic,"Petrol, Octane","Tk 3,050,000",2021,"1,500 cc","90,000 km",5
Toyota Fielder EX 4.5 POINT READY 2020,Toyota,Fielder,Automatic,"Petrol, Hybrid, Octane","Tk 2,620,000",2020,"1,500 cc","62,000 km",6
Toyota Axio EX NON HY. READY DK. 2020,Toyota,Axio,Automatic,"Petrol, Octane","Tk 2,820,000",2020,"1,500 cc","60,000 km",6
Toyota Allion G PLUS 2019,Toyota,Allion,Automatic,"Petrol, Octane","Tk 4,080,000",2019,"1,500 cc","40,000 km",7
Toyota Hiace SUPER GL DARK PRIME 2023,Toyota,Hiace,Automatic,"Petrol, Octane","Tk 4,850,000",2023,"2,000 cc","74,000 km",3
Toyota C-HR G MODE NERO SAFETY 2020,Toyota,C-HR,Automatic,"Petrol, Hybrid, Octane","Tk 3,400,000",2020,"1,800 cc","81,414 km",6
Toyota Esquire GI LUXEL GRILL 2020,Toyota,Esquire,Automatic,"Petrol, Hybrid, Octane","Tk 3,850,000",2020,"1,800 cc","58,000 km",6
Toyota Premio FL READY STOCK 2020,Toyota,Premio,Automatic,"Petrol, Hybrid, Octane","Tk 4,250,000",2020,"1,500 cc","30,000 km",6
Toyota Allion G PLUS 2020,Toyota,Allion,Automatic,"Petrol, Octane","Tk 4,450,000",2020,"1,500 cc","41,000 km",6
Honda Insight EX PKG HYBRID UNIT 2019,Honda,Insight,Automatic,Hybrid,"Tk 3,680,000",2019,"1,800 cc","63,250 km",7
Toyota Prius S PKG READY DHAKA 2020,Toyota,Prius,Automatic,"Petrol, Hybrid, Octane","Tk 3,130,000",2020,"1,800 cc","51,000 km",6
Toyota Esquire GI PREMIUM PKG 2020,Toyota,Esquire,Automatic,Hybrid,"Tk 3,700,000",2020,"1,800 cc","69,055 km",6
Toyota Esquire GI PREMIUM 2020,Toyota,Esquire,Automatic,Hybrid,"Tk 3,900,000",2020,"1,800 cc","77,000 km",6
Toyota Land Cruiser TXL 70Th ANNIVERSARY 2022,Toyota,Land Cruiser,Automatic,Octane,"Tk 18,700,000",2022,"2,700 cc","10,076 km",4
Toyota Esquire GI PREMIUM 2020,Toyota,Esquire,Automatic,Hybrid,"Tk 3,700,000",2020,"1,800 cc","63,050 km",6
Toyota Corolla Cross hybrid 2021,Toyota,Corolla Cross,Automatic,"Petrol, Hybrid, Octane","Tk 4,150,000",2021,"1,800 cc","56,847 km",5
Toyota Noah Hybrid Z 2022,Toyota,Noah,Automatic,Hybrid,"Tk 3,000,000",2022,"1,800 cc","45,412 km",4
Honda Insight E.EDITION READY CAR 2021,Honda,Insight,Automatic,"Hybrid, Octane","Tk 4,300,000",2021,"1,500 cc","51,013 km",5
Honda CR-V SHOWROOM READY 2020,Honda,CR-V,Automatic,"Petrol, Octane","Tk 5,500,000",2020,"2,000 cc","53,512 km",6
Toyota Prius A PKG PEARL COLOR 2020,Toyota,Prius,Automatic,"Hybrid, Octane","Tk 3,300,000",2020,"1,800 cc","71,245 km",6
Toyota Corolla Cross Corola Z package 2022,Toyota,Corolla Cross,Automatic,"Hybrid, Octane","Tk 4,250,000",2022,"1,800 cc","60,000 km",4
Toyota Premio 2016,Toyota,Premio,Automatic,Octane,"Tk 3,220,000",2022,"1,500 cc","52,665 km",4
Honda Insight SHOWROOM-READY 2021,Honda,Insight,Automatic,"Petrol, Hybrid, Octane","Tk 4,300,000",2021,"1,500 cc","58,512 km",5
Toyota RAV4 NEW SHAPE FULL LOAD 2022,Toyota,RAV4,Automatic,"Hybrid, Octane","Tk 8,500,000",2022,"2,500 cc","13,013 km",4
Nissan X-Trail Push Start 2021,Nissan,X-Trail,Automatic,Octane,"Tk 4,800,000",2021,"1,333 cc","32,411 km",5
Toyota Axio EX PACKAGE PUSH 2020,Toyota,Axio,Automatic,Octane,"Tk 2,880,000",2020,"1,500 cc","80,000 km",6
Toyota Axio Non Hybrid 2020,Toyota,Axio,Automatic,Octane,"Tk 2,590,000",2020,"1,500 cc","87,520 km",6
Toyota Noah Hybrid 2020,Toyota,Noah,Automatic,"Hybrid, Octane","Tk 3,150,000",2020,"1,800 cc","86,752 km",6
Toyota Axio Hybrid 2020,Toyota,Axio,Automatic,"Hybrid, Octane","Tk 2,220,000",2020,"1,500 cc","86,200 km",6
Toyota Noah Non Hybrid 2020,Toyota,Noah,Automatic,Octane,"Tk 3,450,000",2020,"2,000 cc","89,452 km",6
Toyota Axio Non Hybrid 2020,Toyota,Axio,Automatic,Octane,"Tk 2,590,000",2020,"1,500 cc","80,632 km",6
Toyota Axio 2020 Hybrid,Toyota,Axio,Automatic,"Hybrid, Octane","Tk 2,170,000",2020,"1,500 cc","80,000 km",6
Toyota Voxy Hybrid 2020,Toyota,Voxy,Automatic,"Hybrid, Octane","Tk 3,250,000",2020,"1,800 cc","86,500 km",6
Toyota Esquire Non Hybrid 2020,Toyota,Esquire,Automatic,Octane,"Tk 3,850,000",2020,"2,000 cc","96,452 km",6
Toyota Noah Hybrid 2020,Toyota,Noah,Automatic,"Hybrid, Octane","Tk 3,120,000",2020,"1,800 cc","80,896 km",6
Toyota Fielder Non Hybrid Ex 2020,Toyota,Fielder,Automatic,Octane,"Tk 2,590,000",2020,"1,500 cc","85,230 km",6
Toyota Noah Non Hybrid 2020,Toyota,Noah,Automatic,Octane,"Tk 3,380,000",2020,"2,000 cc","88,742 km",6
Toyota Axio Non Hybrid EX PUSH 2020,Toyota,Axio,Automatic,"Petrol, Octane","Tk 2,900,000",2020,"1,500 cc","8,234 km",6
Toyota Noah SZ Brand New 2025,Toyota,Noah,Automatic,"Petrol, Hybrid, Octane","Tk 5,850,000",2025,"1,800 cc",8 km,1
Toyota Noah X Non Hybrid Black 2021,Toyota,Noah,Automatic,"Petrol, Octane","Tk 3,650,000",2021,"2,000 cc","68,000 km",5
Toyota Prius HYBRID PKG. S SAFETY 2020,Toyota,Prius,Automatic,"Petrol, Hybrid, Octane","Tk 3,300,000",2020,"1,800 cc","83,452 km",6
Toyota Voxy HYBRID S-Z LEG REST 2022,Toyota,Voxy,Automatic,"Petrol, Hybrid, Octane","Tk 5,300,000",2022,"1,800 cc","20,345 km",4
Toyota Axio Non Hybrid EX 2021,Toyota,Axio,Automatic,"Petrol, Hybrid, Octane","Tk 2,500,000",2021,"1,500 cc","61,794 km",5
Toyota Noah HYBRID X 2020,Toyota,Noah,Automatic,"Petrol, Hybrid, Octane","Tk 2,950,000",2020,"1,800 cc","61,456 km",6
Toyota Alphard Executive Lounge 2023,Toyota,Alphard,Automatic,CNG,"Tk 13,500,000",2023,"2,500 cc","1,236 km",3
Toyota Sienta Hybrid 2020,Toyota,Sienta,Automatic,Hybrid,"Tk 2,200,000",2020,"1,500 cc","89,000 km",6
Honda CR-V EX MASTERPIECE 2021,Honda,CR-V,Automatic,Octane,"Tk 5,800,000",2021,"2,000 cc","51,510 km",5
Toyota Axio HYBRID 2020,Toyota,Axio,Automatic,Hybrid,"Tk 2,150,000",2020,"1,500 cc","65,430 km",6
Toyota Harrier Hybrid S package 2021,Toyota,Harrier,Automatic,Hybrid,"Tk 6,000,000",2021,"2,500 cc","1,234 km",5
Toyota Hiace SUPER GL PUSH 2DR PW 2021,Toyota,Hiace,Automatic,"Petrol, Octane","Tk 4,400,000",2021,"2,000 cc","68,130 km",5
Toyota Corolla Cross FULL OPTION CAR 2022,Toyota,Corolla Cross,Automatic,"Petrol, Hybrid, Octane","Tk 4,900,000",2022,"1,800 cc","41,013 km",4
Lexus RX F SPORTS 500h 2023,Lexus,RX,Automatic,"Petrol, Hybrid, Octane","Tk 20,500,000",2023,"2,400 cc","1,268 km",3
Toyota C-HR G-PACKAGE 2020,Toyota,C-HR,Automatic,"Hybrid, Octane","Tk 3,700,000",2020,"1,790 cc","38,739 km",6
Toyota Prius ATS 2018,Toyota,Prius,Automatic,"Hybrid, Octane","Tk 3,050,000",2018,"1,790 cc","99,500 km",8
Toyota Hiace SUPERGLDARKPRIME 2020,Toyota,Hiace,Automatic,"Petrol, Octane","Tk 4,280,000",2020,"2,000 cc","41,009 km",6
Toyota Prius A PACKAGE 2021,Toyota,Prius,Automatic,"Hybrid, Octane","Tk 3,020,000",2021,"1,800 cc","56,321 km",5
Audi Q7 Quattro SUV 2016,Audi,Q7,Automatic,LPG,"Tk 8,500,000",2016,"2,000 cc","32,000 km",10
Toyota Axio X Limited 2010,Toyota,Axio,Automatic,"CNG, Octane","Tk 1,480,000",2010,"1,500 cc","67,000 km",16
Toyota Corolla 1997,Toyota,Corolla,Automatic,"CNG, Octane","Tk 695,000",1997,"1,500 cc","240,000 km",29
Toyota Aqua S Style 2020,Toyota,Aqua,Automatic,"Petrol, Hybrid, Octane","Tk 1,900,000",2020,"1,500 cc","92,000 km",6
Toyota Prius A Touring selection 2019,Toyota,Prius,Automatic,"Petrol, Hybrid, Octane","Tk 3,250,000",2019,"1,800 cc","84,330 km",7
Toyota Fielder EX-GRADE-4 2020,Toyota,Fielder,Automatic,"Hybrid, Octane","Tk 2,450,000",2020,"1,500 cc","74,973 km",6
Toyota Yaris Cross Z pkg - Red color 2021,Toyota,Yaris Cross,Automatic,"Petrol, Hybrid, Octane","Tk 3,490,000",2021,"1,500 cc","62,500 km",5
Toyota C-HR G LED-PACKAGE 2020,Toyota,C-HR,Automatic,"Hybrid, Octane","Tk 3,430,000",2020,"1,800 cc","21,840 km",6
Toyota Voxy ZS KIRAMIKI 3 2020,Toyota,Voxy,Automatic,"Hybrid, Octane","Tk 3,450,000",2020,"1,800 cc","68,000 km",6
Toyota Noah G Package 2020,Toyota,Noah,Automatic,"Hybrid, Octane","Tk 3,150,000",2020,"1,800 cc","148,000 km",6
Toyota Axio EX 2020,Toyota,Axio,Automatic,"Petrol, Hybrid, Octane","Tk 2,400,000",2020,"1,500 cc","80,000 km",6
Toyota Premio F-Mileage-26k 2019,Toyota,Premio,Automatic,"Petrol, CNG, Octane, LPG","Tk 3,780,000",2019,"1,500 cc","26,000 km",7
Toyota Voxy ZS KIRAMIKI 2020,Toyota,Voxy,Automatic,"Hybrid, Octane","Tk 3,300,000",2020,"1,800 cc","114,000 km",6
Toyota Noah SZ Package 2023,Toyota,Noah,Automatic,"Hybrid, Octane","Tk 5,080,000",2023,"1,800 cc","19,000 km",3
Toyota Corolla Cross Z leather Package 2025,Toyota,Corolla Cross,Automatic,"Petrol, Hybrid, Octane","Tk 5,700,000",2025,"1,800 cc","7,000 km",1
Toyota Harrier Z leather Package 2020,Toyota,Harrier,Automatic,"Petrol, Hybrid, Octane","Tk 7,500,000",2020,"2,500 cc","88,000 km",6
Toyota Voxy ZS KIRAMIKI 2020,Toyota,Voxy,Automatic,"Petrol, Hybrid, Octane","Tk 3,350,000",2020,"1,800 cc","141,000 km",6
Toyota Prius A PREMIUM TOURING 2020,Toyota,Prius,Automatic,"Hybrid, Octane","Tk 3,180,000",2020,"1,800 cc","110,000 km",6
Toyota Voxy ZS KIRAMIKI 2020,Toyota,Voxy,Automatic,"Hybrid, Octane","Tk 3,300,000",2020,"1,800 cc","115,000 km",6
Toyota Voxy X Package-Silver 2020,Toyota,Voxy,Automatic,"Hybrid, Octane","Tk 2,980,000",2020,"1,800 cc","156,000 km",6
Toyota Yaris Cross Z - Mileage-57k 2021,Toyota,Yaris Cross,Automatic,"Petrol, Hybrid, Octane, LPG","Tk 3,350,000",2021,"1,500 cc","57,667 km",5
Toyota Fielder Ex 2020,Toyota,Fielder,Automatic,"Hybrid, Octane","Tk 2,500,000",2020,"1,500 cc","95,000 km",6
Toyota Axio Ex package 2020,Toyota,Axio,Automatic,"Petrol, Hybrid, Octane","Tk 2,450,000",2020,"1,500 cc","78,000 km",6
Toyota Yaris Cross Z Package 2020,Toyota,Yaris Cross,Automatic,"Hybrid, Octane","Tk 3,380,000",2020,"1,500 cc","72,000 km",6
Toyota Corolla Cross Z leather Package 2022,Toyota,Corolla Cross,Automatic,"Petrol, Hybrid, Octane","Tk 4,680,000",2022,"1,800 cc","5,276 km",4
Toyota Yaris Cross Z leather-Color-RED 2021,Toyota,Yaris Cross,Automatic,"Hybrid, Octane","Tk 3,480,000",2021,"1,500 cc","63,131 km",5
Toyota Corolla Cross Z leather Package 2022,Toyota,Corolla Cross,Automatic,"Hybrid, Octane","Tk 4,550,000",2022,"1,800 cc","79,267 km",4
Toyota Fielder EX 2020,Toyota,Fielder,Automatic,"Petrol, Hybrid, Octane","Tk 2,380,000",2020,"1,500 cc","89,000 km",6
Toyota Yaris Cross Z Package 2021,Toyota,Yaris Cross,Automatic,"Petrol, Hybrid, Octane","Tk 3,450,000",2021,"1,500 cc","57,000 km",5
Toyota Fielder Ex 2020,Toyota,Fielder,Automatic,"Hybrid, Octane","Tk 2,280,000",2020,"1,500 cc","129,000 km",6
Toyota Corolla Cross Z leather Package 2022,Toyota,Corolla Cross,Automatic,"Petrol, Hybrid, Octane, LPG","Tk 4,480,000",2022,"1,800 cc","34,743 km",4
Toyota Premio F 2020,Toyota,Premio,Automatic,"Petrol, CNG, Octane, LPG","Tk 3,850,000",2020,"1,500 cc","86,000 km",6
Toyota Axio Ex 2020,Toyota,Axio,Automatic,"Hybrid, Octane","Tk 2,450,000",2020,"1,500 cc","88,000 km",6
Toyota Aqua S 2020,Toyota,Aqua,Automatic,"Hybrid, Octane","Tk 1,900,000",2020,"1,500 cc","99,000 km",6
Toyota Hiace GL 2022,Toyota,Hiace,Automatic,Octane,"Tk 3,780,000",2022,"2,000 cc","63,000 km",4
Toyota Axio EX 2020,Toyota,Axio,Automatic,"Petrol, Hybrid, Octane","Tk 2,450,000",2020,"1,500 cc","92,200 km",6
Toyota Corolla Cross Z leather Package 2024,Toyota,Corolla Cross,Automatic,"Hybrid, Octane","Tk 5,550,000",2024,"1,800 cc",7 km,2
Toyota C-HR G LED 2020,Toyota,C-HR,Automatic,"Petrol, Hybrid, Octane","Tk 3,450,000",2020,"1,800 cc","21,000 km",6
Toyota Yaris Cross Z Package 2021,Toyota,Yaris Cross,Automatic,"Petrol, Hybrid, Octane","Tk 3,450,000",2021,"1,500 cc","86,000 km",5
Toyota Voxy ZS KIRAMIKI 2020,Toyota,Voxy,Automatic,"Hybrid, Octane","Tk 3,300,000",2020,"1,800 cc","129,000 km",6
Toyota Voxy ZS KIRAMIKI 2020,Toyota,Voxy,Automatic,"Hybrid, Octane","Tk 3,400,000",2020,"1,800 cc","140,000 km",6
Toyota C-HR GR Sports 2020,Toyota,C-HR,Automatic,"Petrol, Hybrid, Octane","Tk 3,450,000",2020,"1,800 cc","119,000 km",6
Nissan X-Trail X-Trail-36k-Sunroof 2019,Nissan,X-Trail,Automatic,"Hybrid, Octane","Tk 4,180,000",2019,"2,000 cc","36,000 km",7
Toyota C-HR GR Sports 2020,Toyota,C-HR,Automatic,"Hybrid, Octane","Tk 3,600,000",2020,"1,800 cc","51,000 km",6
Toyota Axio Ex package 2020,Toyota,Axio,Automatic,"Petrol, Hybrid, Octane","Tk 2,450,000",2020,"1,500 cc","89,000 km",6
Toyota C-HR GR Sports 2020,Toyota,C-HR,Automatic,"Hybrid, Octane","Tk 3,450,000",2020,"1,800 cc","119,000 km",6
Toyota Fielder Ex package 2020,Toyota,Fielder,Automatic,"Petrol, Hybrid, Octane","Tk 2,450,000",2020,"1,500 cc","103,000 km",6
Toyota Axio EX 2020,Toyota,Axio,Automatic,"Petrol, CNG, Octane, LPG","Tk 2,830,000",2020,"1,500 cc","51,317 km",6
Toyota Aqua S Package 2020,Toyota,Aqua,Automatic,"Petrol, Hybrid, Octane","Tk 1,980,000",2020,"1,500 cc","92,000 km",6
Honda Insight Ex 2020,Honda,Insight,Automatic,"Petrol, Hybrid, Octane","Tk 3,650,000",2020,"1,500 cc","135,000 km",6
Toyota Prius A Package 2020,Toyota,Prius,Automatic,"Petrol, Hybrid, Octane","Tk 2,990,000",2020,"1,800 cc","100,500 km",6
Toyota Yaris Cross Z Package 2021,Toyota,Yaris Cross,Automatic,"Petrol, Hybrid, Octane","Tk 3,400,000",2021,"1,500 cc","63,000 km",5
Toyota Fielder Ex package 2020,Toyota,Fielder,Automatic,"Petrol, Hybrid, Octane","Tk 2,450,000",2020,"1,500 cc","91,000 km",6
Toyota Esquire Gi package 2020,Toyota,Esquire,Automatic,"Petrol, Hybrid, Octane","Tk 3,530,000",2020,"1,800 cc","132,000 km",6
Toyota Corolla Cross Z leather Package 2022,Toyota,Corolla Cross,Automatic,"Petrol, Hybrid, Octane","Tk 4,450,000",2022,"1,800 cc","63,000 km",4
Toyota Yaris Cross Z 2021,Toyota,Yaris Cross,Automatic,"Petrol, Hybrid, Octane, LPG","Tk 3,400,000",2021,"1,500 cc","88,000 km",5
Toyota Noah G Package 2021,Toyota,Noah,Automatic,"Hybrid, Octane","Tk 3,450,000",2021,"1,800 cc","94,700 km",5
Toyota Axio HYBRID PUSH START 2020,Toyota,Axio,Automatic,Hybrid,"Tk 2,300,000",2020,"1,500 cc","114,942 km",6
Toyota Noah X NON HYBRID KEY ST. 2021,Toyota,Noah,Automatic,Octane,"Tk 3,600,000",2021,"2,000 cc","107,167 km",5
Toyota Noah X NON HV-KEY 2021,Toyota,Noah,Automatic,Octane,"Tk 3,600,000",2021,"2,000 cc","95,277 km",5
Toyota Corolla Cross FULL LOADED Z PKG 2022,Toyota,Corolla Cross,Automatic,Hybrid,"Tk 4,750,000",2022,"1,800 cc","18,178 km",4
Toyota C-HR G-LED NEW SHAPE 2019,Toyota,C-HR,Automatic,Hybrid,"Tk 3,380,000",2019,"1,800 cc","31,777 km",7
Toyota Axio EX HYBRID PUSH 2020,Toyota,Axio,Automatic,Hybrid,"Tk 2,390,000",2020,"1,500 cc","104,254 km",6
Toyota Axio NON HYBRID EX 2020,Toyota,Axio,Automatic,Octane,"Tk 2,600,000",2020,"1,500 cc","207,123 km",6
Toyota Esquire GI PREMIUM 2020,Toyota,Esquire,Automatic,"Hybrid, Electric, Octane","Tk 38,500,000",2020,"1,800 cc","64,000 km",6
Toyota Esquire GI PREMIUM 2020,Toyota,Esquire,Automatic,Hybrid,"Tk 3,750,000",2020,"1,800 cc","63,355 km",6
Toyota Voxy - READYDHAKA 2022,Toyota,Voxy,Automatic,"Petrol, Hybrid, Octane","Tk 4,900,000",2022,"1,800 cc","59,000 km",4
Toyota Axio EX PUSH START HYBRID 2020,Toyota,Axio,Automatic,Hybrid,"Tk 2,390,000",2020,"1,500 cc","104,213 km",6
Toyota Hiace SUPER GL PUSH START 2020,Toyota,Hiace,Automatic,Octane,"Tk 4,300,000",2020,"2,000 cc","75,213 km",6
Toyota Axio HYBRID EX PUSH 2020,Toyota,Axio,Automatic,Hybrid,"Tk 2,300,000",2020,"1,500 cc","114,211 km",6
Toyota Yaris Cross Z 2021,Toyota,Yaris Cross,Automatic,"Petrol, Hybrid, Octane","Tk 3,600,000",2021,"1,500 cc","73,000 km",5
Toyota Prado TXL PACKAGE 2021,Toyota,Prado,Automatic,Octane,"Tk 16,400,000",2021,"2,700 cc","24,453 km",5
Toyota Sienta HYBRID 2021,Toyota,Sienta,Automatic,"Petrol, Hybrid, Octane, Other fuel type","Tk 2,550,000",2021,"1,500 cc","70,000 km",5
Toyota Axio EX SAFETY SENSOR 2020,Toyota,Axio,Automatic,Hybrid,"Tk 2,220,000",2020,"1,500 cc","63,000 km",6
Honda Civic FC-1 TURBO 2020,Honda,Civic,Automatic,"Petrol, Octane","Tk 3,950,000",2020,"1,500 cc","48,400 km",6
Toyota Esquire GI NON HY PEARL 2020,Toyota,Esquire,Automatic,Petrol,"Tk 4,250,000",2020,"2,000 cc","32,000 km",6
Toyota Esquire GI PREMIUM NON HYB 2020,Toyota,Esquire,Automatic,"Petrol, Octane","Tk 4,670,000",2020,"2,000 cc","57,140 km",6
Toyota Allion G PLUS WINE AP 4.5 2020,Toyota,Allion,Automatic,"Petrol, Octane","Tk 3,990,000",2020,"1,500 cc","65,214 km",6
Toyota Corolla Touring WXB HYBRID 2020,Toyota,Corolla,Automatic,Hybrid,"Tk 3,250,000",2020,"1,800 cc","48,000 km",6
Toyota Fielder EX NON HYBRID WHITE 2021,Toyota,Fielder,Automatic,Petrol,"Tk 3,150,000",2021,"1,500 cc","87,000 km",5
Toyota C-HR G Mode Nero 2020,Toyota,C-HR,Automatic,"Petrol, Hybrid, Octane","Tk 3,550,000",2020,"1,800 cc","51,000 km",6
Toyota Corolla WXB Black 4 Point 2021,Toyota,Corolla,Automatic,Hybrid,"Tk 3,150,000",2021,"1,800 cc","122,900 km",5
Toyota Hiace HIGHROOF AMBULANCE 2023,Toyota,Hiace,Automatic,"Petrol, Octane","Tk 3,100,000",2023,"2,000 cc","78,520 km",3
Toyota Fielder EX 2020,Toyota,Fielder,Automatic,"Hybrid, Octane","Tk 2,370,000",2020,"1,500 cc","47,000 km",6
Toyota Fielder NON HYBRID EX PUSH 2020,Toyota,Fielder,Automatic,"Hybrid, Octane","Tk 2,700,000",2020,"1,500 cc","66,895 km",6
Toyota Esquire GI-PREMIUM CEL-TV 2021,Toyota,Esquire,Automatic,"Petrol, Hybrid, Octane","Tk 4,200,000",2021,"1,800 cc","76,920 km",5
Toyota Corolla Cross Z-LEATHER HY HARD TP 2022,Toyota,Corolla Cross,Automatic,"Petrol, Hybrid, Octane","Tk 4,600,000",2022,"1,800 cc","45,676 km",4
Toyota Premio F-L 2020,Toyota,Premio,Automatic,Octane,"Tk 3,850,000",2020,"1,500 cc","105,011 km",6
Toyota Prius S LED Fixed Price 2020,Toyota,Prius,Automatic,"Petrol, Hybrid, Octane","Tk 2,900,000",2020,"1,800 cc","105,000 km",6
Toyota Prius S Package 2020,Toyota,Prius,Automatic,"Hybrid, Octane","Tk 3,100,000",2020,"1,800 cc","20,000 km",6
Toyota Hiace SUPER GL 2DR PW PUSH 2021,Toyota,Hiace,Automatic,"Petrol, Octane","Tk 4,500,000",2021,"2,000 cc","87,485 km",5
Toyota Corolla Cross Z Hybrid 2022,Toyota,Corolla Cross,Automatic,"Hybrid, Octane","Tk 4,550,000",2022,"1,800 cc","41,645 km",4
Toyota Noah HYBRID SI WXB-3 2020,Toyota,Noah,Automatic,"Petrol, Hybrid, Octane","Tk 3,650,000",2020,"1,800 cc","57,748 km",6
Toyota Prius A T S PKG 2018,Toyota,Prius,Automatic,"Hybrid, Octane","Tk 3,000,000",2018,"1,790 cc","70,905 km",8
Toyota Voxy S-Z PACKAGE HYBRID 2022,Toyota,Voxy,Automatic,Hybrid,"Tk 4,130,000",2022,"1,800 cc","29,543 km",4
Toyota Noah SI WXB HYBRID 2020,Toyota,Noah,Automatic,"Hybrid, Octane","Tk 3,380,000",2020,"1,800 cc","32,752 km",6
Toyota Esquire HV-GI PREMIUM-PKG 2020,Toyota,Esquire,Automatic,Hybrid,"Tk 3,900,000",2020,"1,800 cc","77,123 km",6
Toyota Noah X Non Hybrid Key 2020,Toyota,Noah,Automatic,Octane,"Tk 3,500,000",2020,"2,000 cc","95,176 km",6
Toyota Fielder EX White 3.5116k km 2020,Toyota,Fielder,Automatic,Petrol,"Tk 2,790,000",2020,"1,500 cc","116,000 km",6
Toyota Noah X Silver 457900 km 2021,Toyota,Noah,Automatic,Hybrid,"Tk 3,550,000",2021,"1,800 cc","57,900 km",5
Toyota Hiace DX Silver R85000 km 2020,Toyota,Hiace,Automatic,Petrol,"Tk 3,280,000",2020,"2,000 cc","85,000 km",6
Toyota Corolla Cross Z Massive Grey S5km 2025,Toyota,Corolla Cross,Automatic,Hybrid,"Tk 6,450,000",2025,"1,800 cc",5 km,1
Toyota Hiace Ambulance Highrof DX 2020,Toyota,Hiace,Automatic,Petrol,"Tk 3,150,000",2020,"2,000 cc","101,000 km",6
Toyota Noah Hybrid G Pkg Pearl 2020,Toyota,Noah,Automatic,Hybrid,"Tk 3,400,000",2020,"1,800 cc","72,800 km",6
Toyota Noah Hybrid X Pkg Pearl 2020,Toyota,Noah,Automatic,Hybrid,"Tk 3,350,000",2020,"1,800 cc","94,900 km",6
Toyota Fielder EX Silver 3.592k km 2020,Toyota,Fielder,Automatic,Hybrid,"Tk 2,430,000",2020,"1,500 cc","92,000 km",6
Toyota Harrier Hybrid Z Pkg Black 2023,Toyota,Harrier,Automatic,Hybrid,"Tk 9,450,000",2023,"2,500 cc","16,000 km",3
Toyota Noah Hybrid G Pkg Wine 2020,Toyota,Noah,Automatic,Hybrid,"Tk 3,380,000",2020,"1,800 cc","126,400 km",6
Toyota Fielder EX Silver RA89k km 2020,Toyota,Fielder,Automatic,Petrol,"Tk 2,820,000",2020,"1,500 cc","89,000 km",6
Toyota Hiace SUPER GL DARK PRIME 2020,Toyota,Hiace,Automatic,"Petrol, Octane","Tk 4,320,000",2020,"2,000 cc","58,000 km",6
Toyota Corolla Cross Z LEATHER 2022,Toyota,Corolla Cross,Automatic,"Petrol, Hybrid, Octane","Tk 4,400,000",2022,"1,800 cc","79,000 km",4
Toyota Esquire XI HYBRID PEARL 2020,Toyota,Esquire,Automatic,"Petrol, Hybrid, Octane","Tk 3,550,000",2020,"1,800 cc","145,577 km",6
Toyota Hiace Super GL 2020,Toyota,Hiace,Automatic,"Petrol, Octane","Tk 4,420,000",2020,"2,000 cc","59,000 km",6
Toyota Allion A15 2020,Toyota,Allion,Automatic,"Petrol, Octane","Tk 3,550,000",2020,"1,500 cc","86,647 km",6
Toyota Premio Fex 2021,Toyota,Premio,Automatic,"Petrol, Octane","Tk 4,950,000",2021,"1,500 cc","23,550 km",5
Toyota Noah S-Z 2022,Toyota,Noah,Automatic,"Petrol, Hybrid, Octane","Tk 4,520,000",2022,"1,800 cc","83,000 km",4
Toyota Axio EX Hybrid-Grade-4.5 2020,Toyota,Axio,Automatic,"Petrol, Hybrid, Octane","Tk 2,550,000",2020,"1,500 cc","25,000 km",6
Toyota Allion A15 2020,Toyota,Allion,Automatic,"Petrol, Octane","Tk 3,650,000",2020,"1,500 cc","55,000 km",6
Toyota Corolla Cross Z LEATHER 2022,Toyota,Corolla Cross,Automatic,"Petrol, Hybrid, Octane","Tk 4,450,000",2022,"1,800 cc","66,000 km",4
Toyota Corolla Cross Z LEATHER 2022,Toyota,Corolla Cross,Automatic,"Petrol, Hybrid, Octane","Tk 4,400,000",2022,"1,800 cc","69,000 km",4
Honda Grace Lx 2020,Honda,Grace,Automatic,"Petrol, Hybrid, Octane","Tk 2,650,000",2020,"1,500 cc","67,392 km",6
Toyota Premio F-EX PEARL  AP-4.5 2020,Toyota,Premio,Automatic,"Petrol, Octane","Tk 4,600,000",2020,"1,500 cc","48,000 km",6
Toyota Corolla Cross Z LEATHER 2022,Toyota,Corolla Cross,Automatic,"Petrol, Hybrid, Octane","Tk 4,250,000",2022,"1,800 cc","54,000 km",4
Toyota Corolla Hybrid GX TOURING 2021,Toyota,Corolla,Automatic,Hybrid,"Tk 2,400,000",2021,"1,800 cc","48,462 km",5
Toyota RAV4 Hybrid X package 2021,Toyota,RAV4,Automatic,Hybrid,"Tk 5,150,000",2021,"2,500 cc",132 km,5
Toyota Harrier HYBRID S package 2021,Toyota,Harrier,Automatic,Hybrid,"Tk 6,000,000",2021,"2,500 cc",123 km,5
Toyota Land Cruiser PRADO TX-L 2021,Toyota,Land Cruiser,Automatic,Octane,"Tk 12,500,000",2021,"2,800 cc","46,620 km",5
Toyota Premio FL SILVER 2020,Toyota,Premio,Automatic,Petrol,"Tk 3,950,000",2020,"1,500 cc","66,200 km",6
Toyota Noah SI WXB NON HYBRID 2020,Toyota,Noah,Automatic,"Petrol, Octane","Tk 3,950,000",2020,"2,000 cc","79,562 km",6
Toyota Premio F-EX PEARL AP 4.5 2020,Toyota,Premio,Automatic,"Petrol, Octane","Tk 4,560,000",2020,"1,500 cc","39,270 km",6
Toyota Axio EX HYBRID SILVER 2020,Toyota,Axio,Automatic,Hybrid,"Tk 2,250,000",2020,"1,500 cc","172,000 km",6
Toyota Noah G HYBRID AP 4.5 2020,Toyota,Noah,Automatic,Hybrid,"Tk 3,530,000",2020,"1,800 cc","19,360 km",6
Toyota C-HR G LED RED AP 4.5 2021,Toyota,C-HR,Automatic,Hybrid,"Tk 3,370,000",2021,"1,800 cc","43,670 km",5
Toyota Corolla Cross Z PKG FULL OPTION 2021,Toyota,Corolla Cross,Automatic,Hybrid,"Tk 4,450,000",2021,"1,800 cc","76,180 km",5
Toyota Allion G PLUS 2020,Toyota,Allion,Automatic,Petrol,"Tk 4,450,000",2020,"1,500 cc","34,000 km",6
Toyota Esquire GI NON HYBRID BLACK 2020,Toyota,Esquire,Automatic,"Petrol, Octane","Tk 4,250,000",2020,"2,000 cc","36,913 km",6
Toyota Esquire XI NON HYBRID PEARL 2020,Toyota,Esquire,Automatic,"Petrol, Octane","Tk 3,880,000",2020,"2,000 cc","63,710 km",6
Toyota Corolla Cross Z LEATHER PEARL 2025,Toyota,Corolla Cross,Automatic,Petrol,"Tk 5,750,000",2025,"1,800 cc","4,100 km",1
Toyota Aqua S STYLE WHITE AP 4.5 2020,Toyota,Aqua,Automatic,Hybrid,"Tk 1,950,000",2020,"1,500 cc","38,190 km",6
Toyota Axio WXB HYBRID PEARL AP4 2019,Toyota,Axio,Automatic,Hybrid,"Tk 2,880,000",2019,"1,500 cc","78,340 km",7
Toyota Esquire GI PREMIUM HYBRID 2020,Toyota,Esquire,Automatic,Hybrid,"Tk 3,880,000",2020,"1,800 cc","51,390 km",6
Toyota Noah SI WXB HYBRID 2020,Toyota,Noah,Automatic,Hybrid,"Tk 3,620,000",2020,"1,800 cc","39,000 km",6
Toyota Axio X NEW SHAPE 2015,Toyota,Axio,Automatic,Octane,"Tk 1,930,000",2015,"1,500 cc","75,800 km",11
Honda CR-V EX Masterpeice Pearl 2019,Honda,CR-V,Automatic,Petrol,"Tk 5,750,000",2019,"1,500 cc","30,000 km",7
Toyota Hiace DX Silver 475000 km 2020,Toyota,Hiace,Automatic,Petrol,"Tk 3,270,000",2020,"2,000 cc","75,000 km",6
Toyota Esquire Gi Mica Blue 4106k 2020,Toyota,Esquire,Automatic,Hybrid,"Tk 3,850,000",2020,"1,800 cc","106,000 km",6
Toyota Corolla GX Blue 4122k km 2020,Toyota,Corolla,Automatic,Hybrid,"Tk 2,780,000",2020,"1,800 cc","122,000 km",6
Toyota Esquire GI Premium Black 2019,Toyota,Esquire,Automatic,Hybrid,"Tk 3,880,000",2019,"1,800 cc","80,500 km",7
Toyota Harrier Premium Black4.546k 2020,Toyota,Harrier,Automatic,Petrol,"Tk 7,220,000",2020,"2,000 cc","46,000 km",6
Toyota Premio F White R139000 km 2020,Toyota,Premio,Automatic,Petrol,"Tk 3,800,000",2020,"1,500 cc","139,000 km",6
Toyota Noah X Silver 3.5176k km 2020,Toyota,Noah,Automatic,Hybrid,"Tk 3,080,000",2020,"1,800 cc","176,000 km",6
Toyota Premio FL Silver 4105k km 2020,Toyota,Premio,Automatic,Petrol,"Tk 4,150,000",2020,"1,500 cc","105,000 km",6
Toyota Corolla Cross Z Pearl 4.537000 km 2021,Toyota,Corolla Cross,Automatic,Hybrid,"Tk 4,580,000",2021,"1,800 cc","37,000 km",5
Toyota Corolla Sports G Pkg Pearl 2019,Toyota,Corolla,Automatic,Hybrid,"Tk 2,790,000",2019,"1,800 cc","66,500 km",7
Toyota Hiace S.GL Silver RA94k 2020,Toyota,Hiace,Automatic,Petrol,"Tk 4,050,000",2020,"2,000 cc","94,000 km",6
Toyota Harrier Z Black Non Hybrid 2022,Toyota,Harrier,Automatic,Petrol,"Tk 9,150,000",2022,"2,000 cc","38,900 km",4
Toyota Corolla Cross Z Grey 527000 km 2022,Toyota,Corolla Cross,Automatic,Hybrid,"Tk 4,950,000",2022,"1,800 cc","27,000 km",4
Toyota Harrier Z Pearl 4.553000 km 2020,Toyota,Harrier,Automatic,Petrol,"Tk 8,050,000",2020,"2,000 cc","53,000 km",6
Toyota Hiace DXGL White 3.5100k 2020,Toyota,Hiace,Automatic,Petrol,"Tk 3,280,000",2020,"2,000 cc","100,000 km",6
Toyota Corolla Cross Z Black 4.535000 km 2022,Toyota,Corolla Cross,Automatic,Hybrid,"Tk 5,030,000",2022,"1,800 cc","35,000 km",4
Toyota Alphard Executive Lou. Black 2020,Toyota,Alphard,Automatic,Hybrid,"Tk 10,900,000",2020,"2,500 cc","48,000 km",6
Nissan X-Trail XFORCE Black New 2023,Nissan,X-Trail,Automatic,Hybrid,"Tk 6,870,000",2023,"1,500 cc","43,000 km",3
Toyota Corolla Cross Z Grey 4.514000 km 2022,Toyota,Corolla Cross,Automatic,Hybrid,"Tk 4,890,000",2022,"1,800 cc","14,000 km",4
Toyota Corolla Cross Z Blue 532000 km 2022,Toyota,Corolla Cross,Automatic,Hybrid,"Tk 4,790,000",2022,"1,800 cc","32,000 km",4
Toyota Corolla Cross Z Black 3.569000 km 2022,Toyota,Corolla Cross,Automatic,Hybrid,"Tk 4,470,000",2022,"1,800 cc","69,000 km",4
Toyota Corolla Cross Z Black 4.534000 km 2022,Toyota,Corolla Cross,Automatic,Hybrid,"Tk 4,700,000",2022,"1,800 cc","34,000 km",4
Toyota Noah SZ Pearl 4.533k km 2023,Toyota,Noah,Automatic,Hybrid,"Tk 5,450,000",2023,"1,800 cc","33,000 km",3
Toyota Hiace Super GL Dark Prime2 2024,Toyota,Hiace,Automatic,Petrol,"Tk 5,680,000",2024,"2,000 cc","26,000 km",2
Toyota Hiace Super GL Dark Prime2 2021,Toyota,Hiace,Automatic,Petrol,"Tk 4,850,000",2021,"2,000 cc","19,000 km",5
Toyota Noah G Black 4.577k km 2020,Toyota,Noah,Automatic,Hybrid,"Tk 3,770,000",2020,"1,800 cc","77,000 km",6
Toyota Premio FEX Silver 2020,Toyota,Premio,Automatic,Petrol,"Tk 4,730,000",2020,"1,500 cc","3,000 km",6
Toyota Axio EX White R35800 km 2020,Toyota,Axio,Automatic,Petrol,"Tk 2,800,000",2020,"1,500 cc","35,800 km",6
Toyota Voxy Petrol ZSKi MicaBlue 2020,Toyota,Voxy,Automatic,Petrol,"Tk 4,050,000",2020,"2,000 cc","102,000 km",6
Toyota Hiace High-Roof Ambulance 2020,Toyota,Hiace,Automatic,"Petrol, Octane","Tk 3,050,000",2020,"2,000 cc","60,772 km",6
Toyota Corolla Cross Z Pearl 4.568000 km 2022,Toyota,Corolla Cross,Automatic,Hybrid,"Tk 4,780,000",2022,"1,800 cc","68,000 km",4
Toyota Corolla Cross Z Leather Hybrid 5 2025,Toyota,Corolla Cross,Automatic,"Petrol, Hybrid, Octane","Tk 5,800,000",2025,"1,800 cc",12 km,1
Honda Grace LX Pearl Non Hybrid 2020,Honda,Grace,Automatic,Petrol,"Tk 2,950,000",2020,"1,500 cc","68,500 km",6
Toyota Noah X NON HYBRID 2021,Toyota,Noah,Automatic,"Petrol, Octane","Tk 3,700,000",2021,"2,000 cc","78,520 km",5
Toyota Hiace SUPER GL 2021,Toyota,Hiace,Automatic,"Petrol, Octane","Tk 4,650,000",2021,"2,000 cc","78,542 km",5
Toyota Axio EX NON HYBRID 2020,Toyota,Axio,Automatic,"Petrol, Octane","Tk 2,700,000",2020,"1,500 cc","86,520 km",6
Toyota Yaris Cross Z Leather Hybrid 4.5 2021,Toyota,Yaris Cross,Automatic,"Petrol, Hybrid, Octane","Tk 3,600,000",2021,"1,500 cc","69,932 km",5
Toyota Axio EX PKG 2020,Toyota,Axio,Automatic,"Petrol, Hybrid, Octane","Tk 2,150,000",2020,"1,500 cc","65,240 km",6
Toyota Fielder EX PKG 2020,Toyota,Fielder,Automatic,"Petrol, Hybrid, Octane","Tk 2,700,000",2020,"1,500 cc","53,124 km",6
Toyota Hiace SUPER GL 2020,Toyota,Hiace,Automatic,"Petrol, Octane","Tk 3,950,000",2020,"2,000 cc","79,652 km",6
Toyota Hiace DX 2021,Toyota,Hiace,Automatic,"Petrol, Octane","Tk 3,100,000",2021,"2,000 cc","95,642 km",5
Toyota Fielder EX 2020,Toyota,Fielder,Automatic,"Petrol, Hybrid, Octane","Tk 2,300,000",2020,"1,500 cc","55,000 km",6
Toyota Hiace SUPER GL 2022,Toyota,Hiace,Automatic,"Petrol, Octane","Tk 4,550,000",2022,"2,000 cc","80,000 km",4
Toyota Hiace GL 4 point 2020,Toyota,Hiace,Automatic,"Petrol, Octane","Tk 3,500,000",2020,"2,000 cc","75,175 km",6
Toyota C-HR G HYBRID 2020,Toyota,C-HR,Automatic,"Petrol, Hybrid, Octane","Tk 3,400,000",2020,"1,800 cc","45,021 km",6
Toyota Voxy S-Z PKG 5 Grade 2024,Toyota,Voxy,Automatic,"Petrol, Hybrid, Octane","Tk 6,000,000",2024,"1,800 cc","6,000 km",2
Toyota Voxy S-Z 2022,Toyota,Voxy,Automatic,"Petrol, Hybrid, Octane","Tk 5,500,000",2022,"1,800 cc","1,900 km",4
Toyota RAV4 G PKG 4.5 BLACK 2020,Toyota,RAV4,Automatic,Octane,"Tk 6,850,000",2020,"2,000 cc","56,493 km",6
Toyota Fielder Hybrid 4 POINT 2020,Toyota,Fielder,Automatic,Hybrid,"Tk 2,320,000",2020,"1,500 cc","90,361 km",6
Toyota Axio Hybrid Ex Push 2020,Toyota,Axio,Automatic,Hybrid,"Tk 2,180,000",2020,"1,500 cc","125,839 km",6
Toyota Fielder Ex Hybrid Push 2021,Toyota,Fielder,Automatic,Hybrid,"Tk 2,500,000",2021,"1,500 cc","77,249 km",5
Toyota Hiace Original GL 2020,Toyota,Hiace,Automatic,"Petrol, Octane","Tk 3,480,000",2020,"2,000 cc","83,270 km",6
Toyota Axio EX HYBRID DHAKAREADY 2020,Toyota,Axio,Automatic,"Hybrid, Octane","Tk 22,800,000",2020,"1,500 cc","84,678 km",6
Toyota Corolla Cross Z-LEATHER HYBRID 2021,Toyota,Corolla Cross,Automatic,"Hybrid, Octane","Tk 4,150,000",2021,"1,800 cc","69,000 km",5
Toyota Hiace DX 2021,Toyota,Hiace,Automatic,Octane,"Tk 3,360,000",2021,"2,000 cc","75,896 km",5
Toyota Fielder EX HYBRID DHAKAREADY 2020,Toyota,Fielder,Automatic,"Hybrid, Octane","Tk 2,430,000",2020,"1,500 cc","58,946 km",6
Toyota Corolla Cross Z-LEATHER HYBRID 2021,Toyota,Corolla Cross,Automatic,"Hybrid, Octane","Tk 4,260,000",2021,"1,800 cc","42,963 km",5
Mitsubishi l200 Double Cabin 2005,Mitsubishi,l200,Manual,Diesel,"Tk 799,000",2005,"2,500 cc","90,000 km",21
Toyota Voxy S-Z 2022,Toyota,Voxy,Automatic,"Hybrid, Octane","Tk 4,650,000",2022,"1,800 cc","26,000 km",4
Toyota Hiace DX 2020,Toyota,Hiace,Automatic,Octane,"Tk 3,220,000",2020,"2,000 cc","81,459 km",6
Ford 2010,Ford,Other Model,Manual,Diesel,"Tk 1,350,000",2010,"2,000 cc","77,000 km",16
Toyota Noah X NON HYBRID 2022,Toyota,Noah,Automatic,Octane,"Tk 5,270,000",2022,"2,000 cc","70,100 km",4
Toyota Hiace GL DUAL AC READY 2020,Toyota,Hiace,Automatic,Octane,"Tk 3,190,000",2020,"2,000 cc","79,352 km",6
Toyota Fielder EX 2021,Toyota,Fielder,Automatic,"Hybrid, Octane","Tk 2,400,000",2021,"1,500 cc","36,589 km",5
Toyota Fielder Non HybridEX-4-AP 2020,Toyota,Fielder,Automatic,"Petrol, Octane","Tk 2,800,000",2020,"1,500 cc","75,000 km",6
Toyota Hiace SUPER GL ARO KT 2D P 2022,Toyota,Hiace,Automatic,"Petrol, Octane","Tk 4,700,000",2022,"2,000 cc","73,215 km",4
Toyota Aqua S HYBRID SCHOOL CAR 2020,Toyota,Aqua,Automatic,"Petrol, Hybrid, Octane","Tk 1,950,000",2020,"1,500 cc","87,419 km",6
Toyota Fielder Ex Metallic Blue 2020,Toyota,Fielder,Automatic,"Petrol, Hybrid, Octane","Tk 2,300,000",2020,"1,500 cc","83,000 km",6
Toyota Hiace SUPER-GL DPS 2DP P-4 2021,Toyota,Hiace,Automatic,"Petrol, Octane","Tk 4,500,000",2021,"2,000 cc","117,086 km",5
Toyota Premio F-L 2020,Toyota,Premio,Automatic,Octane,"Tk 4,600,000",2020,"1,500 cc","30,000 km",6
Toyota Noah Non Hybrid 8 Seat 2021,Toyota,Noah,Automatic,"Petrol, Octane","Tk 3,680,000",2021,"2,000 cc","94,000 km",5
Toyota Esquire Gi Premium 4.5 Grade 2020,Toyota,Esquire,Automatic,"Petrol, Hybrid, Octane","Tk 3,890,000",2020,"1,800 cc","128,000 km",6
Toyota C-HR G-LED HY NEW SHAPE 2020,Toyota,C-HR,Automatic,"Petrol, Hybrid, Octane","Tk 3,600,000",2020,"1,800 cc","69,812 km",6
Toyota Noah G Push 2 Door Power 2020,Toyota,Noah,Automatic,"Petrol, Hybrid, Octane","Tk 3,150,000",2020,"1,800 cc","105,000 km",6
Nissan X-Trail Non Hybrid 7 Seat 2020,Nissan,X-Trail,Automatic,"Petrol, Octane","Tk 4,900,000",2020,"2,000 cc","28,000 km",6
Honda CR-V EX MASTERPIES 2019,Honda,CR-V,Automatic,Octane,"Tk 5,800,000",2019,"1,500 cc","48,513 km",7
Toyota Hiace Super GL Projection 2020,Toyota,Hiace,Automatic,"Petrol, Octane","Tk 3,900,000",2020,"2,000 cc","41,000 km",6
Toyota Corolla Cross Z-L MOON ROOF 360CAM 2022,Toyota,Corolla Cross,Automatic,"Petrol, Hybrid, Octane","Tk 5,100,000",2022,"1,800 cc","35,014 km",4
Toyota Aqua S-STYEL HYBRID PUSH 2020,Toyota,Aqua,Automatic,"Petrol, Hybrid, Octane","Tk 1,950,000",2020,"1,500 cc","63,925 km",6
Toyota Noah S-Z 2025,Toyota,Noah,Automatic,"Hybrid, Octane","Tk 5,500,000",2025,"1,800 cc","2,732 km",1
Toyota Aqua S-Style Hybrid GP-4 2020,Toyota,Aqua,Automatic,"Petrol, Hybrid, Octane","Tk 2,190,000",2020,"1,500 cc","93,218 km",6
Toyota Esquire GI HYBRI PUSH 1DR PW 2020,Toyota,Esquire,Automatic,"Petrol, Hybrid, Octane","Tk 3,500,000",2020,"1,800 cc","65,845 km",6
Toyota Corolla Cross Z-LEATHER HY HARD TP 2022,Toyota,Corolla Cross,Automatic,"Petrol, Hybrid, Octane","Tk 4,650,000",2022,"1,800 cc","68,750 km",4
Toyota Axio EX HYBRID PUSH GP-4 2021,Toyota,Axio,Automatic,"Petrol, Hybrid, Octane","Tk 2,800,000",2021,"1,500 cc","53,303 km",5
Toyota Corolla WXB HY FULL LOADED 2021,Toyota,Corolla,Automatic,"Petrol, Hybrid, Octane","Tk 3,300,000",2021,"1,800 cc","45,870 km",5
Toyota Axio EX NON HYBRID PUSH 2020,Toyota,Axio,Automatic,"Petrol, Octane","Tk 2,650,000",2020,"1,500 cc","87,540 km",6
Toyota Noah SZ HB LEG REST 4.5PT 2023,Toyota,Noah,Automatic,Hybrid,"Tk 5,400,000",2023,"1,800 cc","29,000 km",3
Honda CR-V EX Masterpiece 2020,Honda,CR-V,Automatic,Octane,"Tk 5,700,000",2020,"1,500 cc","52,000 km",6
Toyota Hiace GL SILVER 2020,Toyota,Hiace,Automatic,Octane,"Tk 3,200,000",2020,"2,000 cc","68,503 km",6
Toyota Esquire GI HYBRID 2021,Toyota,Esquire,Automatic,"Hybrid, Octane","Tk 3,430,000",2021,"1,800 cc","45,231 km",5
Toyota Noah SI WXB NON HYBRID 2020,Toyota,Noah,Automatic,"Petrol, Octane","Tk 3,800,000",2020,"2,000 cc","45,239 km",6
Toyota Yaris Cross HYBRID G WINE3T3 2021,Toyota,Yaris Cross,Automatic,"Petrol, Hybrid, Octane","Tk 3,550,000",2021,"1,500 cc","45,023 km",5
Toyota Corolla Cross Z LEATHER PANORAMIC 2021,Toyota,Corolla Cross,Automatic,Hybrid,"Tk 4,490,000",2021,"1,800 cc","23,198 km",5
Toyota Fielder PUSH EX NON HYBRID 2020,Toyota,Fielder,Automatic,Octane,"Tk 2,650,000",2020,"1,500 cc","125,399 km",6
Toyota Hiace PUSH SUPER GL 2020,Toyota,Hiace,Automatic,Octane,"Tk 4,300,000",2020,"2,000 cc","75,278 km",6
Honda Insight EX PUSH START HYBRID 2021,Honda,Insight,Automatic,Hybrid,"Tk 3,700,000",2021,"1,500 cc","123,555 km",5
Toyota Harrier PREMIUM ADVANCED PKG 2015,Toyota,Harrier,Automatic,Hybrid,"Tk 4,600,000",2015,"2,500 cc","60,763 km",11
Toyota Prado tx-l ready showroom 2022,Toyota,Prado,Automatic,"Petrol, Octane","Tk 17,800,000",2022,"2,700 cc","36,141 km",4
Honda Insight EX-PKG-HV 2019,Honda,Insight,Automatic,Hybrid,"Tk 36,800,000",2019,"1,500 cc","63,477 km",7
Toyota Esquire GI-PREMIUM-HV 2020,Toyota,Esquire,Automatic,Hybrid,"Tk 3,900,000",2020,"1,800 cc","77,987 km",6
Toyota Esquire GI PREMIUM HV-UNIT 2020,Toyota,Esquire,Automatic,Hybrid,"Tk 3,900,000",2020,"1,800 cc","77,933 km",6
Toyota Esquire GI PREMIUM HYBRID 2020,Toyota,Esquire,Automatic,Hybrid,"Tk 3,700,000",2020,"1,800 cc","97,653 km",6
Toyota C-HR G LED PKG 2019,Toyota,C-HR,Automatic,Hybrid,"Tk 3,380,000",2019,"1,800 cc","31,300 km",7
Honda Insight EX BLACK STYLE HV 2020,Honda,Insight,Automatic,Hybrid,"Tk 3,850,000",2020,"1,500 cc","95,003 km",6
Toyota Esquire GI PREMIUM HYBRID 2020,Toyota,Esquire,Automatic,Hybrid,"Tk 3,700,000",2020,"1,800 cc","63,762 km",6
Toyota Esquire GI PREMIUM-HYBRID 2020,Toyota,Esquire,Automatic,Hybrid,"Tk 3,800,000",2020,"1,800 cc","97,444 km",6
Toyota Corolla Cross Z-Moonroof  360Cam 2021,Toyota,Corolla Cross,Automatic,"Hybrid, Octane","Tk 4,550,000",2021,"1,800 cc","37,000 km",5
Toyota Fielder EX-PACKAGE 2020,Toyota,Fielder,Automatic,Hybrid,"Tk 2,400,000",2020,"1,500 cc","88,333 km",6
Toyota Esquire HV GI PREMIUM PUSH 2020,Toyota,Esquire,Automatic,Hybrid,"Tk 3,700,000",2020,"1,800 cc","63,199 km",6
Toyota Axio NON HYBRID EX PUSH 2020,Toyota,Axio,Automatic,Octane,"Tk 2,600,000",2020,"1,500 cc","200,512 km",6
Toyota Axio EX PUSH HYBRID 2020,Toyota,Axio,Automatic,Hybrid,"Tk 2,300,000",2020,"1,500 cc","114,321 km",6
Toyota C-HR G-LED HY NEW SHAPE 2020,Toyota,C-HR,Automatic,"Petrol, Hybrid, Octane","Tk 3,650,000",2020,"1,800 cc","57,718 km",6
Toyota Axio Ex Push ALLOY RIM 2020,Toyota,Axio,Automatic,"Petrol, Hybrid, Octane","Tk 2,450,000",2020,"1,500 cc","77,902 km",6
Toyota Esquire 2020,Toyota,Esquire,Automatic,"Hybrid, Octane","Tk 3,900,000",2020,"1,800 cc","25,800 km",6
Nissan X-Trail 20XI EBPHYBRID 2020,Nissan,X-Trail,Automatic,"Petrol, Hybrid, Octane","Tk 4,000,000",2020,"2,000 cc","76,985 km",6
Toyota Premio F-KEY START GP-4 2020,Toyota,Premio,Automatic,"Petrol, Hybrid, Octane","Tk 3,850,000",2020,"1,500 cc","94,561 km",6
Honda Insight EX HYBRID PUSH G-4.5 2020,Honda,Insight,Automatic,"Petrol, Hybrid, Octane","Tk 4,100,000",2020,"1,500 cc","45,271 km",6
Toyota Fielder Ex Non-HVPUSH START 2020,Toyota,Fielder,Automatic,"Petrol, Octane","Tk 2,700,000",2020,"1,500 cc","62,000 km",6
Toyota Esquire Gi 2 Door Power 2020,Toyota,Esquire,Automatic,"Petrol, Hybrid, Octane","Tk 3,600,000",2020,"1,800 cc","36,500 km",6
Honda Accord Octane 2020,Honda,Accord,Automatic,Octane,"Tk 5,450,000",2020,"1,500 cc","28,000 km",6
Kia Seltos Octane 2019,Kia,Seltos,Automatic,Octane,"Tk 2,790,000",2019,"1,600 cc","82,000 km",7
Haval H2 Octane 2020,Haval,H2,Automatic,Octane,"Tk 2,450,000",2020,"1,500 cc","18,000 km",6
Honda City Octane 2021,Honda,City,Automatic,Octane,"Tk 2,490,000",2021,"1,500 cc","13,000 km",5
Toyota Yaris Hybrid 2020,Toyota,Yaris,Automatic,"Petrol, Hybrid, Octane","Tk 3,500,000",2020,"1,500 cc","4,510 km",6
Honda City 2021,Honda,City,Automatic,Octane,"Tk 2,430,000",2021,"1,500 cc","13,000 km",5
Toyota Yaris Cross Z-HYBRID 2021,Toyota,Yaris Cross,Automatic,"Petrol, Hybrid, Octane","Tk 3,600,000",2021,"1,500 cc","44,001 km",5
Toyota Corolla Cross Z-HYBRID 2022,Toyota,Corolla Cross,Automatic,"Petrol, Hybrid, Octane","Tk 4,800,000",2022,"1,800 cc","26,700 km",4
Toyota Noah NON HYBRID X PKG... 2021,Toyota,Noah,Automatic,"Petrol, Octane","Tk 3,850,000",2021,"2,000 cc","57,908 km",5
Toyota Harrier NON HYBRID 2022,Toyota,Harrier,Automatic,"Petrol, Octane","Tk 8,200,000",2022,"2,000 cc","54,013 km",4
Lexus RX 500h F SPORTS 2023,Lexus,RX,Automatic,"Petrol, Hybrid, Octane","Tk 20,500,000",2023,"2,400 cc","11,458 km",3
Toyota Prius A Premium TURING 2021,Toyota,Prius,Automatic,Hybrid,"Tk 3,800,000",2021,"1,800 cc","42,700 km",5
Toyota Hiace SUPER-GL DARK PRIME2 2022,Toyota,Hiace,Automatic,Octane,"Tk 4,750,000",2022,"2,000 cc","57,000 km",4
Toyota Noah Sz Hybrid Brand New 2025,Toyota,Noah,Automatic,"Hybrid, Octane","Tk 6,000,000",2025,"1,800 cc","2,732 km",1
Toyota Hiace Super-GL Key start 2020,Toyota,Hiace,Automatic,"Petrol, Octane","Tk 4,100,000",2020,"2,000 cc","70,000 km",6
Toyota Noah S-Z Hybrid Pearl 2022,Toyota,Noah,Automatic,"Hybrid, Octane","Tk 5,000,000",2022,"1,800 cc","52,000 km",4
Toyota Noah Sz Hybrid Full Load 2022,Toyota,Noah,Automatic,"Hybrid, Octane","Tk 4,600,000",2022,"1,800 cc","88,000 km",4
Toyota Hiace Super-GL 2 door pwr 2020,Toyota,Hiace,Automatic,"Petrol, Octane","Tk 4,400,000",2020,"2,000 cc","84,000 km",6
Toyota RAV4 G-PKGMODILISTA G-3.5 2020,Toyota,RAV4,Automatic,Hybrid,"Tk 6,600,000",2020,"2,500 cc","150,000 km",6
Toyota Hiace SUPER-GL DARK PRIME2 2020,Toyota,Hiace,Automatic,Octane,"Tk 4,680,000",2020,"2,000 cc","86,000 km",6
Toyota Prius S pkg 2020,Toyota,Prius,Automatic,"Hybrid, Octane","Tk 3,150,000",2020,"1,800 cc","51,000 km",6
Toyota Premio FL PACKAGE 4.5 GRADE 2020,Toyota,Premio,Automatic,"Petrol, Octane","Tk 4,450,000",2020,"1,490 cc","37,306 km",6
Toyota Prius S SAFETY PLUS 2021,Toyota,Prius,Automatic,Hybrid,"Tk 3,600,000",2021,"1,800 cc","74,000 km",5
Toyota Noah X-NON HYBRID BLACK 2021,Toyota,Noah,Automatic,Octane,"Tk 3,730,000",2021,"2,000 cc","106,000 km",5
Toyota Fielder Ex Hybrid White 2020,Toyota,Fielder,Automatic,Hybrid,"Tk 2,350,000",2020,"1,500 cc","60,125 km",6
Toyota Voxy ZS Kirameki 2 2020,Toyota,Voxy,Automatic,Hybrid,"Tk 3,450,000",2020,"1,800 cc","38,700 km",6
Toyota Hiace DX-ROOF AMBULANCE 2020,Toyota,Hiace,Automatic,Octane,"Tk 3,150,000",2020,"2,000 cc","60,000 km",6
Toyota Yaris Cross Z-Leather 2021,Toyota,Yaris Cross,Automatic,Hybrid,"Tk 3,700,000",2021,"1,500 cc","23,000 km",5
Toyota Axio EX 2020,Toyota,Axio,Automatic,"Petrol, Octane","Tk 3,140,000",2020,"1,500 cc","19,500 km",6
Toyota Axio Ex 2020,Toyota,Axio,Automatic,Hybrid,"Tk 2,400,000",2020,"1,500 cc","33,000 km",6
Toyota Corolla Cross Z PACKAGE 2021,Toyota,Corolla Cross,Automatic,"Hybrid, Octane","Tk 4,550,000",2021,"1,790 cc","34,832 km",5
Toyota Harrier Progress PKG 2020,Toyota,Harrier,Automatic,Octane,"Tk 7,650,000",2020,"1,980 cc","29,671 km",6
Toyota Corolla Cross Z PKG PENOROMIC 2022,Toyota,Corolla Cross,Automatic,Hybrid,"Tk 4,850,000",2022,"1,800 cc","22,000 km",4
Toyota Hiace GL SINGLE AC 73000KM 2021,Toyota,Hiace,Automatic,Octane,"Tk 3,300,000",2021,"2,000 cc","73,000 km",5
Toyota Axio EX PKG HYB 4 POINT 2020,Toyota,Axio,Automatic,Hybrid,"Tk 2,300,000",2020,"1,500 cc","127,000 km",6
Toyota Hiace GL SINGLE AC 74000KM 2021,Toyota,Hiace,Automatic,Octane,"Tk 3,300,003",2021,"1,990 cc","74,000 km",5
Toyota Corolla Cross Z Pearl Hardtop 2021,Toyota,Corolla Cross,Automatic,Hybrid,"Tk 4,570,000",2021,"1,800 cc","69,000 km",5
Toyota Noah S-Z HYB FOOT REST 2023,Toyota,Noah,Automatic,Hybrid,"Tk 5,300,000",2023,"1,800 cc","25,000 km",3
Toyota Aqua RS PKG 2016,Toyota,Aqua,Automatic,"Hybrid, Octane","Tk 1,860,000",2016,"1,500 cc","67,519 km",10
Toyota Aqua G edition 2016,Toyota,Aqua,Automatic,"Hybrid, Octane","Tk 1,570,000",2016,"1,500 cc","44,000 km",10
Toyota Yaris Octne Drive 2009,Toyota,Yaris,Automatic,Octane,"Tk 990,000",2009,"1,300 cc","72,000 km",17
Toyota Yaris Cross HYBRID-Z PKG-360 2021,Toyota,Yaris Cross,Automatic,"Petrol, Hybrid, Octane","Tk 3,500,000",2021,"1,500 cc","58,748 km",5
Mazda 3 Sedan S TOURING 3.5POINT 2020,Mazda,3 Sedan,Automatic,Octane,"Tk 3,620,000",2020,"1,500 cc","41,000 km",6
Toyota Harrier Z Leather PKG 2020,Toyota,Harrier,Automatic,Octane,"Tk 8,350,000",2020,"1,980 cc","28,800 km",6
Toyota Corolla Cross Z HARDTOP 36000KM 2022,Toyota,Corolla Cross,Automatic,"Hybrid, Octane","Tk 4,455,000",2022,"1,800 cc","36,000 km",4
Toyota Allion A15 PKG 2019,Toyota,Allion,Automatic,Octane,"Tk 3,800,000",2019,"1,490 cc","71,400 km",7
Toyota Hiace DX SINGLE AC 2021,Toyota,Hiace,Automatic,"Hybrid, Octane","Tk 3,520,000",2021,"2,000 cc","134,000 km",5
Toyota Allion G 2020,Toyota,Allion,Automatic,Octane,"Tk 4,300,000",2020,"1,490 cc","53,100 km",6
Toyota Allion G 2020,Toyota,Allion,Automatic,Octane,"Tk 4,300,000",2020,"1,490 cc","68,000 km",6
Toyota Noah S-Z HYB 4.5 POINT 2023,Toyota,Noah,Automatic,Hybrid,"Tk 5,500,000",2023,"1,800 cc","30,000 km",3
Toyota Allion G-Plus 2020,Toyota,Allion,Automatic,Octane,"Tk 4,550,000",2020,"1,490 cc","33,300 km",6
Toyota Hiace Ambulance 2020,Toyota,Hiace,Automatic,Octane,"Tk 4,050,000",2020,"1,990 cc","46,000 km",6
Toyota Noah SI NON HYB 4 POINT 2020,Toyota,Noah,Automatic,Octane,"Tk 4,450,000",2020,"2,000 cc","55,000 km",6
Toyota Allion A15 2020,Toyota,Allion,Automatic,Octane,"Tk 4,075,000",2020,"1,490 cc","51,000 km",6
Toyota Corolla Cross Z PKG FULL LOAD 2024,Toyota,Corolla Cross,Automatic,Hybrid,"Tk 5,200,000",2024,"1,800 cc","9,000 km",2
Toyota Fielder EX HYB PUSH 3.5POINT 2020,Toyota,Fielder,Automatic,"Hybrid, Octane","Tk 2,270,000",2020,"1,500 cc","96,000 km",6
Toyota Prius A PREMIUM 59000KM 2020,Toyota,Prius,Automatic,"Hybrid, Octane","Tk 3,370,000",2020,"1,800 cc","59,000 km",6
Toyota Corolla Cross Z HYBRID 4.5POINT 2022,Toyota,Corolla Cross,Automatic,"Hybrid, Octane","Tk 4,780,000",2022,"1,800 cc","46,000 km",4
Toyota C-HR G 2020,Toyota,C-HR,Automatic,"Hybrid, Octane","Tk 3,750,000",2020,"1,790 cc","49,800 km",6
Toyota Hiace DX DUAL AC 5 DOOR 2020,Toyota,Hiace,Automatic,Octane,"Tk 3,630,000",2020,"2,000 cc","99,000 km",6
Toyota Hiace Super GL 2020,Toyota,Hiace,Automatic,Octane,"Tk 4,750,000",2020,"1,990 cc","65,927 km",6
Toyota Noah SG HYB 360 CAMERA 2022,Toyota,Noah,Automatic,Hybrid,"Tk 4,670,000",2022,"1,800 cc","35,000 km",4
Toyota Axio EX PKG NON HYB 2020,Toyota,Axio,Automatic,Octane,"Tk 2,700,000",2020,"1,500 cc","140,000 km",6
Toyota Corolla Cross Z - 2023,Toyota,Corolla Cross,Automatic,"Hybrid, Octane","Tk 4,950,000",2023,"1,800 cc","36,900 km",3
Toyota Corolla Cross Z PKG HARDTOP 5POINT 2022,Toyota,Corolla Cross,Automatic,Hybrid,"Tk 4,680,000",2022,"1,800 cc","28,000 km",4
Toyota Corolla Cross Z - 2022,Toyota,Corolla Cross,Automatic,"Hybrid, Octane","Tk 4,900,000",2022,"1,790 cc","37,000 km",4
Toyota Allion A15 2019,Toyota,Allion,Automatic,Octane,"Tk 3,900,000",2019,"1,490 cc","96,100 km",7
Toyota Axio G-Push Start 2014,Toyota,Axio,Automatic,"Hybrid, Octane","Tk 1,640,000",2014,"1,500 cc","61,312 km",12
Toyota Allion A15 PKG KEY START 2020,Toyota,Allion,Automatic,Octane,"Tk 3,700,000",2020,"1,500 cc","60,000 km",6
Toyota Prius S PUSH 4POINT 2020,Toyota,Prius,Automatic,"Hybrid, Octane","Tk 2,899,999",2020,"1,800 cc","105,000 km",6
Honda Vezel Push Start 2014,Honda,Vezel,Automatic,Octane,"Tk 2,000,000",2014,"1,500 cc","55,707 km",12
Toyota Aqua S STYLE PKG 2020,Toyota,Aqua,Automatic,Hybrid,"Tk 1,950,000",2020,"1,500 cc","110,000 km",6
Toyota Allion A15 PKG 2020,Toyota,Allion,Automatic,Octane,"Tk 3,730,000",2020,"1,500 cc","96,000 km",6
Toyota Corolla Cross Z LEATHER 5POINT 2024,Toyota,Corolla Cross,Automatic,"Hybrid, Octane","Tk 5,550,000",2024,"1,800 cc",450 km,2
Toyota Yaris Cross X PKG 4 POINT 2022,Toyota,Yaris Cross,Automatic,Hybrid,"Tk 3,400,000",2022,"1,500 cc","79,000 km",4
Toyota Land Cruiser Prado 2005,Toyota,Land Cruiser,Automatic,Octane,"Tk 3,350,000",2005,"2,700 cc","72,314 km",21
Toyota Corolla Cross Z 4WD MOONROOF 2023,Toyota,Corolla Cross,Automatic,"Hybrid, Octane","Tk 4,800,000",2023,"1,800 cc","28,000 km",3
Toyota Noah S-Z PACKAGE HYB 4.5 2022,Toyota,Noah,Automatic,Hybrid,"Tk 5,050,000",2022,"1,800 cc","54,000 km",4
Toyota Corolla Cross Z Black Hardtop 2022,Toyota,Corolla Cross,Automatic,Hybrid,"Tk 4,570,000",2022,"1,800 cc","50,500 km",4
Toyota Hiace SUPER GL DARK PRIME 2023,Toyota,Hiace,Automatic,Petrol,"Tk 4,790,000",2023,"2,000 cc","33,200 km",3
Toyota C-HR G Led Pearl Color 2020,Toyota,C-HR,Automatic,Hybrid,"Tk 3,580,000",2020,"1,800 cc","66,000 km",6
Toyota Premio F-EX RED WINE 2020,Toyota,Premio,Automatic,Petrol,"Tk 4,640,000",2020,"1,500 cc","30,000 km",6
Toyota Voxy Hybrid SZ 5 Point 2022,Toyota,Voxy,Automatic,Hybrid,"Tk 5,590,000",2022,"1,800 cc","19,700 km",4
Toyota Esquire Gi Hybrid 2020,Toyota,Esquire,Automatic,"Petrol, Hybrid, Octane","Tk 3,450,000",2020,"1,800 cc","76,217 km",6
Mitsubishi l200 Double Cabin Pickup 2005,Mitsubishi,l200,Manual,Diesel,"Tk 850,000",2005,"2,500 cc","99,998 km",21
Toyota Fielder Axio Limited 2010,Toyota,Fielder,Automatic,"Octane, LPG","Tk 1,540,000",2010,"1,500 cc","73,100 km",16
Toyota Fielder 2014,Toyota,Fielder,Automatic,Octane,"Tk 1,845,000",2019,"1,500 cc","72,143 km",7
Toyota Noah WXB 2018,Toyota,Noah,Automatic,"Hybrid, Octane","Tk 3,050,000",2018,"1,800 cc","64,251 km",8
Toyota Premio F-Ex Cash Price 2020,Toyota,Premio,Automatic,"Petrol, Octane","Tk 4,750,000",2020,"1,500 cc","32,000 km",6
Toyota Sienta X KEY Nonhybrid 1DP 2020,Toyota,Sienta,Automatic,"Petrol, Octane","Tk 2,800,000",2020,"1,500 cc","63,000 km",6
Toyota Allion 2008,Toyota,Allion,Automatic,"CNG, Octane","Tk 1,899,000",2012,"1,500 cc","84,508 km",14
Toyota Allion 2012,Toyota,Allion,Automatic,Octane,"Tk 2,395,000",2017,"1,500 cc","72,266 km",9
Mitsubishi Outlandar Sunroof 2021,Mitsubishi,Outlandar,Automatic,Octane,"Tk 4,650,000",2021,"2,000 cc","60,167 km",5
Mitsubishi Outlandar Sunroof 2015,Mitsubishi,Outlandar,Automatic,Octane,"Tk 3,250,000",2015,"2,000 cc","51,263 km",11
Toyota Land Cruiser Prado TX 2015,Toyota,Land Cruiser,Automatic,Octane,"Tk 9,200,000",2015,"2,700 cc","69,585 km",11
Toyota Crown G ADVANCE CROSSOVER 2022,Toyota,Crown,Automatic,"Petrol, Hybrid, Octane","Tk 10,500,000",2022,"2,500 cc","21,000 km",4
Toyota Corolla Cross Z PKG HYB 2023,Toyota,Corolla Cross,Automatic,Hybrid,"Tk 4,750,000",2023,"1,800 cc","28,000 km",3
Toyota Premio F Ex Package 2013,Toyota,Premio,Automatic,Octane,"Tk 2,520,000",2013,"1,500 cc","68,000 km",13
Toyota Sienta 7 SEATER-FAMILY USED 2005,Toyota,Sienta,Automatic,Octane,"Tk 1,070,000",2005,"1,500 cc","75,000 km",21
Toyota Axio EX PKG WHITE OCTANE 2020,Toyota,Axio,Automatic,Octane,"Tk 2,880,000",2020,"1,500 cc","31,045 km",6
Toyota Axio HYBRID EX PKG PUSH. 2020,Toyota,Axio,Automatic,Hybrid,"Tk 2,390,000",2020,"1,500 cc","104,198 km",6
Toyota Hiace DARK PRIME BLACK 2023,Toyota,Hiace,Automatic,Petrol,"Tk 4,870,000",2023,"2,000 cc","74,000 km",3
Toyota Fielder EX PKG 4.0 WHITE 2020,Toyota,Fielder,Automatic,"Hybrid, Octane","Tk 2,670,000",2020,"1,500 cc","79,780 km",6
Toyota Corolla Cross Z PACKAGE Hardtop 2023,Toyota,Corolla Cross,Automatic,Hybrid,"Tk 4,550,000",2023,"1,800 cc","49,000 km",3
Toyota C-HR G LED 4.5 Fixed Pric 2020,Toyota,C-HR,Automatic,"Petrol, Hybrid, Octane","Tk 3,599,999",2020,"1,800 cc","35,000 km",6
Toyota Axio EX PUSH HYBRID 2020,Toyota,Axio,Automatic,Hybrid,"Tk 2,380,000",2020,"1,500 cc","90,000 km",6
Toyota Axio Hybrid 2014,Toyota,Axio,Automatic,"Hybrid, Octane","Tk 1,450,000",2014,"1,500 cc","94,000 km",12
Hyundai Tucson Octane 2021,Hyundai,Tucson,Automatic,Octane,"Tk 3,950,000",2021,"1,600 cc","57,000 km",5
Nissan X-Trail Sunroof 2011,Nissan,X-Trail,Automatic,Octane,"Tk 2,150,000",2011,"2,000 cc","67,241 km",15
Toyota Axio HybridPush Start 2014,Toyota,Axio,Automatic,"Hybrid, Octane","Tk 1,550,000",2014,"1,500 cc","66,565 km",12
Toyota Noah X PACKAGE NON-HY 2020,Toyota,Noah,Automatic,"Petrol, Octane","Tk 3,280,000",2020,"2,000 cc","56,821 km",6
Honda Grace EX PACKAGE 2020,Honda,Grace,Automatic,Hybrid,"Tk 2,760,000",2020,"1,500 cc","62,354 km",6
Toyota Fielder EX 2020,Toyota,Fielder,Automatic,Hybrid,"Tk 2,250,000",2020,"1,500 cc","42,000 km",6
Toyota Hiace SUPER GL GRAY 2020,Toyota,Hiace,Automatic,"Petrol, Octane","Tk 4,030,000",2020,"2,000 cc","65,803 km",6
Toyota Premio FEX PACKAGE 2021,Toyota,Premio,Automatic,"Petrol, Octane","Tk 4,530,000",2021,"1,500 cc","44,003 km",5
Toyota Hiace DX PACKAGE AMBULANCE 2020,Toyota,Hiace,Automatic,"Petrol, Octane","Tk 2,470,000",2020,"2,000 cc","74,586 km",6
Toyota Fielder EX PACKAGE HYBRID 2020,Toyota,Fielder,Automatic,"Hybrid, Octane","Tk 2,260,000",2020,"1,500 cc","74,582 km",6
Toyota Voxy S-Z PACKAGE 2022,Toyota,Voxy,Automatic,Hybrid,"Tk 4,290,000",2022,"1,800 cc","28,993 km",4
Toyota Noah X Pearl Hybrid 2020,Toyota,Noah,Automatic,"Hybrid, Octane","Tk 2,950,000",2020,"1,800 cc","78,445 km",6
Toyota Noah X Hybrid 2020,Toyota,Noah,Automatic,"Hybrid, Octane","Tk 2,900,000",2020,"1,800 cc","70,563 km",6
Toyota Axio EX HYBRID SILVER 2020,Toyota,Axio,Automatic,Hybrid,"Tk 2,150,000",2020,"1,500 cc","27,210 km",6
Toyota Aqua L PACKAGE 2020,Toyota,Aqua,Automatic,Hybrid,"Tk 1,700,000",2020,"1,500 cc","54,000 km",6
Toyota Premio F 2005,Toyota,Premio,Automatic,"CNG, Octane","Tk 1,550,000",2005,"1,500 cc","950,000 km",21
Toyota Axio NON HYBRID EX WHITE 2020,Toyota,Axio,Automatic,"Petrol, Octane","Tk 2,800,000",2020,"1,500 cc","44,234 km",6
Toyota Premio FEX Package 2016,Toyota,Premio,Automatic,Octane,"Tk 2,830,000",2016,"1,500 cc","62,415 km",10
Toyota Voxy Hybrid X 2020,Toyota,Voxy,Automatic,Hybrid,"Tk 2,950,000",2020,"1,800 cc","69,894 km",6
Toyota Corolla Cross Hybrid S 2020,Toyota,Corolla Cross,Automatic,Hybrid,"Tk 3,850,000",2020,"1,800 cc","75,274 km",6
Toyota Voxy HYBRID 2020,Toyota,Voxy,Automatic,Hybrid,"Tk 2,800,000",2020,"1,800 cc","75,614 km",6
Toyota Noah Hybrid X 2020,Toyota,Noah,Automatic,Hybrid,"Tk 2,950,000",2020,"1,800 cc","77,544 km",6
Toyota Noah Hybrid SI WXB 2020,Toyota,Noah,Automatic,Hybrid,"Tk 3,450,000",2020,"1,800 cc","78,748 km",6
Toyota Noah HYBRID 2020,Toyota,Noah,Automatic,Hybrid,"Tk 2,900,000",2020,"1,800 cc","65,421 km",6
Toyota Noah hybrid 2021,Toyota,Noah,Automatic,"Petrol, Hybrid, Octane","Tk 3,100,000",2021,"1,800 cc","56,847 km",5
Toyota Axio Hybrid EX 2020,Toyota,Axio,Automatic,"Petrol, Hybrid, Octane","Tk 2,250,000",2020,"1,500 cc","80,500 km",6
Toyota Axio EX 2021,Toyota,Axio,Automatic,"Hybrid, Octane","Tk 2,600,000",2021,"1,500 cc","77,650 km",5
Toyota Prado NON HYBRID TX 2021,Toyota,Prado,Automatic,Petrol,"Tk 12,500,000",2021,"2,700 cc","35,000 km",5
Toyota Voxy ZS KIRAMIKE MICABLUE 2021,Toyota,Voxy,Automatic,Hybrid,"Tk 3,980,000",2021,"1,800 cc","37,000 km",5
Toyota Esquire GI PREMIUM PURPLE 2020,Toyota,Esquire,Automatic,"Petrol, Hybrid, Octane","Tk 3,800,000",2020,"1,800 cc","64,000 km",6
Toyota Voxy SZ PKG FULL LOADED 2022,Toyota,Voxy,Automatic,Hybrid,"Tk 5,200,000",2022,"1,800 cc","69,000 km",4
Toyota Noah SI-WXB PEARL HYBRID 2020,Toyota,Noah,Automatic,"Petrol, Hybrid, Octane","Tk 4,300,000",2020,"1,800 cc","95,695 km",6
Toyota Esquire HYBRID WINE PURPLE 2020,Toyota,Esquire,Automatic,Hybrid,"Tk 3,500,000",2020,"1,800 cc","109,200 km",6
Toyota Axio Ex Push StartGP-4 2020,Toyota,Axio,Automatic,"Petrol, Hybrid, Octane","Tk 2,300,000",2020,"1,500 cc","64,685 km",6
Toyota Axio EX PKG WHITE HYBRID 2021,Toyota,Axio,Automatic,Hybrid,"Tk 2,700,000",2021,"1,500 cc","62,900 km",5
Toyota Allion A15 Key 4.5 Grade 2020,Toyota,Allion,Automatic,"Petrol, Octane","Tk 3,980,000",2020,"1,500 cc","13,570 km",6
Toyota Hiace S-GL-Dark Prime-PKG 2020,Toyota,Hiace,Automatic,Octane,"Tk 4,750,000",2020,"1,990 cc","65,947 km",6
Toyota Premio FEX 2021,Toyota,Premio,Automatic,Octane,"Tk 4,900,000",2021,"1,500 cc","25,000 km",5
Toyota Axio EX-PKG 2020,Toyota,Axio,Automatic,Octane,"Tk 3,175,000",2020,"1,490 cc","11,933 km",6
Toyota Prius S PUSH 4POINT 2020,Toyota,Prius,Automatic,"Hybrid, Octane","Tk 3,030,000",2020,"1,800 cc","66,000 km",6
Toyota Hiace Ambulance 2020,Toyota,Hiace,Automatic,Octane,"Tk 4,050,000",2020,"1,990 cc","45,952 km",6
Toyota Sienta G 2020,Toyota,Sienta,Automatic,"Hybrid, Octane","Tk 3,300,000",2020,"1,490 cc","65,200 km",6
Honda Insight EX PRIME STYLE 2020,Honda,Insight,Automatic,"Hybrid, Octane","Tk 4,239,999",2020,"1,500 cc","35,000 km",6
Honda Civic EX LEATHER 4POINT 2020,Honda,Civic,Automatic,Octane,"Tk 4,080,000",2020,"1,500 cc","69,000 km",6
Toyota Voxy SZ HYB WITH LEG REST 2022,Toyota,Voxy,Automatic,Hybrid,"Tk 5,050,000",2022,"1,800 cc","41,000 km",4
Toyota Harrier Z LEATHER HYBRID 2020,Toyota,Harrier,Automatic,"Hybrid, Octane","Tk 7,150,000",2020,"2,500 cc","27,000 km",6
Toyota Hiace DX SINGLE AC 2020,Toyota,Hiace,Automatic,Octane,"Tk 3,200,000",2020,"2,000 cc","118,000 km",6
Toyota Hiace SUPER GL DARK PRIME 2021,Toyota,Hiace,Automatic,Octane,"Tk 4,600,000",2021,"2,000 cc","89,000 km",5
Toyota Prius HYBRID 2023,Toyota,Prius,Automatic,Hybrid,"Tk 4,100,000",2023,"1,800 cc","25,468 km",3
Toyota Esquire XI NON-HYBRID 2020,Toyota,Esquire,Automatic,"Petrol, Octane","Tk 3,380,000",2020,"2,000 cc","87,459 km",6
Toyota Hiace GL White 2020,Toyota,Hiace,Automatic,Octane,"Tk 3,250,000",2020,"2,000 cc","70,852 km",6
Toyota Axio EX PUSH START OCTANE 2020,Toyota,Axio,Automatic,Octane,"Tk 2,830,000",2020,"1,500 cc","79,000 km",6
Toyota Axio G-Push Start 2012,Toyota,Axio,Automatic,Octane,"Tk 1,795,000",2012,"1,500 cc","50,348 km",14
Toyota Esquire Hybrid 2020,Toyota,Esquire,Automatic,"Hybrid, Octane","Tk 3,450,000",2020,"1,800 cc","80,852 km",6
Toyota Esquire Non Hybrid 2020,Toyota,Esquire,Automatic,Octane,"Tk 3,820,000",2020,"2,000 cc","102,000 km",6
Toyota Premio Non Hybrid 2020,Toyota,Premio,Automatic,Octane,"Tk 4,020,000",2020,"1,500 cc","63,250 km",6
Toyota Voxy Zs KiramiKe Wine Red 2020,Toyota,Voxy,Automatic,"Petrol, Hybrid, Octane","Tk 3,250,000",2020,"1,800 cc","99,000 km",6
Toyota Esquire Gi Premium Hv 2020,Toyota,Esquire,Automatic,"Petrol, Hybrid, Octane","Tk 3,750,000",2020,"1,800 cc","100,000 km",6
Toyota Esquire GI PREMIUM 2DOOR PWR 2020,Toyota,Esquire,Automatic,Hybrid,"Tk 3,900,000",2020,"1,800 cc","77,124 km",6
Toyota Hiace GRAND CABIN 2020,Toyota,Hiace,Automatic,Octane,"Tk 4,500,000",2020,"2,690 cc","79,976 km",6
Toyota Fielder HYBRID EX PUSH START 2020,Toyota,Fielder,Automatic,Octane,"Tk 2,650,000",2020,"1,500 cc","125,123 km",6
Toyota Esquire GI PREMIUM-HYBRID 2020,Toyota,Esquire,Automatic,Hybrid,"Tk 3,800,000",2020,"1,800 cc","69,445 km",6
Toyota Axio EX-PUSH-HV 2020,Toyota,Axio,Automatic,Hybrid,"Tk 2,350,000",2020,"1,500 cc","114,873 km",6
Toyota Noah NOAH-NON HYBRID 2021,Toyota,Noah,Automatic,Octane,"Tk 3,650,000",2021,"2,000 cc","95,765 km",5
Toyota Noah X-PKG-NON HYBRID 2020,Toyota,Noah,Automatic,Octane,"Tk 3,550,000",2020,"2,000 cc","96,345 km",6
Toyota C-HR G-LED-NEW SHAPE 2019,Toyota,C-HR,Automatic,Hybrid,"Tk 3,380,000",2019,"1,800 cc","31,000 km",7
Honda Insight HYBRID LX 2021,Honda,Insight,Automatic,Hybrid,"Tk 3,700,000",2021,"1,500 cc","120,000 km",5
Toyota Esquire GI PREMIUM 2020,Toyota,Esquire,Automatic,Petrol,"Tk 3,900,000",2020,"2,000 cc","69,050 km",6
Toyota Axio EX NON HYBRID 2020,Toyota,Axio,Automatic,"Petrol, Octane","Tk 2,650,000",2020,"1,500 cc","66,000 km",6
Toyota Corolla Cross Z HYBRID HARDTOP 2022,Toyota,Corolla Cross,Automatic,Hybrid,"Tk 4,750,000",2022,"1,800 cc","18,156 km",4
Toyota Voxy S-Z READY SHOWROOM 2022,Toyota,Voxy,Automatic,"Petrol, Hybrid, Octane","Tk 5,050,000",2022,"1,800 cc","59,000 km",4
Honda Insight EX-PKG-HYBRID 2019,Honda,Insight,Automatic,Hybrid,"Tk 3,680,000",2019,"1,500 cc","63,987 km",7
Toyota Axio EX PUSH START-PKG 2020,Toyota,Axio,Automatic,Hybrid,"Tk 2,350,000",2020,"1,500 cc","114,000 km",6
Toyota Noah X NON HYBRID 2020,Toyota,Noah,Automatic,"Petrol, Octane","Tk 3,750,000",2020,"2,000 cc","58,000 km",6
Toyota Esquire GI PREMIUM READY DK. 2020,Toyota,Esquire,Automatic,"Petrol, Hybrid, Octane","Tk 3,780,000",2020,"1,800 cc","35,000 km",6
Toyota Harrier Z LEATHER HYBRID PKG 2021,Toyota,Harrier,Automatic,Hybrid,"Tk 6,650,000",2021,"2,500 cc","95,264 km",5
Toyota Hiace Super GL Pearl Color 2021,Toyota,Hiace,Automatic,Petrol,"Tk 4,330,000",2021,"2,000 cc","91,400 km",5
Toyota Hiace Super GL Dark Prime2 2023,Toyota,Hiace,Automatic,Petrol,"Tk 5,030,000",2023,"2,000 cc","3,800 km",3
Toyota Noah G Pkg Hybrid Pearl 2020,Toyota,Noah,Automatic,Hybrid,"Tk 3,700,000",2020,"1,800 cc","48,400 km",6
Toyota Axio EX Hybrid Grade- 4 2020,Toyota,Axio,Automatic,"Petrol, Hybrid, Octane","Tk 2,450,000",2020,"1,500 cc","70,000 km",6
Toyota Prius S Safety Pkg Black 2020,Toyota,Prius,Automatic,Hybrid,"Tk 3,090,000",2020,"1,800 cc","83,000 km",6
Toyota Axio Ex Non Hybrid 2020,Toyota,Axio,Automatic,"Petrol, Octane","Tk 2,900,000",2020,"1,500 cc","61,500 km",6
Toyota Corolla Cross Z LEATHER HYBRID 2023,Toyota,Corolla Cross,Automatic,"Petrol, Hybrid, Octane","Tk 5,050,000",2023,"1,800 cc","20,000 km",3
Toyota Fielder EX Hybrid 2020,Toyota,Fielder,Automatic,"Petrol, Hybrid, Octane","Tk 2,530,000",2020,"1,500 cc","21,000 km",6
Toyota Noah S-Z Hybrid 2022,Toyota,Noah,Automatic,"Petrol, Hybrid, Octane","Tk 4,950,000",2022,"1,800 cc","49,293 km",4
Toyota Esquire Gi Hybrid Ready 2020,Toyota,Esquire,Automatic,"Petrol, Hybrid, Octane","Tk 3,570,000",2020,"1,800 cc","65,125 km",6
Toyota Hiace DX 2020,Toyota,Hiace,Automatic,"Petrol, Octane","Tk 3,100,000",2020,"2,000 cc","51,000 km",6
Toyota Noah Si Wxb Non Hybrid 2020,Toyota,Noah,Automatic,"Petrol, Octane","Tk 3,980,000",2020,"2,000 cc","49,000 km",6
Toyota Prius A Touring Selection 2020,Toyota,Prius,Automatic,"Petrol, Hybrid, Octane","Tk 3,300,000",2020,"1,800 cc","94,740 km",6
Toyota Fielder Hybrid Ex Grade- 4 2020,Toyota,Fielder,Automatic,Hybrid,"Tk 2,330,000",2020,"1,500 cc","83,261 km",6
Toyota Noah Hybrid 2020,Toyota,Noah,Automatic,Hybrid,"Tk 3,170,000",2020,"1,800 cc","80,261 km",6
Toyota Axio 5 Seater 2010,Toyota,Axio,Automatic,Octane,"Tk 1,650,000",2010,"1,500 cc","65,000 km",16
OMODA C5 5 Seater 2024,OMODA,C5,Automatic,Octane,"Tk 3,200,000",2024,"1,500 cc","13,521 km",2
Toyota Premio G 2009,Toyota,Premio,Automatic,Octane,"Tk 2,150,000",2009,"1,500 cc","72,300 km",17
Toyota Harrier NON HY Z LEATHER 4.5 2020,Toyota,Harrier,Automatic,"Petrol, Octane","Tk 8,000,000",2020,"2,000 cc","19,000 km",6
Toyota Premio F 2020,Toyota,Premio,Automatic,"Petrol, Octane","Tk 3,850,000",2020,"1,500 cc","45,000 km",6
Toyota Premio F. 2020,Toyota,Premio,Automatic,"Petrol, Octane","Tk 3,850,000",2020,"1,500 cc","70,000 km",6
Toyota Esquire XI-HY PUSH 1DOR POW 2020,Toyota,Esquire,Automatic,"Petrol, Hybrid, Octane","Tk 3,500,000",2020,"1,800 cc","45,782 km",6
Toyota Esquire Hybrid Ready 2020,Toyota,Esquire,Automatic,"Petrol, Hybrid, Octane","Tk 3,450,000",2020,"1,800 cc","50,420 km",6
Toyota Aqua S Style 2020,Toyota,Aqua,Automatic,"Petrol, Hybrid, Octane","Tk 1,950,000",2020,"1,500 cc","65,089 km",6
Toyota Fielder EX HYBRID FUL LOADED 2020,Toyota,Fielder,Automatic,"Petrol, Hybrid, Octane","Tk 2,300,000",2020,"1,500 cc","86,030 km",6
Toyota Voxy aaaaaaaaRaaaaY aa a2a.aa. 2021,Toyota,Voxy,Automatic,"Petrol, Hybrid, Octane","Tk 3,650,000",2021,"1,800 cc","98,000 km",5
Toyota Prius S Pkg Hybrid GP-4.00 2020,Toyota,Prius,Automatic,"Petrol, Hybrid, Octane","Tk 3,100,000",2020,"1,800 cc","72,300 km",6
Nissan Juke Octane 2011,Nissan,Juke,Automatic,Octane,"Tk 1,440,000",2011,"1,500 cc","6,300 km",15
Toyota Corolla Cross Z Leather 2022,Toyota,Corolla Cross,Automatic,Hybrid,"Tk 4,850,000",2022,"1,800 cc","24,000 km",4
Haval H6 Octane 2021,Haval,H6,Automatic,Octane,"Tk 4,190,000",2021,"1,500 cc","18,000 km",5
Toyota Hiace S.GL DARK PRIME 2 2021,Toyota,Hiace,Automatic,"Diesel, Petrol","Tk 4,200,000",2021,"2,000 cc",120 km,5
Toyota Crown Crossover-Rs-advance 2022,Toyota,Crown,Automatic,"Petrol, Hybrid, Octane","Tk 12,000,000",2022,"2,400 cc","16,458 km",4
Toyota Hiace S.GL DARK PRIME 2 2020,Toyota,Hiace,Automatic,"Diesel, Petrol","Tk 4,300,000",2020,"2,000 cc","1,011 km",6
Toyota Land Cruiser VX-V8 Diesel Turbo 2014,Toyota,Land Cruiser,Automatic,Diesel,"Tk 16,700,000",2014,"4,500 cc","32,750 km",12
Toyota Premio Push Start 2017,Toyota,Premio,Automatic,Octane,"Tk 3,450,000",2017,"1,500 cc","47,267 km",9
Toyota Noah SI WXB HYBRID 2020,Toyota,Noah,Automatic,Hybrid,"Tk 3,499,999",2020,"1,800 cc","68,000 km",6
Toyota Harrier ZLP-PKG 2025,Toyota,Harrier,Automatic,"Hybrid, Octane","Tk 12,100,000",2025,"2,480 cc",10 km,1
Toyota Premio F-EX REDWINE BEIGE 2020,Toyota,Premio,Automatic,Petrol,"Tk 4,460,000",2020,"1,500 cc","50,000 km",6
Toyota Yaris Cross X PKG BLUE 2021,Toyota,Yaris Cross,Automatic,"Hybrid, Octane","Tk 3,150,000",2021,"1,500 cc","112,000 km",5
Nissan X-Trail G Sunroof 2016,Nissan,X-Trail,Automatic,Octane,"Tk 3,840,000",2016,"2,000 cc","53,000 km",10
Toyota Prius S PKG 4 AP 2022,Toyota,Prius,Automatic,"Petrol, Hybrid, Octane","Tk 3,670,000",2022,"1,800 cc","45,000 km",4
Toyota Axio No Hybrid 28k KM 2020,Toyota,Axio,Automatic,"Petrol, Octane","Tk 3,100,000",2020,"1,500 cc","28,000 km",6
Toyota Axio Non Hybrid EX 4 AP 2020,Toyota,Axio,Automatic,"Petrol, Octane","Tk 2,800,000",2020,"1,500 cc","120,000 km",6
Toyota Axio Ex Push Start GP-4 2020,Toyota,Axio,Automatic,"Petrol, Hybrid, Octane","Tk 2,300,000",2020,"1,500 cc","58,045 km",6
Toyota Allion G 2020,Toyota,Allion,Automatic,"Octane, LPG","Tk 3,750,000",2020,"1,500 cc","116,000 km",6
Toyota Axio EX HYBRID FUL LOADED 2020,Toyota,Axio,Automatic,"Petrol, Hybrid, Octane","Tk 2,300,000",2020,"1,500 cc","88,125 km",6
Toyota Axio Ex 4 Grade Non Hybrd 2020,Toyota,Axio,Automatic,"Petrol, Octane","Tk 2,750,000",2020,"1,500 cc","125,000 km",6
Toyota Axio EX HYBRID PUSH GP-4 2020,Toyota,Axio,Automatic,"Petrol, Hybrid, Octane","Tk 2,300,000",2020,"1,500 cc","87,451 km",6
Toyota Axio Ex Hybrid 4.5 Grade 2020,Toyota,Axio,Automatic,"Petrol, Hybrid, Octane","Tk 2,550,000",2020,"1,500 cc","48,000 km",6
Toyota C-HR G-LED TRD KIT 360CAM 2020,Toyota,C-HR,Automatic,"Petrol, Hybrid, Octane","Tk 3,750,000",2020,"1,800 cc","39,052 km",6
Toyota Yaris Cross Z Pearl R40000 km 2021,Toyota,Yaris Cross,Automatic,Hybrid,"Tk 3,550,000",2021,"1,500 cc","40,000 km",5
Toyota Allion G Plus 3.58900 km 2020,Toyota,Allion,Automatic,Petrol,"Tk 4,190,000",2020,"1,500 cc","8,900 km",6
Toyota Yaris Cross Z Golden 3.519k 2021,Toyota,Yaris Cross,Automatic,Hybrid,"Tk 3,590,000",2021,"1,500 cc","19,000 km",5
Toyota Esquire Gi Mica Blue R146k 2020,Toyota,Esquire,Automatic,Hybrid,"Tk 3,640,000",2020,"1,800 cc","146,000 km",6
Toyota Hiace DX Silver 3.5207k 2020,Toyota,Hiace,Automatic,Petrol,"Tk 3,300,000",2020,"2,000 cc","207,000 km",6
Toyota Hiace SUPER GL 2020,Toyota,Hiace,Automatic,"Petrol, Octane","Tk 4,000,000",2020,"2,000 cc","86,012 km",6
Toyota Hiace SUPER GL 2020,Toyota,Hiace,Automatic,"Petrol, Octane","Tk 4,200,000",2020,"2,000 cc","75,420 km",6
Toyota Hiace Dx Ambulance 2020,Toyota,Hiace,Automatic,"Petrol, Octane","Tk 2,550,000",2020,"2,000 cc","75,913 km",6
Toyota Noah Hybrid SIWXB Pearl 2020,Toyota,Noah,Automatic,Hybrid,"Tk 3,550,000",2020,"1,800 cc","98,000 km",6
Toyota Voxy ZS KIRAMEKI HYBRID 2020,Toyota,Voxy,Automatic,"Petrol, Hybrid, Octane","Tk 3,300,000",2020,"1,800 cc","103,301 km",6
Toyota Esquire GI PREMIUM 2020,Toyota,Esquire,Automatic,"Petrol, Hybrid, Octane","Tk 4,150,000",2020,"1,800 cc","47,210 km",6
Toyota Axio Ex Non Hybrid 4.5 2020,Toyota,Axio,Automatic,"Petrol, Octane","Tk 3,000,000",2020,"1,500 cc","24,121 km",6
Toyota Fielder Ex Hybrid 2020,Toyota,Fielder,Automatic,"Petrol, Hybrid, Octane","Tk 2,530,000",2020,"1,500 cc","21,591 km",6
Toyota Esquire GI PREMIUM 2020,Toyota,Esquire,Automatic,"Petrol, Octane","Tk 4,800,000",2020,"2,000 cc","53,210 km",6
Toyota Corolla Touring WXB Hybrid 2020,Toyota,Corolla,Automatic,"Petrol, Hybrid, Octane","Tk 2,950,000",2020,"1,800 cc","12,000 km",6
Toyota Hiace SUPER GL 2020,Toyota,Hiace,Automatic,"Petrol, Octane","Tk 4,050,000",2020,"2,000 cc","49,000 km",6
Honda Insight EX PKG 2020,Honda,Insight,Automatic,"Petrol, Hybrid, Octane","Tk 3,850,000",2020,"1,500 cc","85,412 km",6
Toyota Noah Non hybrid 2020,Toyota,Noah,Automatic,"Petrol, Octane","Tk 3,450,000",2020,"2,000 cc","73,608 km",6
Toyota Prius S PKG PEARL360CAMERA 2021,Toyota,Prius,Automatic,"Hybrid, Octane","Tk 3,100,000",2021,"1,800 cc","57,000 km",5
Toyota Yaris Cross G PKG HYBRID 2021,Toyota,Yaris Cross,Automatic,"Petrol, Hybrid, Octane","Tk 3,550,000",2021,"1,500 cc","35,010 km",5
Toyota Premio FEX GREEN SELECTION 2015,Toyota,Premio,Automatic,Octane,"Tk 2,750,000",2015,"1,500 cc","57,200 km",11
Toyota Hiace SUPER GL DARK PRIME 2021,Toyota,Hiace,Automatic,"Petrol, Octane","Tk 4,140,000",2021,"2,000 cc","23,498 km",5
Toyota Sienta G Package 2021,Toyota,Sienta,Automatic,"Hybrid, Octane","Tk 2,650,000",2021,"1,500 cc","61,279 km",5
Toyota Axio EX HYBRID SILVER 2020,Toyota,Axio,Automatic,"Hybrid, Octane","Tk 2,150,000",2020,"1,500 cc","101,072 km",6
Toyota C-HR G-LED 2021,Toyota,C-HR,Automatic,"Hybrid, Octane","Tk 3,400,000",2021,"1,800 cc","35,250 km",5
Toyota Esquire GI PREMIUM 2020,Toyota,Esquire,Automatic,"Petrol, Octane","Tk 3,700,000",2020,"1,800 cc","79,300 km",6
Toyota Axio Fielder 2012,Toyota,Axio,Automatic,"CNG, Octane","Tk 1,595,000",2012,"1,500 cc","75,100 km",14
Toyota Land Cruiser Prado.Tx-L.Mica 2018,Toyota,Land Cruiser,Automatic,"Petrol, Octane","Tk 11,800,000",2018,"2,700 cc","36,200 km",8
"Toyota Premio a,aaaaa a.aaaaaa 2008",Toyota,Premio,Automatic,"CNG, Octane","Tk 1,930,000",2008,"1,500 cc","98,674 km",18
Toyota Premio FL WINE PACKAGE 2020,Toyota,Premio,Automatic,"Petrol, Octane","Tk 3,970,000",2020,"1,500 cc","54,789 km",6
Toyota Hiace SUPER GL KEY 2020,Toyota,Hiace,Automatic,"Petrol, Octane","Tk 3,680,000",2020,"2,000 cc","74,658 km",6
Toyota Hiace GL White 2020,Toyota,Hiace,Automatic,"Petrol, Octane","Tk 3,150,000",2020,"2,000 cc","79,445 km",6
Toyota Corolla Cross Z Leather RED 2022,Toyota,Corolla Cross,Automatic,"Hybrid, Octane","Tk 4,780,000",2022,"1,800 cc","37,581 km",4
Toyota Corolla WxB Package Black 2020,Toyota,Corolla,Automatic,Hybrid,"Tk 2,990,000",2020,"1,800 cc","29,000 km",6
Toyota Axio Hybrid With Loan 2019,Toyota,Axio,Automatic,"Hybrid, Octane","Tk 1,280,000",2019,"1,500 cc","55,216 km",7
Toyota Yaris X READY SHOWROOM 2021,Toyota,Yaris,Automatic,"Petrol, Hybrid, Octane","Tk 2,170,000",2021,"1,500 cc","93,000 km",5
Toyota Noah SZ Package 2022,Toyota,Noah,Automatic,"Petrol, Hybrid, Octane","Tk 4,600,000",2022,"1,800 cc","37,000 km",4
Nissan X-Trail All Power Sunroof 2003,Nissan,X-Trail,Automatic,Octane,"Tk 1,290,000",2003,"2,500 cc","78,522 km",23
Toyota Noah SI WXB PREMIUM PKG 2020,Toyota,Noah,Automatic,Petrol,"Tk 4,370,000",2020,"2,000 cc","60,000 km",6
Toyota Prius A TURING 2020,Toyota,Prius,Automatic,Hybrid,"Tk 3,550,000",2020,"1,800 cc","51,000 km",6
Toyota Axio G Pkg. 2011,Toyota,Axio,Automatic,"CNG, Octane","Tk 1,650,000",2011,"1,500 cc","69,800 km",15
Toyota Corolla Cross Z Leather 2024,Toyota,Corolla Cross,Automatic,"Petrol, Hybrid, Octane","Tk 5,560,000",2024,"1,800 cc",390 km,2
Toyota Axio Hybrid Ex Package 2021,Toyota,Axio,Automatic,Hybrid,"Tk 2,500,000",2021,"1,500 cc","72,502 km",5
Toyota Hiace GL Dhaka Ready 2020,Toyota,Hiace,Automatic,Octane,"Tk 3,500,000",2020,"2,000 cc","71,890 km",6
Nissan X-Trail E.B.P HYBRID 2020,Nissan,X-Trail,Automatic,"Diesel, Petrol","Tk 3,850,000",2020,"2,000 cc",555 km,6
Toyota Supra MK5 35th Anniversary 2021,Toyota,Supra,Automatic,"Petrol, Octane","Tk 14,200,000",2021,"2,000 cc","16,510 km",5
Toyota Harrier Z-L PKG NON-HY G-4.5 2021,Toyota,Harrier,Automatic,Octane,"Tk 8,900,000",2021,"2,000 cc","42,000 km",5
Toyota Noah SI WXB Non Hybrid 2021,Toyota,Noah,Automatic,"Petrol, Octane","Tk 4,470,000",2021,"2,000 cc","36,000 km",5
Toyota Voxy ZS Kirameki 2020,Toyota,Voxy,Automatic,Hybrid,"Tk 3,450,000",2020,"1,800 cc","25,863 km",6
Toyota Prius S- PREMIUM 2020,Toyota,Prius,Automatic,Hybrid,"Tk 3,220,000",2020,"1,800 cc","80,000 km",6
Toyota Prius S-TOURING 2020,Toyota,Prius,Automatic,Hybrid,"Tk 3,420,000",2020,"1,800 cc","38,000 km",6
Toyota Harrier PML-PKG 2020,Toyota,Harrier,Automatic,Octane,"Tk 7,990,000",2020,"1,980 cc","27,660 km",6
Toyota Harrier Premium-PKG 2020,Toyota,Harrier,Automatic,Octane,"Tk 7,200,000",2020,"1,980 cc","62,712 km",6
Toyota Corolla Cross Z 2022,Toyota,Corolla Cross,Automatic,"Hybrid, Octane","Tk 4,725,000",2022,"1,790 cc","44,280 km",4
Toyota Corolla Cross Z PKG HARDTOP 2022,Toyota,Corolla Cross,Automatic,Hybrid,"Tk 4,350,000",2022,"1,800 cc","54,000 km",4
Toyota Premio F Package 2020,Toyota,Premio,Automatic,Octane,"Tk 4,150,000",2020,"1,490 cc","86,736 km",6
Toyota Premio F Package 2020,Toyota,Premio,Automatic,Octane,"Tk 4,550,000",2020,"1,490 cc","29,695 km",6
Toyota Hiace Super GL 2019,Toyota,Hiace,Automatic,Octane,"Tk 4,050,000",2019,"1,990 cc","92,027 km",7
Toyota Hiace Super GL-Dark Prime 2022,Toyota,Hiace,Automatic,Octane,"Tk 4,850,000",2022,"1,990 cc","86,289 km",4
Honda Civic Sedan 2020,Honda,Civic,Automatic,Octane,"Tk 4,500,000",2020,"1,490 cc","13,700 km",6
Honda Civic Sedan 2020,Honda,Civic,Automatic,Octane,"Tk 4,450,000",2020,"1,490 cc","21,900 km",6
Toyota Axio G-Push Start 2017,Toyota,Axio,Automatic,"Octane, LPG","Tk 2,540,000",2017,"1,500 cc","57,421 km",9
Honda Insight EX PKG 2021,Honda,Insight,Automatic,"Hybrid, Octane","Tk 4,600,000",2021,"1,490 cc","38,300 km",5
Toyota Corolla Cross Z LEATHER 4.5POINT 2022,Toyota,Corolla Cross,Automatic,"Hybrid, Octane","Tk 4,770,000",2022,"1,800 cc","53,000 km",4
Honda Civic Sedan 2020,Honda,Civic,Automatic,Octane,"Tk 4,400,000",2020,"1,490 cc","39,600 km",6
Honda Civic Sedan 2020,Honda,Civic,Automatic,Octane,"Tk 4,600,000",2020,"1,490 cc","38,400 km",6
Toyota Esquire GI HYBRID 3.5 POINT 2020,Toyota,Esquire,Automatic,"Hybrid, Octane","Tk 3,450,000",2020,"1,800 cc","120,000 km",6
Honda Grace DX PKG HYB 2020,Honda,Grace,Automatic,Hybrid,"Tk 2,349,999",2020,"1,500 cc","78,000 km",6
Toyota Premio FL PKG 4.5 POINT 2020,Toyota,Premio,Automatic,Octane,"Tk 4,500,000",2020,"1,500 cc","34,000 km",6
Toyota Axio X Octane Drive 2018,Toyota,Axio,Automatic,Octane,"Tk 2,490,000",2018,"1,500 cc","21,075 km",8
Toyota Corolla Cross Z PKG HARDTOP 2022,Toyota,Corolla Cross,Automatic,Hybrid,"Tk 4,280,000",2022,"1,800 cc","97,000 km",4
Toyota Harrier PRE-STYLE NOIR-Pkg 2020,Toyota,Harrier,Automatic,Octane,"Tk 7,300,000",2020,"1,980 cc","56,094 km",6
Toyota Alphard HybridPush Start 2019,Toyota,Alphard,Automatic,"Hybrid, Octane","Tk 9,000,000",2019,"2,500 cc","59,010 km",7
Toyota Prado Tx-L.Limited 2018,Toyota,Prado,Automatic,"Petrol, Octane","Tk 11,800,000",2018,"2,700 cc","36,800 km",8
Toyota Noah X SMART PUSH 2012,Toyota,Noah,Automatic,"Petrol, CNG, Octane","Tk 2,250,000",2012,"2,000 cc","67,000 km",14
Range Rover Vogue Autobiography LWB 2019,Range Rover,Vogue,Automatic,"Petrol, Hybrid, Octane","Tk 21,000,000",2019,"2,000 cc","24,000 km",7
Toyota Alphard EXECUTIVE LOUNGE HEV 2024,Toyota,Alphard,Automatic,"Petrol, Hybrid, Octane","Tk 19,500,000",2024,"2,500 cc",90 km,2
Mercedes-Benz GLS-Class Maybach Conversion 2021,Mercedes-Benz,GLS-Class,Automatic,"Petrol, Octane","Tk 28,500,000",2021,"3,000 cc","8,000 km",5
Honda CR-V EX Master Pkg-Octane 2020,Honda,CR-V,Automatic,Octane,"Tk 5,800,000",2020,"1,500 cc","86,700 km",6
Toyota Corolla X 2004,Toyota,Corolla,Automatic,"CNG, Octane","Tk 1,320,000",2004,"1,500 cc","79,100 km",22
Toyota Noah KEY NON HYBRID 2021,Toyota,Noah,Automatic,Octane,"Tk 3,600,000",2021,"2,000 cc","107,562 km",5
Toyota Premio F- EX Peral 2021,Toyota,Premio,Automatic,"Petrol, Octane","Tk 4,750,000",2021,"1,500 cc","9,000 km",5
Toyota Aqua Z Pkg Hyb Pearl 2021,Toyota,Aqua,Automatic,"Petrol, Hybrid, Octane","Tk 2,490,000",2021,"1,500 cc","29,600 km",5
Toyota Voxy S-Z Purple Spacial 2022,Toyota,Voxy,Automatic,"Petrol, Hybrid, Octane","Tk 4,900,000",2022,"1,800 cc","52,000 km",4
Toyota Noah HYBEID SIWXB PEARL 2020,Toyota,Noah,Automatic,"Petrol, Hybrid, Octane","Tk 3,800,000",2020,"1,800 cc","62,341 km",6
Toyota Esquire HYBRID PKG.GI BLACK 2020,Toyota,Esquire,Automatic,"Petrol, Hybrid, Octane","Tk 3,650,000",2020,"1,800 cc","25,476 km",6
Toyota Premio Fex Pearl 2021,Toyota,Premio,Automatic,"Petrol, Octane","Tk 4,870,000",2021,"1,500 cc","9,500 km",5
Toyota Allion A15 SILVER KEY 2019,Toyota,Allion,Automatic,"Petrol, Octane","Tk 3,380,000",2019,"1,500 cc","48,235 km",7
Toyota Corolla HYBRID 2020,Toyota,Corolla,Automatic,Hybrid,"Tk 2,350,000",2020,"1,800 cc","65,412 km",6
Suzuki Wagon R All Power Gearmanual 2006,Suzuki,Wagon R,Manual,Octane,"Tk 410,000",2006,"1,100 cc","78,563 km",20
Toyota Premio Fex package 2017,Toyota,Premio,Automatic,Octane,"Tk 3,400,000",2017,"1,500 cc","80,782 km",9
Toyota Harrier NON HYBRID SUNROOF 2020,Toyota,Harrier,Automatic,Octane,"Tk 6,550,000",2020,"2,000 cc","53,123 km",6
Honda Civic S Package RED 2020,Honda,Civic,Automatic,Hybrid,"Tk 3,760,000",2020,"1,500 cc","46,000 km",6
Toyota Corolla Cross HARD TOP 2021,Toyota,Corolla Cross,Automatic,Hybrid,"Tk 4,450,000",2021,"1,800 cc","66,000 km",5
Honda Insight EX BLACK STYLE 2021,Honda,Insight,Automatic,Hybrid,"Tk 4,430,000",2021,"1,500 cc","37,000 km",5
Toyota Axio HYBRID 2020,Toyota,Axio,Automatic,Hybrid,"Tk 2,100,000",2020,"1,500 cc","65,425 km",6
Toyota Noah SI WXB 8 SEATER 2020,Toyota,Noah,Automatic,"Petrol, Octane","Tk 4,150,000",2020,"2,000 cc","79,000 km",6
Toyota Axio EX White 4106k km 2020,Toyota,Axio,Automatic,Petrol,"Tk 2,920,000",2020,"1,500 cc","106,000 km",6
Toyota ist G Pkg Push 2010,Toyota,ist,Automatic,Octane,"Tk 1,390,000",2010,"1,500 cc","74,580 km",16
Toyota Hiace Super GL Dark Prime2 2020,Toyota,Hiace,Automatic,Petrol,"Tk 4,730,000",2020,"2,000 cc","57,200 km",6
Toyota Hiace SUPER GL 2020,Toyota,Hiace,Automatic,"Petrol, Octane","Tk 4,070,000",2020,"2,000 cc","80,352 km",6
Toyota Premio F-EX  Grade-5  2020,Toyota,Premio,Automatic,"Petrol, Octane","Tk 4,500,000",2020,"1,500 cc","3,000 km",6
Honda Vezel Play Hybrid 4.5 2022,Honda,Vezel,Automatic,"Petrol, Hybrid, Octane","Tk 5,050,000",2022,"1,500 cc","6,538 km",4
Toyota Aqua S-Style Hybrid GP-4 2020,Toyota,Aqua,Automatic,"Petrol, Hybrid, Octane","Tk 2,200,000",2020,"1,500 cc","39,089 km",6
Toyota Axio G 2014,Toyota,Axio,Automatic,"CNG, Octane","Tk 1,765,000",2014,"1,500 cc","76,000 km",12
Toyota Noah Push 2 D.P Nonhybrid 2020,Toyota,Noah,Automatic,"Petrol, Octane","Tk 3,780,000",2020,"2,000 cc","81,573 km",6
Toyota Harrier SHOWROOM-READY 2022,Toyota,Harrier,Automatic,"Petrol, Octane","Tk 7,800,000",2022,"2,000 cc","68,512 km",4
Toyota Noah Hybrid G 2016,Toyota,Noah,Automatic,"Hybrid, Octane","Tk 2,480,000",2016,"1,800 cc","66,000 km",10
Range Rover Vogue 3.0L PHEV ingenium 2025,Range Rover,Vogue,Automatic,"Petrol, Hybrid, Octane","Tk 67,500,000",2025,"3,000 cc",0 km,1
Toyota Axio EX HYBRID WHITE 2020,Toyota,Axio,Automatic,"Hybrid, Octane","Tk 2,300,000",2020,"1,500 cc","53,000 km",6
Toyota Corolla Cross Z Leather package 2022,Toyota,Corolla Cross,Automatic,"Hybrid, Octane","Tk 4,490,000",2022,"1,800 cc","9,853 km",4
Toyota Corolla G-X PACKAGE 2021,Toyota,Corolla,Automatic,Hybrid,"Tk 2,740,000",2021,"1,800 cc","74,365 km",5
Toyota Noah All Power 2004,Toyota,Noah,Automatic,"CNG, Octane","Tk 1,055,000",2004,"1,800 cc","78,542 km",22
Nissan X-Trail 2016,Nissan,X-Trail,Automatic,"Hybrid, Octane","Tk 2,295,000",2019,"2,000 cc","68,555 km",7
Honda CR-V 2005,Honda,CR-V,Automatic,Octane,"Tk 1,080,000",2005,"2,000 cc","100,000 km",21
Toyota Noah G Spacial Seat 2020,Toyota,Noah,Automatic,"Petrol, Hybrid, Octane","Tk 3,640,000",2020,"1,800 cc","95,000 km",6
Toyota Hiace DX Single Ac Bodykit 2020,Toyota,Hiace,Automatic,"Petrol, Octane","Tk 3,290,000",2020,"2,000 cc","94,000 km",6
Toyota Yaris G PKG 2020,Toyota,Yaris,Automatic,"Petrol, Hybrid, Octane","Tk 2,320,000",2020,"1,500 cc","79,000 km",6
Toyota Sienta XNONHYBRID 2020,Toyota,Sienta,Automatic,"Petrol, Octane","Tk 2,620,000",2020,"1,500 cc","92,000 km",6
Toyota Noah KEY NON HYBRID 2021,Toyota,Noah,Automatic,Octane,"Tk 3,600,000",2021,"2,000 cc","95,178 km",5
Toyota Harrier Z PACKAGE 2021,Toyota,Harrier,Automatic,Hybrid,"Tk 7,650,000",2021,"2,500 cc","14,132 km",5
Toyota Fielder HYBRID 2020,Toyota,Fielder,Automatic,Hybrid,"Tk 2,150,000",2020,"1,500 cc","65,642 km",6
Toyota Axio HYBRID 2020,Toyota,Axio,Automatic,"Petrol, Hybrid, Octane, Other fuel type","Tk 2,150,000",2020,"1,500 cc","90,000 km",6
Toyota Hiace SUPER GL PRIME PEARL 2020,Toyota,Hiace,Automatic,Petrol,"Tk 4,500,000",2020,"2,000 cc","50,000 km",6
Lexus ES 300H V-L FULL LOADED 2020,Lexus,ES,Automatic,Hybrid,"Tk 9,450,000",2020,"2,500 cc","33,000 km",6
Toyota Harrier Z-LEATHER PANORAMIC 2021,Toyota,Harrier,Automatic,"Petrol, Octane","Tk 8,700,000",2021,"2,000 cc","41,918 km",5
Toyota Voxy S-Z HYBRID NEW SHAPE 2022,Toyota,Voxy,Automatic,"Petrol, Hybrid, Octane","Tk 5,050,000",2022,"1,800 cc","60,000 km",4
Toyota Corolla TOURING WXB WAGON 2020,Toyota,Corolla,Automatic,Hybrid,"Tk 3,140,000",2020,"1,800 cc","79,000 km",6
Toyota Corolla Cross Z-LEATHER GRAY 360 2021,Toyota,Corolla Cross,Automatic,"Petrol, Hybrid, Octane","Tk 4,500,000",2021,"1,800 cc","44,078 km",5
Toyota Esquire GI PREMIUM PEARL 2020,Toyota,Esquire,Automatic,Hybrid,"Tk 3,750,000",2020,"1,800 cc","53,610 km",6
Toyota Axio EX HYBRID WHITE 2021,Toyota,Axio,Automatic,Hybrid,"Tk 2,200,000",2021,"1,500 cc","86,500 km",5
Toyota Esquire GI PREMIUM HY black 2020,Toyota,Esquire,Automatic,Hybrid,"Tk 3,890,000",2020,"1,800 cc","73,200 km",6
Toyota Axio EX HYBRID SILVER 2020,Toyota,Axio,Automatic,Hybrid,"Tk 2,250,000",2020,"1,500 cc","87,000 km",6
Toyota Noah X NON HY PEARL 2022,Toyota,Noah,Automatic,Petrol,"Tk 4,520,000",2022,"2,000 cc","82,000 km",4
Toyota Axio EX NON HYBRID 2021,Toyota,Axio,Automatic,Hybrid,"Tk 2,850,000",2021,"1,500 cc","35,000 km",5
Toyota Axio EX SILVER AP 4.5 2021,Toyota,Axio,Automatic,Hybrid,"Tk 2,570,000",2021,"1,500 cc","36,240 km",5
Toyota Axio EX NON HYBRID SILVER 2021,Toyota,Axio,Automatic,"Petrol, Octane","Tk 2,890,000",2021,"1,500 cc","37,940 km",5
Toyota Hiace GL AMBULANCH 2020,Toyota,Hiace,Automatic,Petrol,"Tk 3,050,000",2020,"2,000 cc","129,000 km",6
Toyota Axio EX HYBRID WHITE 2020,Toyota,Axio,Automatic,Hybrid,"Tk 2,280,000",2020,"1,500 cc","103,280 km",6
Toyota Hiace DX AMBULANCE 2020,Toyota,Hiace,Automatic,Petrol,"Tk 2,750,000",2020,"2,000 cc","81,700 km",6
Toyota Hiace DX AMBULANCE 2020,Toyota,Hiace,Automatic,Petrol,"Tk 2,780,000",2020,"2,000 cc","85,230 km",6
Toyota Esquire GI HY BLACK 2020,Toyota,Esquire,Automatic,Hybrid,"Tk 3,790,000",2020,"1,800 cc","97,110 km",6
Toyota Axio EX HYBRID WHITE 2020,Toyota,Axio,Automatic,Hybrid,"Tk 2,350,000",2020,"1,500 cc","53,000 km",6
Toyota Axio EX HYBRID SILVER 2020,Toyota,Axio,Automatic,Hybrid,"Tk 2,290,000",2020,"1,500 cc","62,000 km",6
Toyota Hiace GL BLACK DUAL AC 2022,Toyota,Hiace,Automatic,Petrol,"Tk 3,550,000",2022,"2,000 cc","51,380 km",4
Toyota Corolla X 2001,Toyota,Corolla,Automatic,"CNG, Octane","Tk 920,000",2001,"1,500 cc","95,800 km",25
Toyota Noah SZ Pearl S7 km 2025,Toyota,Noah,Automatic,Hybrid,"Tk 6,360,000",2025,"1,800 cc",7 km,1
Toyota Corolla Cross Z Bronze 528900 km 2023,Toyota,Corolla Cross,Automatic,Hybrid,"Tk 5,240,000",2023,"1,800 cc","28,900 km",3
Toyota Esquire GI Black 4.537k km 2020,Toyota,Esquire,Automatic,Hybrid,"Tk 4,060,000",2020,"1,800 cc","37,000 km",6
Mitsubishi l200 Double Cabin 2007,Mitsubishi,l200,Manual,"CNG, Octane","Tk 550,000",2007,"2,000 cc","100,009 km",19
Toyota Corolla Cross Z Leather 2024,Toyota,Corolla Cross,Automatic,"Petrol, Hybrid, Octane","Tk 5,550,000",2024,"1,800 cc","1,500 km",2
Honda Civic EX NON HYBRID 2020,Honda,Civic,Automatic,"Petrol, Octane","Tk 4,150,000",2020,"1,500 cc","31,000 km",6
Toyota Voxy Nonhybrid ZsKirameki 2020,Toyota,Voxy,Automatic,"Petrol, Octane","Tk 3,760,000",2020,"2,000 cc","79,351 km",6
Toyota Avanza G 2011,Toyota,Avanza,Automatic,Octane,"Tk 1,380,000",2011,"1,500 cc","72,000 km",15
Toyota Noah Non Hyb key 3.5 2Dpw 2019,Toyota,Noah,Automatic,"Octane, Other fuel type","Tk 3,520,000",2019,"2,000 cc","63,236 km",7
Toyota Voxy S-Z PKG BLACK 2022,Toyota,Voxy,Automatic,"Hybrid, Octane","Tk 4,750,000",2022,"1,800 cc","52,615 km",4
Toyota Fielder Hybrid Push 4 Grade 2020,Toyota,Fielder,Automatic,Hybrid,"Tk 2,320,000",2020,"1,500 cc","87,365 km",6
Toyota Hiace Super GL 2020,Toyota,Hiace,Automatic,Octane,"Tk 3,950,000",2020,"2,000 cc","43,580 km",6
Toyota Voxy ZS Kiramic Non Hybrd 2020,Toyota,Voxy,Automatic,"Petrol, Octane","Tk 3,900,000",2020,"2,000 cc","48,300 km",6
Toyota Corolla Cross HY Z LEATHER MOONROF 2024,Toyota,Corolla Cross,Automatic,"Petrol, Hybrid, Octane","Tk 5,600,000",2024,"1,800 cc","8,000 km",2
Lexus RX 300 2020,Lexus,RX,Automatic,"Petrol, Octane","Tk 12,900,000",2020,"2,000 cc","47,000 km",6
Toyota Noah SZ MZRA-90 2022,Toyota,Noah,Automatic,"Petrol, Octane","Tk 6,500,000",2022,"2,000 cc","38,551 km",4
Toyota Noah Hybrid SI WXB V-2 2021,Toyota,Noah,Automatic,"Petrol, Hybrid, Octane","Tk 3,700,000",2021,"1,800 cc","3,000 km",5
Toyota Esquire Hybrid-GI-Premium. 2020,Toyota,Esquire,Automatic,"Petrol, Hybrid, Octane","Tk 3,850,000",2020,"1,800 cc","60,000 km",6
Toyota Corolla Cross Z-LEATHER 360 CAMERA 2021,Toyota,Corolla Cross,Automatic,"Petrol, Hybrid, Octane","Tk 4,450,000",2021,"1,800 cc","17,000 km",5
Toyota Corolla Cross Z-LEATHER HY HARD TP 2022,Toyota,Corolla Cross,Automatic,"Petrol, Hybrid, Octane","Tk 4,550,000",2022,"1,800 cc","53,143 km",4
Toyota Hiace SUPER GL DARK PRI-2 2022,Toyota,Hiace,Automatic,"Petrol, Octane","Tk 4,800,000",2022,"2,000 cc","76,215 km",4
Toyota Sienta G Quero 360Cam 2020,Toyota,Sienta,Automatic,"Petrol, Hybrid, Octane","Tk 2,800,000",2020,"1,500 cc","84,576 km",6
Toyota C-HR G LED GP-4.5 2020,Toyota,C-HR,Automatic,"Petrol, Hybrid, Octane","Tk 3,600,000",2020,"1,800 cc","33,000 km",6
Toyota Premio FL 2020,Toyota,Premio,Automatic,Octane,"Tk 4,300,000",2020,"1,500 cc","23,000 km",6
Toyota Hiace GL ORGENAL DUAL AC 2020,Toyota,Hiace,Automatic,"Petrol, Octane","Tk 3,350,000",2020,"2,000 cc","87,546 km",6
Toyota Esquire Gi Pkg Nonhy Gp-4.5 2020,Toyota,Esquire,Automatic,"Petrol, Octane","Tk 4,580,000",2020,"2,000 cc","44,500 km",6
Toyota Noah X PUSH Offer Price 2020,Toyota,Noah,Automatic,"Petrol, Hybrid, Octane","Tk 3,100,000",2020,"1,800 cc","92,000 km",6
Toyota Noah X pkg 2020,Toyota,Noah,Automatic,Hybrid,"Tk 3,200,000",2020,"1,800 cc","59,000 km",6
Toyota Corolla Cross Z-PKG 2022,Toyota,Corolla Cross,Automatic,Octane,"Tk 4,725,000",2022,"1,790 cc","44,223 km",4
Toyota Fielder x 2005,Toyota,Fielder,Automatic,"CNG, Octane","Tk 1,360,000",2005,"1,500 cc","92,321 km",21
Toyota Prius S PKG 4 POINT 2020,Toyota,Prius,Automatic,Hybrid,"Tk 3,100,000",2020,"1,800 cc","51,000 km",6
Toyota Fielder 2012,Toyota,Fielder,Automatic,Octane,"Tk 1,745,000",2018,"1,500 cc","73,422 km",8
Toyota Wagon 100 2000,Toyota,Wagon 100,Automatic,Octane,"Tk 480,000",2000,"1,331 cc","91,200 km",26
Toyota Axio G 2016,Toyota,Axio,Automatic,Octane,"Tk 3,130,000",2016,"1,500 cc","43,234 km",10
Toyota Corolla Cross Z-PKG 2022,Toyota,Corolla Cross,Automatic,"Hybrid, Octane","Tk 4,750,000",2022,"1,790 cc","27,567 km",4
Toyota Allion 2011,Toyota,Allion,Automatic,Octane,"Tk 2,200,000",2017,"1,500 cc","93,000 km",9
Toyota Allion G Plus Limited 2016,Toyota,Allion,Automatic,"Octane, LPG","Tk 3,180,000",2016,"1,500 cc","41,234 km",10
"Toyota Corolla GX, AUCTION GRADE 4 2019",Toyota,Corolla,Automatic,Octane,"Tk 2,750,000",2019,"1,800 cc","56,910 km",7
Toyota Harrier Advance Premium 2014,Toyota,Harrier,Automatic,Octane,"Tk 4,400,000",2014,"2,000 cc","69,342 km",12
Toyota Axio EX HYBRID 2021,Toyota,Axio,Automatic,"Hybrid, Octane","Tk 2,250,000",2021,"1,500 cc","60,853 km",5
Honda Insight Ex package 2020,Honda,Insight,Automatic,"Petrol, Hybrid, Octane","Tk 3,650,000",2020,"1,500 cc","105,000 km",6
Toyota Noah KEY START NON HYBRID 2021,Toyota,Noah,Automatic,Octane,"Tk 3,600,000",2021,"2,000 cc","107,129 km",5
Toyota Esquire GI PREMIUM HY BLACK 2020,Toyota,Esquire,Automatic,Hybrid,"Tk 3,780,000",2020,"1,800 cc","63,000 km",6
Toyota Premio FL 2020 Black,Toyota,Premio,Automatic,Octane,"Tk 4,200,000",2020,"1,500 cc","60,000 km",6
Toyota Harrier Z Leather 2021,Toyota,Harrier,Automatic,Hybrid,"Tk 7,650,000",2021,"2,500 cc","76,000 km",5
Toyota Corolla X 2005,Toyota,Corolla,Automatic,"Octane, LPG","Tk 1,290,000",2005,"1,500 cc","75,100 km",21
Toyota C-HR G-LED Pearl 2021,Toyota,C-HR,Automatic,"Hybrid, Octane","Tk 3,380,000",2021,"1,800 cc","42,351 km",5
Toyota Yaris Cross G Package Black 2020,Toyota,Yaris Cross,Automatic,Hybrid,"Tk 3,190,000",2020,"1,500 cc","66,170 km",6
Toyota Prius S package Silver 2020,Toyota,Prius,Automatic,"Hybrid, Octane","Tk 2,820,000",2020,"1,800 cc","41,502 km",6
Toyota Voxy S-Z Hybrid Black 2022,Toyota,Voxy,Automatic,"Hybrid, Octane","Tk 4,350,000",2022,"1,800 cc","25,763 km",4
Toyota Hiace GL PACKAGE DUAL AC 2020,Toyota,Hiace,Automatic,"Petrol, Octane","Tk 3,240,000",2020,"2,000 cc","65,912 km",6
Toyota Esquire Gi premium Hybrid 2020,Toyota,Esquire,Automatic,"Hybrid, Octane","Tk 3,750,000",2020,"1,800 cc","75,503 km",6
Toyota Corolla S PACKAGE 2020,Toyota,Corolla,Automatic,Hybrid,"Tk 2,840,000",2020,"1,800 cc","52,467 km",6
Toyota Noah G PACKAGE NON-HY 2020,Toyota,Noah,Automatic,"Petrol, Octane","Tk 3,760,000",2020,"2,000 cc","53,647 km",6
Toyota Noah X PACKAGE NON-HY 2020,Toyota,Noah,Automatic,"Petrol, Octane","Tk 3,260,000",2020,"2,000 cc","56,479 km",6
Toyota Noah S-Z PACKAGE 2023,Toyota,Noah,Automatic,Hybrid,"Tk 5,250,000",2023,"1,800 cc","14,493 km",3
Toyota Fielder EX PACKAGE HYBRID 2020,Toyota,Fielder,Automatic,Hybrid,"Tk 2,530,000",2020,"1,500 cc","43,989 km",6
Toyota Esquire Non Hybrid Pearl 2020,Toyota,Esquire,Automatic,Octane,"Tk 3,700,000",2020,"2,000 cc","47,790 km",6
Toyota Noah S-Z Leg Rest Eye Sen 2022,Toyota,Noah,Automatic,"Petrol, Hybrid, Octane","Tk 4,900,000",2022,"1,800 cc","53,400 km",4
Toyota Corolla Touring WXB Hybrid 2021,Toyota,Corolla,Automatic,"Petrol, Hybrid, Octane","Tk 3,000,000",2021,"1,800 cc","100,000 km",5
Toyota Prius HYBRID 2023,Toyota,Prius,Automatic,Hybrid,"Tk 4,100,000",2023,"1,800 cc","32,145 km",3
Toyota Axio Hybrid EX 2021,Toyota,Axio,Automatic,"Petrol, Hybrid, Octane","Tk 2,250,000",2021,"1,500 cc","86,520 km",5
Toyota Hiace SUPER GL DARK PRIME 2022,Toyota,Hiace,Automatic,Petrol,"Tk 4,500,000",2022,"2,000 cc","65,000 km",4
Toyota Fielder EX NON HYBRID 2021,Toyota,Fielder,Automatic,Petrol,"Tk 2,790,000",2021,"1,500 cc","45,000 km",5
Toyota Axio X 2012,Toyota,Axio,Automatic,"CNG, Octane","Tk 1,595,000",2012,"1,500 cc","75,800 km",14
Toyota Corolla Cross Z Massive Grey 2025,Toyota,Corolla Cross,Automatic,Hybrid,"Tk 5,900,000",2025,"1,800 cc",79 km,1
Toyota Corolla S Hybrid 2020,Toyota,Corolla,Automatic,"Hybrid, Octane","Tk 2,950,000",2020,"1,800 cc","55,000 km",6
Toyota Esquire XI 2020,Toyota,Esquire,Automatic,Octane,"Tk 4,020,000",2020,"2,000 cc","163,000 km",6
Toyota Vitz X EDITION 2011,Toyota,Vitz,Automatic,Petrol,"Tk 980,000",2011,"1,000 cc","56,000 km",15
Toyota C-HR G-LED HY NEW SHAPE 2020,Toyota,C-HR,Automatic,"Petrol, Hybrid, Octane","Tk 3,500,000",2020,"1,800 cc","44,558 km",6
Toyota RAV4 X EDITION 2004,Toyota,RAV4,Automatic,"Petrol, CNG","Tk 1,220,000",2004,"1,800 cc","85,000 km",22
Toyota Axio EX PKG WHITE COLOR 2020,Toyota,Axio,Automatic,Hybrid,"Tk 2,580,000",2020,"1,500 cc","41,927 km",6
Nissan X-Trail Hybrid 2016,Nissan,X-Trail,Automatic,"Hybrid, Octane","Tk 2,450,000",2016,"2,000 cc","55,523 km",10
Toyota Allion A15 2006,Toyota,Allion,Automatic,Octane,"Tk 1,590,000",2006,"1,500 cc","75,300 km",20
Lexus ES 300h 2020,Lexus,ES,Automatic,"Petrol, Hybrid, Octane","Tk 10,700,000",2020,"2,000 cc","53,510 km",6
Toyota Crown SHOWROOM-READY 2020,Toyota,Crown,Automatic,"Petrol, Hybrid, Octane","Tk 7,300,000",2020,"2,500 cc","68,512 km",6
Toyota Harrier Z LEATHER-PKG-NON HY 2020,Toyota,Harrier,Automatic,"Petrol, Octane","Tk 7,700,000",2020,"2,000 cc","57,748 km",6
BMW X5 Plug In Hybrid 2017,BMW,X5,Automatic,"Hybrid, Octane","Tk 12,300,000",2017,"2,000 cc","38,262 km",9
Toyota Noah HYBRID-Z 2022,Toyota,Noah,Automatic,"Petrol, Hybrid, Octane","Tk 5,200,000",2022,"2,000 cc","42,000 km",4
Toyota Harrier NON-HYBRID READY 2020,Toyota,Harrier,Automatic,"Petrol, Octane","Tk 7,700,000",2020,"2,000 cc","58,512 km",6
Toyota Harrier SHOWROOM-READY 2020,Toyota,Harrier,Automatic,"Petrol, Octane","Tk 7,700,000",2020,"2,000 cc","58,512 km",6
Toyota Hiace Super-GL Dark-Prime2 2020,Toyota,Hiace,Automatic,Petrol,"Tk 4,500,000",2020,"2,000 cc","79,000 km",6
Toyota Hiace SUPER-GL DARK PRIME2 2021,Toyota,Hiace,Automatic,Octane,"Tk 4,780,000",2021,"2,000 cc","70,000 km",5
Toyota Esquire GI Brown Interior 2020,Toyota,Esquire,Automatic,Hybrid,"Tk 3,800,000",2020,"1,800 cc","102,000 km",6
Toyota Corolla Wxb 2020,Toyota,Corolla,Automatic,Hybrid,"Tk 3,400,000",2020,"1,800 cc","42,000 km",6
Mazda 3 Sedan S-TOURING 2021,Mazda,3 Sedan,Automatic,"Petrol, Octane","Tk 3,540,000",2021,"1,500 cc","41,000 km",5
Toyota Hiace HIGHROOF AMBULANCE 2023,Toyota,Hiace,Automatic,"Petrol, Octane","Tk 3,180,000",2023,"2,000 cc","104,000 km",3
Toyota Esquire GI Non Hybrid 2020,Toyota,Esquire,Automatic,Petrol,"Tk 4,500,000",2020,"2,000 cc","53,000 km",6
Toyota Corolla Cross S Hybrid 2022,Toyota,Corolla Cross,Automatic,Hybrid,"Tk 3,950,000",2022,"1,800 cc","36,559 km",4
Toyota Land Cruiser VX-V8 Diesel Turbo 2014,Toyota,Land Cruiser,Automatic,Diesel,"Tk 16,500,000",2014,"4,500 cc","32,210 km",12
Nissan Sunny . 2010,Nissan,Sunny,Automatic,Octane,"Tk 1,050,000",2010,"1,331 cc","55,000 km",16
Toyota Sienta G PKG HYB 2021,Toyota,Sienta,Automatic,Hybrid,"Tk 2,650,000",2021,"1,500 cc","62,000 km",5
Toyota Axio Fielder X-LTD 2011,Toyota,Axio,Automatic,Octane,"Tk 1,680,000",2011,"1,500 cc","65,271 km",15
Toyota Harrier Progress pkg 2020,Toyota,Harrier,Automatic,Octane,"Tk 7,400,000",2020,"1,980 cc","28,165 km",6
Honda Insight EX PKG 2021,Honda,Insight,Automatic,"Hybrid, Octane","Tk 4,700,000",2021,"1,490 cc","25,600 km",5
Toyota Vitz Octane Drive 2011,Toyota,Vitz,Automatic,Octane,"Tk 1,320,000",2011,"1,300 cc","52,320 km",15
Honda Grace 2020,Honda,Grace,Automatic,"Petrol, Hybrid, Octane","Tk 2,350,000",2020,"1,500 cc","130,000 km",6
Toyota Noah X SMART PUSH 1 DP 2020,Toyota,Noah,Automatic,"Hybrid, Octane","Tk 3,260,000",2020,"1,800 cc","96,000 km",6
Honda Vezel Hybrid 2017,Honda,Vezel,Automatic,"Hybrid, Octane","Tk 2,200,000",2017,"1,500 cc","69,294 km",9
Toyota Noah S-Z All Option 2025,Toyota,Noah,Automatic,"Petrol, Hybrid, Octane","Tk 5,750,000",2025,"1,800 cc",6 km,1
Toyota Fielder HYBRID EX SILVER 2020,Toyota,Fielder,Automatic,"Petrol, Hybrid, Octane","Tk 2,450,000",2020,"1,500 cc","87,245 km",6
Toyota Axio NON HYBRID EX WHITE 2021,Toyota,Axio,Automatic,"Petrol, Octane","Tk 3,100,000",2021,"1,500 cc","30,245 km",5
Toyota Aqua Hybrid Z New Shape 2021,Toyota,Aqua,Automatic,"Petrol, Hybrid, Octane","Tk 2,540,000",2021,"1,500 cc","29,034 km",5
Toyota Allion A15 kye WHITE 2020,Toyota,Allion,Automatic,"Petrol, Octane","Tk 3,850,000",2020,"1,500 cc","26,345 km",6
Toyota Aqua HYBRID PKG.S STYLE 2020,Toyota,Aqua,Automatic,"Petrol, Hybrid, Octane","Tk 1,900,000",2020,"1,500 cc","78,146 km",6
Toyota Esquire HYBRID GI BLACK 2020,Toyota,Esquire,Automatic,"Petrol, Hybrid, Octane","Tk 3,600,000",2020,"1,800 cc","69,345 km",6
Toyota Voxy Hybrid Zs Kirameki-2 2020,Toyota,Voxy,Automatic,"Petrol, Hybrid, Octane","Tk 3,380,000",2020,"1,800 cc","76,500 km",6
Toyota Hiace Ambulance DX 2020,Toyota,Hiace,Automatic,"Petrol, Octane","Tk 2,420,000",2020,"2,000 cc","75,000 km",6
Toyota Axio All Power 2011,Toyota,Axio,Automatic,"CNG, Octane","Tk 1,515,000",2011,"1,500 cc","78,563 km",15
Toyota Axio EX-PUSH START HYBRID 2020,Toyota,Axio,Automatic,Hybrid,"Tk 2,350,000",2020,"1,500 cc","114,986 km",6
Toyota Aqua HYBRID 2020,Toyota,Aqua,Automatic,"Petrol, Hybrid, Octane, Other fuel type","Tk 1,700,000",2020,"1,500 cc","80,000 km",6
Toyota Corolla WxB 2021,Toyota,Corolla,Automatic,"Petrol, Hybrid, Octane","Tk 2,750,000",2021,"1,800 cc","48,627 km",5
Toyota Corolla WxB ORDER 2021,Toyota,Corolla,Automatic,"Petrol, Hybrid, Octane","Tk 2,750,000",2021,"1,800 cc","48,629 km",5
Toyota C-HR HYBRID 2020,Toyota,C-HR,Automatic,Hybrid,"Tk 3,100,000",2020,"1,800 cc","65,580 km",6
Toyota Voxy hybrid 2020,Toyota,Voxy,Automatic,"Petrol, Hybrid, Octane","Tk 2,800,000",2020,"1,800 cc","56,472 km",6
Toyota Corolla TOURING WXB PEARL 2020,Toyota,Corolla,Automatic,Hybrid,"Tk 2,950,000",2020,"1,800 cc","87,000 km",6
"Toyota RAV4 G BLACK 360,SUNROOF 2022",Toyota,RAV4,Automatic,Hybrid,"Tk 7,300,000",2022,"2,500 cc","50,000 km",4
Toyota C-HR G MODE NERO YELLOW 2020,Toyota,C-HR,Automatic,Hybrid,"Tk 3,450,000",2020,"1,800 cc","62,000 km",6
Toyota Voxy S-Z BLACK-BROWN INTE 2020,Toyota,Voxy,Automatic,"Petrol, Hybrid, Octane","Tk 3,260,000",2020,"1,800 cc","141,759 km",6
Toyota Esquire GI PREMIUM PEARL 2020,Toyota,Esquire,Automatic,"Petrol, Hybrid, Octane","Tk 4,050,000",2020,"1,800 cc","74,000 km",6
Toyota Noah SI WXB PEARL COLOUR 2020,Toyota,Noah,Automatic,Hybrid,"Tk 3,850,000",2020,"1,800 cc","62,000 km",6
"Toyota Corolla Cross S LED BLUE,360 CAM 2022",Toyota,Corolla Cross,Automatic,Hybrid,"Tk 4,150,000",2022,"1,800 cc","18,000 km",4
Toyota Esquire HB GI PREMIUM PEARL 2020,Toyota,Esquire,Automatic,Hybrid,"Tk 4,150,000",2020,"1,800 cc","57,000 km",6
Toyota Esquire GI PREMIUM BODYKIT 2020,Toyota,Esquire,Automatic,Hybrid,"Tk 3,800,000",2020,"1,800 cc","120,000 km",6
Toyota Fielder WXB HYBRID 2019,Toyota,Fielder,Automatic,Hybrid,"Tk 2,780,000",2019,"1,500 cc","90,000 km",7
Toyota Corolla Cross Z LEATHER 360 CAMRA 2022,Toyota,Corolla Cross,Automatic,Hybrid,"Tk 5,050,000",2022,"1,800 cc","20,000 km",4
Toyota Noah SI WXB NON HYBRID 2020,Toyota,Noah,Automatic,Petrol,"Tk 4,190,000",2020,"2,000 cc","90,000 km",6
Toyota Nadia X SMART NON HY 2020,Toyota,Nadia,Automatic,Petrol,"Tk 3,690,000",2020,"2,000 cc","96,210 km",6
Toyota Hiace SUPER GL DARK PRIME 2021,Toyota,Hiace,Automatic,Petrol,"Tk 4,399,999",2021,"2,000 cc","48,000 km",5
Toyota Allion G LPUS WINE AP 4.5 2021,Toyota,Allion,Automatic,"Petrol, Octane","Tk 4,250,000",2021,"1,500 cc","19,181 km",5
Toyota Hiace GL WHITE 2020,Toyota,Hiace,Automatic,Petrol,"Tk 3,480,000",2020,"2,000 cc","56,000 km",6
Toyota Esquire GI PREMIUM NON HYBRI 2020,Toyota,Esquire,Automatic,Petrol,"Tk 4,420,000",2020,"2,000 cc","77,302 km",6
Toyota Premio F-EX PEARL 2020,Toyota,Premio,Automatic,Petrol,"Tk 4,450,000",2020,"1,500 cc","57,302 km",6
Toyota Hiace SUPER GL DARK PRIME3 2022,Toyota,Hiace,Automatic,"Petrol, Octane","Tk 4,480,000",2022,"2,000 cc","41,000 km",4
Toyota Esquire GI HYBRID PURPLE 2020,Toyota,Esquire,Automatic,Hybrid,"Tk 3,680,000",2020,"1,800 cc","58,520 km",6
Toyota Hiace DX WHITE 2021,Toyota,Hiace,Automatic,Petrol,"Tk 3,300,000",2021,"2,000 cc","64,000 km",5
Toyota Noah SI WXB MICA BLUE 2021,Toyota,Noah,Automatic,Hybrid,"Tk 3,870,000",2021,"1,800 cc","9,000 km",5
Toyota Hiace DX WHITE DUAL AC 2021,Toyota,Hiace,Automatic,"Petrol, Octane","Tk 3,370,000",2021,"2,000 cc","68,350 km",5
Toyota Voxy S Z HYBRID BLACK 2022,Toyota,Voxy,Automatic,Hybrid,"Tk 4,550,000",2022,"1,800 cc","40,120 km",4
Toyota Corolla Cross Z LEATHER 2025,Toyota,Corolla Cross,Automatic,Hybrid,"Tk 5,640,000",2025,"1,800 cc",4 km,1
Toyota Fielder EX NON HYBRID 2020,Toyota,Fielder,Automatic,Petrol,"Tk 2,790,000",2020,"1,500 cc","62,000 km",6
Toyota Esquire XI NON HYBRID PEARL 2020,Toyota,Esquire,Automatic,"Petrol, Octane","Tk 3,650,000",2020,"2,000 cc","101,390 km",6
Toyota Aqua S STYLE WHITE AP 4.5 2020,Toyota,Aqua,Automatic,Hybrid,"Tk 1,900,000",2020,"1,500 cc","58,736 km",6
Toyota Voxy S-Z HYBRID BLACK 2022,Toyota,Voxy,Automatic,Hybrid,"Tk 4,570,000",2022,"1,800 cc","28,370 km",4
Toyota Hiace SUPER GL PUSH PROJE. 2020,Toyota,Hiace,Automatic,Petrol,"Tk 4,170,000",2020,"2,000 cc","79,000 km",6
Toyota Hiace SUPER GL DARK PRIME 2022,Toyota,Hiace,Automatic,Petrol,"Tk 4,740,000",2022,"2,000 cc","12,000 km",4
Toyota Corolla Cross Z LEATHER PEARL 2022,Toyota,Corolla Cross,Automatic,Hybrid,"Tk 4,990,000",2022,"1,800 cc","22,600 km",4
Toyota Prius S LED RED AP 4.5 2021,Toyota,Prius,Automatic,Hybrid,"Tk 3,190,000",2021,"1,800 cc","46,370 km",5
Toyota Allion G PACKAGE POINT 4 2020,Toyota,Allion,Automatic,Petrol,"Tk 3,750,000",2020,"1,500 cc","55,320 km",6
Toyota Esquire GI PREMIUM HV 2020,Toyota,Esquire,Automatic,Hybrid,"Tk 4,050,000",2020,"1,800 cc","68,560 km",6
Toyota Axio EX NON HYBRID AP 4 2020,Toyota,Axio,Automatic,"Petrol, Octane","Tk 2,850,000",2020,"1,500 cc","68,120 km",6
Toyota Esquire GI PREMIUM NON HV 2020,Toyota,Esquire,Automatic,Petrol,"Tk 4,370,000",2020,"2,000 cc","61,730 km",6
Toyota Allion A15 SILVER AP 4 2020,Toyota,Allion,Automatic,"Petrol, Octane","Tk 3,690,000",2020,"1,500 cc","61,350 km",6
Toyota Fielder EX PACKGE HYBRID 2020,Toyota,Fielder,Automatic,Hybrid,"Tk 2,420,000",2020,"1,500 cc","66,000 km",6
Toyota Axio Petrol EX Pkg Silver 2020,Toyota,Axio,Automatic,Petrol,"Tk 2,920,000",2020,"1,500 cc","91,000 km",6
Toyota Axio EX Non Hybrid White 2020,Toyota,Axio,Automatic,Petrol,"Tk 2,880,000",2020,"1,500 cc","105,000 km",6
Toyota Premio G Superior 2012,Toyota,Premio,Automatic,"Petrol, CNG","Tk 2,280,000",2012,"1,500 cc","86,000 km",14
Mitsubishi Lancer Ex Super Fresh Unit 2010,Mitsubishi,Lancer,Automatic,Octane,"Tk 1,380,000",2010,"1,500 cc","66,150 km",16
Toyota Crown G HYBRID READY 2020,Toyota,Crown,Automatic,"Petrol, Hybrid, Octane","Tk 7,300,000",2020,"2,500 cc","56,013 km",6
Lexus ES 300H- ready showroom 2020,Lexus,ES,Automatic,"Hybrid, Octane","Tk 10,500,000",2020,"2,500 cc","41,013 km",6
Toyota RAV4 NEW SHAPE READY 2022,Toyota,RAV4,Automatic,"Petrol, Hybrid, Octane","Tk 8,500,000",2022,"2,500 cc","16,013 km",4
Toyota Harrier Progress-PKG 2020,Toyota,Harrier,Automatic,Octane,"Tk 7,650,000",2020,"1,980 cc","29,671 km",6
Toyota Land Cruiser Prado TX 2020,Toyota,Land Cruiser,Automatic,Octane,"Tk 13,600,000",2020,"2,700 cc","20,412 km",6
Toyota Corolla Cross Z 2022,Toyota,Corolla Cross,Automatic,"Hybrid, Octane","Tk 4,875,000",2022,"1,790 cc","21,300 km",4
Toyota Esquire GIP-PKG 2021,Toyota,Esquire,Automatic,"Hybrid, Octane","Tk 4,500,000",2021,"1,790 cc","16,347 km",5
Mercedes-Benz E-Class Sunroof 2016,Mercedes-Benz,E-Class,Automatic,Octane,"Tk 7,500,000",2016,"2,000 cc","41,019 km",10
Honda CR-V EX MASTERPIECE HYB 2020,Honda,CR-V,Automatic,Hybrid,"Tk 5,500,000",2020,"1,500 cc","84,000 km",6
Toyota Fielder EX HYBRID BLUE 2021,Toyota,Fielder,Automatic,"Hybrid, Octane","Tk 2,250,000",2021,"1,500 cc","56,321 km",5
Toyota Noah SZ-signature-Package 2023,Toyota,Noah,Automatic,"Petrol, Hybrid, Octane","Tk 5,150,000",2023,"1,800 cc","19,000 km",3
Toyota Corolla All Power 2003,Toyota,Corolla,Automatic,"CNG, Octane","Tk 1,185,000",2003,"1,500 cc","78,546 km",23
Toyota Esquire GI PREMIUM NON HY 2020,Toyota,Esquire,Automatic,Petrol,"Tk 4,480,000",2020,"2,000 cc","49,400 km",6
Toyota Hiace DX DUBLE AC 2020,Toyota,Hiace,Automatic,Petrol,"Tk 3,080,000",2020,"2,000 cc","46,000 km",6
Toyota Esquire GI PREMIUM HY pearl 2021,Toyota,Esquire,Automatic,Hybrid,"Tk 4,220,000",2021,"1,800 cc","20,000 km",5
Toyota Hiace GL AMBULANCE AT PORT 2020,Toyota,Hiace,Automatic,Petrol,"Tk 3,050,000",2020,"2,000 cc","129,118 km",6
Toyota Corolla Cross G Pearl 458600 km 2021,Toyota,Corolla Cross,Automatic,Hybrid,"Tk 4,070,000",2021,"1,800 cc","58,600 km",5
Mazda MX-5 S Special Red4.546k 2019,Mazda,MX-5,Automatic,Petrol,"Tk 4,250,000",2019,"1,500 cc","46,000 km",7
Toyota Corolla Cross Z Pkg Pearl 5 Point 2025,Toyota,Corolla Cross,Automatic,Hybrid,"Tk 5,690,000",2025,"1,800 cc","18,600 km",1
Toyota Noah SI Pearl 477000 km 2020,Toyota,Noah,Automatic,Hybrid,"Tk 3,590,000",2020,"1,800 cc","77,000 km",6
Toyota Prado TXL Black 452000 km 2019,Toyota,Prado,Automatic,Petrol,"Tk 14,200,000",2019,"2,700 cc","52,000 km",7
Toyota Hiace Ambulance DX Silver 2020,Toyota,Hiace,Automatic,Petrol,"Tk 2,800,000",2020,"2,000 cc","164,000 km",6
Honda CR-V EX Masterpeice Black 2021,Honda,CR-V,Automatic,Petrol,"Tk 6,150,000",2021,"1,500 cc","19,000 km",5
Toyota Esquire Gi Premium Blackish 2020,Toyota,Esquire,Automatic,Hybrid,"Tk 4,090,000",2020,"1,800 cc","85,000 km",6
Honda Insight EX Black Style Pearl 2021,Honda,Insight,Automatic,Hybrid,"Tk 4,480,000",2021,"1,500 cc","37,000 km",5
Toyota Hiace Super GL Brand New 2025,Toyota,Hiace,Automatic,"Petrol, Octane","Tk 5,750,000",2025,"2,000 cc",20 km,1
Toyota Voxy SZ Hybrid  P- 4.5  2023,Toyota,Voxy,Automatic,"Petrol, Hybrid, Octane","Tk 5,400,000",2023,"1,800 cc","51,000 km",3
Toyota Corolla Cross Z Grey 5 Point 2024,Toyota,Corolla Cross,Automatic,Hybrid,"Tk 5,550,000",2024,"1,800 cc","8,100 km",2
Toyota Fielder EX Hybrid Ready 2020,Toyota,Fielder,Automatic,"Petrol, Hybrid, Octane","Tk 2,200,000",2020,"1,500 cc","41,563 km",6
Toyota Prius S Hybrid 2020,Toyota,Prius,Automatic,"Petrol, Hybrid, Octane","Tk 2,950,000",2020,"1,800 cc","58,421 km",6
Toyota Fielder EX Hybrid Ready 2020,Toyota,Fielder,Automatic,"Petrol, Hybrid, Octane","Tk 2,200,000",2020,"1,500 cc","44,102 km",6
Toyota Premio F Pkg Grade 4.5 2020,Toyota,Premio,Automatic,"Petrol, Octane","Tk 4,000,000",2020,"1,500 cc","5,711 km",6
Toyota Axio EX Non Hybrid 2020,Toyota,Axio,Automatic,"Petrol, Octane","Tk 2,600,000",2020,"1,500 cc","78,459 km",6
Toyota Noah X Hybrid 2020,Toyota,Noah,Automatic,"Petrol, Hybrid, Octane","Tk 3,000,000",2020,"1,800 cc","37,452 km",6
Toyota Noah S-Z 4.5 Grade 2022,Toyota,Noah,Automatic,"Petrol, Hybrid, Octane","Tk 5,300,000",2022,"1,800 cc","8,466 km",4
Nissan X-Trail 20Xi Non Hybrid 4.5 2020,Nissan,X-Trail,Automatic,"Petrol, Octane","Tk 4,800,000",2020,"2,000 cc","70,000 km",6
Toyota Alphard Executive Lounge 2020,Toyota,Alphard,Automatic,"Petrol, Octane","Tk 8,800,000",2020,"2,500 cc","117,000 km",6
Toyota Hiace Dx Ambulance Silver 2020,Toyota,Hiace,Automatic,"Petrol, Octane","Tk 2,850,000",2020,"2,000 cc","68,100 km",6
Toyota Hiace Original GL Dual Ac 2020,Toyota,Hiace,Automatic,"Petrol, Octane","Tk 3,530,000",2020,"2,000 cc","91,570 km",6
Toyota Hiace GL 2020,Toyota,Hiace,Automatic,"Petrol, Octane","Tk 3,340,000",2020,"2,000 cc","91,580 km",6
Toyota Noah Si wxb Hybrid 2021,Toyota,Noah,Automatic,Hybrid,"Tk 3,850,000",2021,"1,800 cc","74,290 km",5
Toyota Prius S TOURING MODELLISTA 2018,Toyota,Prius,Automatic,Hybrid,"Tk 2,780,000",2018,"1,800 cc","88,352 km",8
Toyota Axio Non Hybrid 4 grade 2020,Toyota,Axio,Automatic,"Petrol, Octane","Tk 2,670,000",2020,"1,500 cc","75,902 km",6
Toyota Axio NON HYBRID- 4 POINT 2020,Toyota,Axio,Automatic,"Petrol, Octane","Tk 2,670,000",2020,"1,500 cc","75,925 km",6
Toyota Crown CROSSOVER RS ADVANCE 2022,Toyota,Crown,Automatic,Hybrid,"Tk 11,500,000",2022,"2,500 cc","20,000 km",4
Toyota Cami Jeep 2003,Toyota,Cami,Automatic,"CNG, Octane","Tk 730,000",2003,"1,300 cc","76,000 km",23
Toyota Axio EX PKG SILVER COLOR 2020,Toyota,Axio,Automatic,Hybrid,"Tk 2,570,000",2020,"1,500 cc","44,502 km",6
Toyota Hiace SUPER GL DARK PRIME 2022,Toyota,Hiace,Automatic,Octane,"Tk 4,800,000",2022,"2,000 cc","57,852 km",4
Toyota Hiace SUPER GL DARK PRIME2 2021,Toyota,Hiace,Automatic,Octane,"Tk 4,150,000",2021,"2,000 cc","52,412 km",5
Honda Insight Ex package 2019,Honda,Insight,Automatic,"Petrol, Hybrid, Octane","Tk 3,800,000",2019,"1,500 cc","57,000 km",7
Toyota Corolla Cross HARD TOP 2021,Toyota,Corolla Cross,Automatic,Hybrid,"Tk 4,100,000",2021,"1,800 cc","98,000 km",5
Toyota Corolla Cross Z leather Package 2025,Toyota,Corolla Cross,Automatic,"Petrol, Hybrid, Octane","Tk 5,700,000",2025,"1,500 cc","7,000 km",1
Toyota Axio Hybrid Ex Package 2020,Toyota,Axio,Automatic,Hybrid,"Tk 2,250,000",2020,"1,500 cc","81,460 km",6
Toyota Voxy ZS KIRAMIKI SUNROOF 2020,Toyota,Voxy,Automatic,Petrol,"Tk 5,140,000",2020,"2,000 cc","21,000 km",6
Toyota Hiace GL- Dual Ac 2020,Toyota,Hiace,Automatic,"Petrol, Octane","Tk 3,350,000",2020,"2,000 cc","91,470 km",6
Toyota Hiace GL DUAL AC READY 2021,Toyota,Hiace,Automatic,Octane,"Tk 3,480,000",2021,"2,000 cc","42,000 km",5
Toyota Hiace DX Dhaka Ready 2020,Toyota,Hiace,Automatic,Octane,"Tk 3,200,000",2020,"2,000 cc","85,000 km",6
Toyota Crown RS ADVANCE 4 AP 2020,Toyota,Crown,Automatic,"Petrol, Hybrid, Octane","Tk 7,850,000",2020,"2,500 cc","80,000 km",6
Toyota Yaris Cross Hybrid Z Leather 4.5 2021,Toyota,Yaris Cross,Automatic,"Petrol, Hybrid, Octane","Tk 3,600,000",2021,"1,800 cc","50,000 km",5
Toyota Fielder Hybrid EX Push 2020,Toyota,Fielder,Automatic,"Petrol, Hybrid, Octane","Tk 2,250,000",2020,"1,500 cc","45,000 km",6
Toyota Fielder HYBRID EX PKG 2020,Toyota,Fielder,Automatic,"Petrol, Hybrid, Octane","Tk 2,220,000",2020,"1,500 cc","77,000 km",6
Toyota Fielder Hybrid EX Push Start 2020,Toyota,Fielder,Automatic,"Petrol, Hybrid, Octane","Tk 2,250,000",2020,"1,500 cc","71,000 km",6
Honda Vezel HEV Z 2021,Honda,Vezel,Automatic,Hybrid,"Tk 4,400,000",2021,"1,500 cc","31,000 km",5
Toyota Premio G EDITION 2003,Toyota,Premio,Automatic,"Petrol, CNG","Tk 1,320,000",2003,"1,500 cc","85,000 km",23
Toyota Corolla G EDITION 2004,Toyota,Corolla,Automatic,"Petrol, CNG","Tk 1,280,000",2004,"1,500 cc","52,777 km",22
Toyota Fielder WXB Hybrid 2019 GP-5,Toyota,Fielder,Automatic,"Hybrid, Octane","Tk 3,000,000",2019,"1,500 cc","23,000 km",7
Toyota Esquire Gi LUXEL GRIL 2020,Toyota,Esquire,Automatic,"Petrol, Hybrid, Octane","Tk 3,750,000",2020,"1,800 cc","98,520 km",6
Toyota C-HR G LED 360 2019,Toyota,C-HR,Automatic,Hybrid,"Tk 3,380,000",2019,"1,800 cc","31,298 km",7
Toyota Corolla WXB Red 4.5 Point 2022,Toyota,Corolla,Automatic,Hybrid,"Tk 3,880,000",2022,"1,800 cc","18,000 km",4
Toyota RunX X. 2003,Toyota,RunX,Automatic,"CNG, Octane","Tk 995,000",2003,"1,500 cc","74,253 km",23
Toyota Esquire Gi hybrid push 3.5pt 2020,Toyota,Esquire,Automatic,"Hybrid, Octane","Tk 3,500,000",2020,"1,800 cc","120,123 km",6
Toyota Axio Non hybrid Ex push 2020,Toyota,Axio,Automatic,"Petrol, Octane","Tk 2,600,000",2020,"1,500 cc","88,254 km",6
Toyota Hiace SUPER GL DARK PRIME2 2020,Toyota,Hiace,Automatic,Octane,"Tk 4,400,000",2020,"2,000 cc","59,000 km",6
Toyota Hiace GL- Dual Ac 2020,Toyota,Hiace,Automatic,"Petrol, Octane","Tk 3,360,000",2020,"2,000 cc","88,254 km",6
Honda Vezel Z Play Pkg 2022,Honda,Vezel,Automatic,Hybrid,"Tk 4,600,000",2022,"1,500 cc","23,800 km",4
Toyota Fielder Ex Hybrid Silver 2020,Toyota,Fielder,Automatic,Hybrid,"Tk 2,150,000",2020,"1,500 cc","34,452 km",6
Toyota C-HR G-LED PKG-HYBRID 2019,Toyota,C-HR,Automatic,Hybrid,"Tk 3,380,000",2019,"1,800 cc","31,556 km",7
Toyota Axio EX PUSH START HYBRID 2020,Toyota,Axio,Automatic,Hybrid,"Tk 2,350,000",2020,"1,500 cc","114,255 km",6
Honda Insight LX-PKG 2021,Honda,Insight,Automatic,Hybrid,"Tk 3,700,000",2021,"1,500 cc","123,250 km",5
Toyota Fielder HYBRID EX 2020,Toyota,Fielder,Automatic,Hybrid,"Tk 2,450,000",2020,"1,500 cc","88,000 km",6
Honda Vezel E PLAY HYBRID 2021,Honda,Vezel,Automatic,Hybrid,"Tk 4,600,000",2021,"1,500 cc","17,249 km",5
Toyota Noah X NON HYBRID 2020,Toyota,Noah,Automatic,Petrol,"Tk 3,620,000",2020,"2,000 cc","119,222 km",6
Toyota Hiace SUPER GL DARK PRIME 2022,Toyota,Hiace,Automatic,Petrol,"Tk 5,150,000",2022,"2,000 cc","25,000 km",4
Toyota Noah S-Z HYBRID BLACK 2022,Toyota,Noah,Automatic,Hybrid,"Tk 4,650,000",2022,"1,800 cc","41,360 km",4
Toyota Hiace Super GL Dark Prime2 2021,Toyota,Hiace,Automatic,Petrol,"Tk 4,680,000",2021,"2,000 cc","109,000 km",5
Toyota Alphard EX Masterpeice Black 2025,Toyota,Alphard,Automatic,Hybrid,"Tk 20,800,000",2025,"2,500 cc",18 km,1
Toyota Corolla Cross G Black 3.548k km 2022,Toyota,Corolla Cross,Automatic,Hybrid,"Tk 4,230,000",2022,"1,800 cc","48,000 km",4
Toyota Hiace DX SINGLE AC WHITE 2020,Toyota,Hiace,Automatic,"Petrol, Octane","Tk 3,100,000",2020,"2,000 cc","91,000 km",6
Toyota Hiace Super GL Pkg Black 2023,Toyota,Hiace,Automatic,Petrol,"Tk 5,050,000",2023,"2,000 cc","46,000 km",3
Toyota Aqua S Style Hybrid 2020,Toyota,Aqua,Automatic,"Petrol, Hybrid, Octane","Tk 2,050,000",2020,"1,500 cc","56,000 km",6
Toyota Rush Push Start 2006,Toyota,Rush,Automatic,"Octane, LPG","Tk 1,390,000",2006,"1,500 cc","92,437 km",20
Toyota Axio G Octane Drive 2012,Toyota,Axio,Automatic,Octane,"Tk 1,760,000",2012,"1,500 cc","61,345 km",14
Toyota Hiace Ambulance Silver 5D 2020,Toyota,Hiace,Automatic,"Petrol, Octane","Tk 2,800,000",2020,"2,000 cc","64,000 km",6
Toyota Esquire GI Non Hybrid 2 Door 2020,Toyota,Esquire,Automatic,"Petrol, Octane","Tk 4,250,000",2020,"1,500 cc","8,226 km",6
Toyota Premio F-EX 2020,Toyota,Premio,Automatic,Octane,"Tk 4,650,000",2020,"1,500 cc","48,256 km",6
Toyota Prius A Touring Selection 2020,Toyota,Prius,Automatic,"Hybrid, Octane","Tk 3,400,000",2020,"1,800 cc","35,000 km",6
Nissan X-Trail . 2014,Nissan,X-Trail,Automatic,Octane,"Tk 2,200,000",2014,"2,000 cc","85,000 km",12
Toyota Corolla Cross Z Leather Hard Top 2022,Toyota,Corolla Cross,Automatic,"Petrol, Hybrid, Octane","Tk 4,300,000",2022,"1,800 cc","97,000 km",4
Toyota Harrier READY SHOWROOM 2022,Toyota,Harrier,Automatic,"Petrol, Octane","Tk 7,800,000",2022,"2,000 cc","43,013 km",4
Toyota Noah SI WXB2 AERO KITTED 2020,Toyota,Noah,Automatic,"Petrol, Octane","Tk 4,450,000",2020,"2,000 cc","58,000 km",6
Toyota Noah NON HYBRID X PKG.. 2021,Toyota,Noah,Automatic,"Petrol, Octane","Tk 3,700,000",2021,"2,000 cc","57,748 km",5
Toyota Hiace Ambulance GL 2020,Toyota,Hiace,Automatic,"Petrol, Octane","Tk 2,950,000",2020,"2,000 cc","57,023 km",6
Toyota Corolla Cross Z 2021,Toyota,Corolla Cross,Automatic,Hybrid,"Tk 4,299,900",2021,"1,800 cc","32,143 km",5
Toyota Noah wxb 2020,Toyota,Noah,Automatic,Hybrid,"Tk 36,000,000",2020,"1,800 cc","65,000 km",6
Toyota Noah x 2020,Toyota,Noah,Automatic,Hybrid,"Tk 32,000,000",2020,"1,800 cc","64,000 km",6
Toyota C-HR G 2020,Toyota,C-HR,Automatic,"Hybrid, Octane","Tk 3,700,000",2020,"1,790 cc","38,800 km",6
Toyota Noah X NON HYB 4POINT 2020,Toyota,Noah,Automatic,Octane,"Tk 3,480,000",2020,"2,000 cc","145,000 km",6
Toyota Corolla Cross Z LEATHER PKG 4.5 2024,Toyota,Corolla Cross,Automatic,"Hybrid, Octane","Tk 5,440,000",2024,"1,800 cc","54,000 km",2
Toyota Corolla Cross Z PKG 4.0 BLACK 2023,Toyota,Corolla Cross,Automatic,"Hybrid, Octane","Tk 4,780,000",2023,"1,800 cc","38,610 km",3
Toyota Premio FEX PKG Octane Drive 2018,Toyota,Premio,Automatic,Octane,"Tk 3,890,000",2018,"1,500 cc","38,216 km",8
Lexus NX NX300H F-SPORTS 2020,Lexus,NX,Automatic,Octane,"Tk 9,000,000",2020,"2,490 cc","44,700 km",6
Toyota Sienta G OCTEN PUSH 2DR PWR 2020,Toyota,Sienta,Automatic,Octane,"Tk 3,000,000",2020,"1,500 cc","47,000 km",6
Nissan X-Trail GE-4ORCE PKG 2024,Nissan,X-Trail,Automatic,Hybrid,"Tk 7,300,000",2024,"1,490 cc","54,200 km",2
Toyota Allion A15 PKG 2019,Toyota,Allion,Automatic,Octane,"Tk 3,900,000",2019,"1,490 cc","96,125 km",7
Toyota Corolla Cross 2021 Hybrid,Toyota,Corolla Cross,Automatic,"Hybrid, Octane","Tk 4,250,000",2021,"1,800 cc","52,000 km",5
Toyota Hiace DX AMBULANCE WHIITE 2020,Toyota,Hiace,Automatic,"Petrol, Octane","Tk 2,420,000",2020,"2,000 cc","75,721 km",6
Toyota Noah HYBRID SI MICABLUE 2020,Toyota,Noah,Automatic,"Petrol, Hybrid, Octane","Tk 3,550,000",2020,"1,800 cc","98,746 km",6
Toyota Noah NON HYBRID SI WXB 2020,Toyota,Noah,Automatic,"Petrol, Octane","Tk 4,300,000",2020,"2,000 cc","95,467 km",6
Toyota Voxy Hybrid ZS Kirameki 3 2021,Toyota,Voxy,Automatic,"Petrol, Hybrid, Octane","Tk 3,650,000",2021,"1,800 cc","96,345 km",5
Toyota Voxy HYBRID S-Z PEARL 2022,Toyota,Voxy,Automatic,"Petrol, Hybrid, Octane","Tk 5,150,000",2022,"1,800 cc","69,234 km",4
Toyota Harrier Non Hybrid Pearl 2020,Toyota,Harrier,Automatic,"Petrol, Octane","Tk 7,950,000",2020,"2,000 cc","50,500 km",6
Toyota Prius HYBRID PKG.A BLACK 2020,Toyota,Prius,Automatic,"Petrol, Hybrid, Octane","Tk 2,850,000",2020,"1,800 cc","99,342 km",6
Toyota Hiace SUPER GL DARK PRIME 2020,Toyota,Hiace,Automatic,"Petrol, Octane","Tk 4,400,000",2020,"2,000 cc","57,234 km",6
Toyota Fielder Ex Hybrid White 2020,Toyota,Fielder,Automatic,"Petrol, Hybrid, Octane","Tk 2,400,000",2020,"1,500 cc","89,700 km",6
Toyota Axio All Power 2009,Toyota,Axio,Automatic,"CNG, Octane","Tk 1,400,000",2009,"1,500 cc","78,542 km",17
Toyota Esquire GI PREMIUM HYBRID 2020,Toyota,Esquire,Automatic,Hybrid,"Tk 3,750,000",2020,"1,800 cc","97,123 km",6
Toyota C-HR G 2020,Toyota,C-HR,Automatic,"Hybrid, Octane","Tk 3,590,000",2020,"1,800 cc","55,271 km",6
Toyota Noah SI WXB READY DHAKA 2020,Toyota,Noah,Automatic,"Petrol, Hybrid, Octane","Tk 3,750,000",2020,"1,800 cc","83,000 km",6
Toyota C-HR HYBRID G 2021,Toyota,C-HR,Automatic,"Petrol, Hybrid, Octane","Tk 3,100,000",2021,"1,800 cc","69,452 km",5
Toyota RAV4 2020,Toyota,RAV4,Automatic,Hybrid,"Tk 5,100,000",2020,"1,500 cc","85,000 km",6
Toyota Corolla Hybrid GX 2021,Toyota,Corolla,Automatic,"Petrol, Hybrid, Octane","Tk 2,400,000",2021,"1,800 cc",123 km,5
Toyota Corolla hybrid 2021,Toyota,Corolla,Automatic,"Petrol, Hybrid, Octane","Tk 2,380,000",2021,"1,800 cc","48,629 km",5
Toyota Corolla Cross Z LEATHER PKG SILVER 2022,Toyota,Corolla Cross,Automatic,Hybrid,"Tk 4,400,000",2022,"1,800 cc","57,000 km",4
Honda Insight EX-PKG 2021,Honda,Insight,Automatic,"Hybrid, Octane","Tk 4,600,000",2021,"1,490 cc","38,318 km",5
Honda Insight EX HYBRID BLACK 2020,Honda,Insight,Automatic,Hybrid,"Tk 3,850,000",2020,"1,500 cc","54,000 km",6
Honda Insight EX HYBRID 2020,Honda,Insight,Automatic,Hybrid,"Tk 3,680,000",2020,"1,500 cc","58,200 km",6
Toyota Esquire GI PREMIUM HY pearl 2020,Toyota,Esquire,Automatic,Hybrid,"Tk 3,990,000",2020,"1,800 cc","72,600 km",6
Toyota Noah SI WXB HYBRID 2020,Toyota,Noah,Automatic,Hybrid,"Tk 3,450,000",2020,"1,800 cc","59,600 km",6
Toyota Hiace SUPER GL DARK PRIME 2020,Toyota,Hiace,Automatic,Petrol,"Tk 4,470,000",2020,"2,000 cc","27,349 km",6
Toyota Hiace SUPER GL 2DR. PWR 2020,Toyota,Hiace,Automatic,Petrol,"Tk 4,450,000",2020,"2,000 cc","41,526 km",6
Toyota Premio FL BEIGE 2020,Toyota,Premio,Automatic,Petrol,"Tk 4,050,000",2020,"1,500 cc","47,630 km",6
Toyota Axio EX HYBRID 2021,Toyota,Axio,Automatic,Hybrid,"Tk 2,280,000",2021,"1,500 cc","71,000 km",5
Toyota Hiace GL WHITE READY SHOWR 2020,Toyota,Hiace,Automatic,Petrol,"Tk 3,390,000",2020,"2,000 cc","103,000 km",6
Toyota Corolla Cross Z LEATHER 2022,Toyota,Corolla Cross,Automatic,Hybrid,"Tk 4,650,000",2022,"1,800 cc","45,230 km",4
Toyota Esquire GI PREMIUM HY pearl 2020,Toyota,Esquire,Automatic,Hybrid,"Tk 3,650,000",2020,"1,800 cc","46,500 km",6
Toyota Allion G LED PUSH BLACK 2021,Toyota,Allion,Automatic,"Petrol, Octane","Tk 4,000,000",2021,"1,500 cc","34,926 km",5
Toyota Yaris Cross z leather Pearl 2020,Toyota,Yaris Cross,Automatic,Hybrid,"Tk 3,290,000",2020,"1,500 cc","27,000 km",6
Toyota Noah S-Z AUTO FOOT STEP 2024,Toyota,Noah,Automatic,Hybrid,"Tk 5,475,000",2024,"1,800 cc","2,600 km",2
Toyota Prius PHV S NAVIGATION 2020,Toyota,Prius,Automatic,Hybrid,"Tk 3,690,000",2020,"1,800 cc","74,000 km",6
Toyota Corolla Touring Wxb Hybrid 2020,Toyota,Corolla,Automatic,"Petrol, Hybrid, Octane","Tk 2,950,000",2020,"1,800 cc","87,000 km",6
Toyota Yaris Cross Z Wine 462000 km 2020,Toyota,Yaris Cross,Automatic,Hybrid,"Tk 3,530,000",2020,"1,500 cc","62,000 km",6
Mazda MX-5 Navy Top Pearl 2022,Mazda,MX-5,Automatic,Petrol,"Tk 5,550,000",2022,"1,500 cc","2,700 km",4
Toyota Harrier Z Leather Hybrid 2020,Toyota,Harrier,Automatic,Hybrid,"Tk 7,600,000",2020,"2,500 cc","33,114 km",6
Toyota Noah X NON HYBRID 2022,Toyota,Noah,Automatic,"Petrol, Octane","Tk 4,550,000",2022,"2,000 cc","32,000 km",4
Toyota Axio EX HYB PUSH 4POINT 2020,Toyota,Axio,Automatic,"Hybrid, Octane","Tk 2,395,000",2020,"1,500 cc","93,000 km",6
Toyota Land Cruiser VX-V8 Diesel Turbo 2015,Toyota,Land Cruiser,Automatic,Diesel,"Tk 18,500,000",2015,"4,500 cc","64,071 km",11
Toyota Corolla Cross Z PKG FULL LOAD 2023,Toyota,Corolla Cross,Automatic,Hybrid,"Tk 5,300,000",2023,"1,800 cc","39,000 km",3
Toyota Premio FEX PKG Octane Drive 2016,Toyota,Premio,Automatic,Octane,"Tk 3,195,000",2016,"1,500 cc","42,656 km",10
Toyota Yaris Z LEATHER 4POINT 2020,Toyota,Yaris,Automatic,Hybrid,"Tk 2,400,000",2020,"1,500 cc","102,000 km",6
Toyota Hiace Original GL 2020,Toyota,Hiace,Automatic,"Petrol, Octane","Tk 3,530,000",2020,"2,000 cc","89,351 km",6
Toyota Fielder Hybrid 4 Grade 2020,Toyota,Fielder,Automatic,Hybrid,"Tk 2,320,000",2020,"1,500 cc","83,643 km",6
Toyota Yaris Cross Z leaders 2020,Toyota,Yaris Cross,Automatic,Octane,"Tk 3,450,000",2020,"1,500 cc","30,741 km",6
Mitsubishi Lancer Octane 2014,Mitsubishi,Lancer,Automatic,Octane,"Tk 1,790,000",2014,"1,500 cc","65,000 km",12
Toyota Esquire XI 2WD Model 2019,Toyota,Esquire,Automatic,Octane,"Tk 3,780,000",2019,"2,000 cc","36,000 km",7
Toyota Premio 2015,Toyota,Premio,Automatic,Octane,"Tk 2,675,000",2019,"1,500 cc","100,005 km",7
Toyota Hiace Ambulance 2020,Toyota,Hiace,Automatic,"Petrol, Octane","Tk 2,830,000",2020,"2,000 cc","75,000 km",6
Toyota Axio Ex Push Start 2020,Toyota,Axio,Automatic,"Petrol, Hybrid, Octane","Tk 2,300,000",2020,"1,500 cc","67,089 km",6
Toyota Noah Hybrid X 2023,Toyota,Noah,Automatic,"Petrol, Hybrid, Octane","Tk 4,200,000",2023,"1,800 cc","31,000 km",3
Toyota Corolla Cross Z-LEATHER HY MON ROF 2022,Toyota,Corolla Cross,Automatic,"Petrol, Hybrid, Octane","Tk 4,600,000",2022,"1,800 cc","44,127 km",4
Toyota Fielder Ex Push Start 2020,Toyota,Fielder,Automatic,"Petrol, Hybrid, Octane","Tk 2,250,000",2020,"1,500 cc","78,000 km",6
Honda CR-V Octane 2018,Honda,CR-V,Automatic,Octane,"Tk 4,490,000",2018,"1,500 cc","28,000 km",8
Honda Insight ESPECIAL EDITION  2021,Honda,Insight,Automatic,"Hybrid, Octane","Tk 4,300,000",2021,"1,500 cc","410,013 km",5
Toyota Harrier Progress-PKG 2020,Toyota,Harrier,Automatic,Octane,"Tk 7,400,000",2020,"1,980 cc","28,160 km",6
Toyota Aqua Hybrid X package 2021,Toyota,Aqua,Automatic,Hybrid,"Tk 2,150,000",2021,"1,500 cc","1,234 km",5
Toyota Hiace GL SUPER FRESH 2020,Toyota,Hiace,Automatic,Petrol,"Tk 3,150,000",2020,"2,000 cc","91,000 km",6
Toyota Noah SI PKG MICA BLUE 2020,Toyota,Noah,Automatic,Hybrid,"Tk 3,550,000",2020,"1,800 cc","109,000 km",6
Toyota Hiace SUPER GL DARK PRIME2 2022,Toyota,Hiace,Automatic,Petrol,"Tk 4,470,000",2022,"2,000 cc","65,811 km",4
Toyota Axio EX NON HYBRID 2020,Toyota,Axio,Automatic,Petrol,"Tk 2,750,000",2020,"1,500 cc","92,000 km",6
Toyota Harrier Z LEATHER NON HY 2020,Toyota,Harrier,Automatic,Petrol,"Tk 7,950,000",2020,"2,000 cc","46,000 km",6
Toyota Esquire GI PREMIUM NON HY 2020,Toyota,Esquire,Automatic,Petrol,"Tk 4,390,000",2020,"2,000 cc","63,000 km",6
Toyota Fielder Corolla Axio 2017,Toyota,Fielder,Automatic,Octane,"Tk 2,050,000",2017,"1,500 cc","85,800 km",9
Toyota Corolla Cross Z Pearl Full Option 2023,Toyota,Corolla Cross,Automatic,Hybrid,"Tk 5,100,000",2023,"1,800 cc","39,173 km",3
Toyota Prado TXL Black 514500 km 2022,Toyota,Prado,Automatic,Petrol,"Tk 17,200,000",2022,"2,700 cc","14,500 km",4
Toyota Allion A15 Silver R96k km 2020,Toyota,Allion,Automatic,Petrol,"Tk 3,730,000",2020,"1,500 cc","96,000 km",6
Toyota Noah Petrol X Black 2020,Toyota,Noah,Automatic,Petrol,"Tk 3,880,000",2020,"2,000 cc","109,000 km",6
Toyota Noah SI 4 POINT 2020,Toyota,Noah,Automatic,Octane,"Tk 4,190,000",2020,"2,000 cc","33,083 km",6
Honda Vezel Z Play Pkg 2022,Honda,Vezel,Automatic,Hybrid,"Tk 4,400,000",2022,"1,500 cc","5,000 km",4
Toyota Allion G Pearl 2020,Toyota,Allion,Automatic,"Petrol, Octane","Tk 3,820,000",2020,"1,500 cc","46,120 km",6
Toyota Noah S-Z Package 2022,Toyota,Noah,Automatic,Hybrid,"Tk 4,190,000",2022,"1,800 cc","21,567 km",4
Toyota Axio ex 2020,Toyota,Axio,Automatic,"Hybrid, Octane","Tk 2,150,000",2020,"1,500 cc","85,000 km",6
Toyota Fielder EX HYBRID BLACK 2021,Toyota,Fielder,Automatic,"Hybrid, Octane","Tk 2,280,000",2021,"1,500 cc","30,752 km",5
Toyota Noah Hybrid X Pearl 2020,Toyota,Noah,Automatic,Hybrid,"Tk 3,250,000",2020,"1,800 cc","83,000 km",6
Toyota Esquire GI PREMIUM BLAK LATE 2020,Toyota,Esquire,Automatic,"Hybrid, Octane","Tk 3,780,000",2020,"1,800 cc","73,000 km",6
Toyota Fielder 2020 Hybrid,Toyota,Fielder,Automatic,"Hybrid, Octane","Tk 2,180,000",2020,"1,500 cc","80,000 km",6
Honda Insight PUSH HYBRID PACKAGE 2021,Honda,Insight,Automatic,Hybrid,"Tk 3,650,000",2021,"1,500 cc","123,142 km",5
Toyota Hiace GL PACKAGE 2021,Toyota,Hiace,Automatic,Octane,"Tk 3,250,000",2021,"2,000 cc","79,037 km",5
Toyota Prius A PACKAGE SILVER 2020,Toyota,Prius,Automatic,"Hybrid, Octane","Tk 3,220,000",2020,"1,800 cc","41,251 km",6
Toyota Axio NHV BEST PRICE DHAKA 2020,Toyota,Axio,Automatic,Octane,"Tk 2,730,000",2020,"1,500 cc","71,000 km",6
Honda CR-V EX MASTER PIECE 2020,Honda,CR-V,Automatic,"Petrol, Hybrid, Octane","Tk 5,700,000",2020,"2,000 cc","38,265 km",6
Toyota Esquire XI NON HYBRID PUSH 2020,Toyota,Esquire,Automatic,Octane,"Tk 4,000,000",2020,"2,000 cc","132,543 km",6
Toyota Corolla Cross Z LEATHER HARDTOP 2021,Toyota,Corolla Cross,Automatic,Hybrid,"Tk 4,750,000",2021,"1,800 cc","18,321 km",5
Toyota Axio NON HYBRID EX 2020,Toyota,Axio,Automatic,Octane,"Tk 2,600,000",2020,"1,500 cc","207,354 km",6
Toyota Axio EX-PUSH START-HYBRID 2020,Toyota,Axio,Automatic,Hybrid,"Tk 2,300,000",2020,"1,500 cc","114,725 km",6
Toyota C-HR G LED PKG HYBRID 2019,Toyota,C-HR,Automatic,Hybrid,"Tk 3,380,000",2019,"1,800 cc","31,768 km",7
Toyota Harrier NON HYBRID PREMIUM 2020,Toyota,Harrier,Automatic,Octane,"Tk 6,550,000",2020,"2,000 cc","53,876 km",6
Honda Insight LX-PACKAGE 2021,Honda,Insight,Automatic,Hybrid,"Tk 3,700,000",2021,"1,500 cc","123,454 km",5
Toyota Sienta G GLAMPER READY DK. 2020,Toyota,Sienta,Automatic,"Petrol, Hybrid, Octane","Tk 2,650,000",2020,"1,800 cc","91,000 km",6
Toyota C-HR G LED HYBRID PKG 2020,Toyota,C-HR,Automatic,Hybrid,"Tk 3,380,000",2020,"1,800 cc","31,134 km",6
Toyota Harrier Z PACKAGE FULL LOAD 2021,Toyota,Harrier,Automatic,Hybrid,"Tk 7,700,000",2021,"2,500 cc","14,242 km",5
Toyota Esquire GI PREMIUM-HV PKG 2020,Toyota,Esquire,Automatic,Hybrid,"Tk 3,850,000",2020,"1,800 cc","69,234 km",6
Toyota Harrier non hybrid sunroof 2020,Toyota,Harrier,Automatic,Octane,"Tk 6,550,000",2020,"2,000 cc","54,000 km",6
Honda Insight EX-PKG 2019,Honda,Insight,Automatic,Hybrid,"Tk 3,680,000",2019,"1,500 cc","63,335 km",7
Toyota Esquire GI- PREMIUM-HYBRID 2020,Toyota,Esquire,Automatic,Hybrid,"Tk 3,800,000",2020,"1,800 cc","97,653 km",6
Toyota Corolla Cross Z LEATHER-PKG-HV 2023,Toyota,Corolla Cross,Automatic,Hybrid,"Tk 4,750,000",2023,"1,800 cc","30,981 km",3
Toyota Esquire GI PREMIUM LUXEL GR 2021,Toyota,Esquire,Automatic,"Petrol, Hybrid, Octane","Tk 4,430,000",2021,"1,800 cc","51,024 km",5
Toyota Esquire GI PREMIUM-HV 2020,Toyota,Esquire,Automatic,Hybrid,"Tk 3,700,000",2020,"1,800 cc","63,355 km",6
Toyota Fielder ex pkg 2020,Toyota,Fielder,Automatic,Hybrid,"Tk 2,450,000",2020,"1,500 cc","88,250 km",6
Toyota Axio EX PUSH START NON HV 2020,Toyota,Axio,Automatic,Octane,"Tk 2,600,000",2020,"1,500 cc","207,092 km",6
Toyota Harrier NON HV- PREMIUM PKG 2020,Toyota,Harrier,Automatic,Octane,"Tk 6,550,000",2020,"2,000 cc","54,252 km",6
Toyota Voxy NON HYBRID X 2020,Toyota,Voxy,Automatic,"Petrol, Octane, Other fuel type","Tk 3,250,000",2020,"1,800 cc","67,000 km",6
Toyota Esquire Hybrid XI 2020,Toyota,Esquire,Automatic,"Petrol, Hybrid, Octane","Tk 3,300,000",2020,"1,800 cc","61,452 km",6
Toyota Axio Hybrid 2020,Toyota,Axio,Automatic,Hybrid,"Tk 2,150,000",2020,"1,500 cc","99,000 km",6
Toyota Noah hybrid 2020,Toyota,Noah,Automatic,"Petrol, Hybrid, Octane","Tk 3,000,000",2020,"1,800 cc","56,328 km",6
Toyota Noah hybrid G 2020,Toyota,Noah,Automatic,"Petrol, Hybrid, Octane","Tk 3,000,000",2020,"1,800 cc","60,000 km",6
Toyota Esquire GI 2020,Toyota,Esquire,Automatic,Petrol,"Tk 3,950,000",2020,"2,000 cc","68,462 km",6
Honda Insight EX BLACK STYLE 2020,Honda,Insight,Automatic,Hybrid,"Tk 3,900,000",2020,"1,500 cc","94,000 km",6
"Toyota Hiace SUPER GL 360,BODYKIT 2021",Toyota,Hiace,Automatic,Petrol,"Tk 4,700,000",2021,"2,000 cc","89,000 km",5
Nissan X-Trail X E-4ORCE PKG 2023,Nissan,X-Trail,Automatic,"Hybrid, Octane","Tk 7,100,000",2023,"1,500 cc","19,300 km",3
Toyota Allion G-Plus PKG 2020,Toyota,Allion,Automatic,Octane,"Tk 4,550,000",2020,"1,490 cc","33,297 km",6
Toyota Noah X PKG HYB 2020,Toyota,Noah,Automatic,Hybrid,"Tk 3,050,000",2020,"1,800 cc","176,000 km",6
Toyota Noah G PKG NON HYB 2020,Toyota,Noah,Automatic,Hybrid,"Tk 3,870,000",2020,"1,800 cc","112,000 km",6
Toyota Noah G PKG 2021,Toyota,Noah,Automatic,"Hybrid, Octane","Tk 4,050,000",2021,"1,790 cc","51,800 km",5
Toyota Allion G 2020,Toyota,Allion,Automatic,Octane,"Tk 4,300,000",2020,"1,490 cc","6,800 km",6
Toyota Noah S-G 2023,Toyota,Noah,Automatic,"Hybrid, Octane","Tk 5,300,000",2023,"1,790 cc","34,300 km",3
Toyota Hiace GL PACKAGE 2020,Toyota,Hiace,Automatic,Octane,"Tk 3,250,000",2020,"2,000 cc","79,257 km",6
Toyota Yaris Cross Z Leather Body KIT 2020,Toyota,Yaris Cross,Automatic,Hybrid,"Tk 3,280,000",2020,"1,500 cc","45,000 km",6
Toyota Prius A Package 2020,Toyota,Prius,Automatic,Hybrid,"Tk 3,230,000",2020,"1,800 cc","40,822 km",6
Toyota Hiace SUPER GL KEY START 2020,Toyota,Hiace,Automatic,"Petrol, Octane","Tk 3,720,000",2020,"2,000 cc","65,147 km",6
Toyota Allion G-PLUS PACKAGE 2021,Toyota,Allion,Automatic,"Petrol, Octane","Tk 4,380,000",2021,"1,500 cc","36,574 km",5
Toyota Axio X NON-HYBRID 2019,Toyota,Axio,Automatic,"Petrol, Octane","Tk 2,390,000",2019,"1,500 cc","76,451 km",7
Toyota Fielder EX HYBRID WHITE 2020,Toyota,Fielder,Automatic,"Hybrid, Octane","Tk 2,180,000",2020,"1,500 cc","66,970 km",6
Toyota Hiace SUPER GL DARK PRIME 2020,Toyota,Hiace,Automatic,"Petrol, Octane","Tk 4,030,000",2020,"2,000 cc","68,412 km",6
Toyota Corolla Cross Z PACKAGE 2022,Toyota,Corolla Cross,Automatic,Hybrid,"Tk 4,460,000",2022,"1,800 cc","46,000 km",4
Toyota Prius TRD Gi AERO MODELIST 2020,Toyota,Prius,Automatic,"Hybrid, Octane","Tk 3,430,000",2020,"1,800 cc","63,000 km",6
Toyota Hiace Dx Dual Ac Silver 2020,Toyota,Hiace,Automatic,"Petrol, Octane","Tk 3,300,000",2020,"2,000 cc","99,000 km",6
Toyota Esquire Gi Hybrid Black 2020,Toyota,Esquire,Automatic,"Petrol, Hybrid, Octane","Tk 3,550,000",2020,"1,800 cc","73,000 km",6
Toyota Hiace Super GL Dark Prime 2020,Toyota,Hiace,Automatic,"Petrol, Octane","Tk 4,400,000",2020,"2,000 cc","56,000 km",6
Toyota Noah Hybrid G PEARL 2021,Toyota,Noah,Automatic,"Petrol, Hybrid, Octane","Tk 3,350,000",2021,"1,800 cc","74,123 km",5
Toyota Voxy ZS KIRAMIKI 2020,Toyota,Voxy,Automatic,"Petrol, Hybrid, Octane","Tk 3,300,000",2020,"1,800 cc","83,000 km",6
Toyota C-HR G MODE NERO 2020,Toyota,C-HR,Automatic,Hybrid,"Tk 3,450,000",2020,"1,800 cc","44,901 km",6
Toyota Noah push startsunroof 2014,Toyota,Noah,Automatic,"Octane, LPG","Tk 3,200,000",2014,"2,000 cc","77,000 km",12
Toyota Corolla Cross Z Massive Grey 2024,Toyota,Corolla Cross,Automatic,Hybrid,"Tk 5,550,000",2024,"1,800 cc","17,000 km",2
Toyota Hiace GL 2017,Toyota,Hiace,Automatic,"CNG, Octane","Tk 2,920,000",2017,"2,000 cc","71,200 km",9
Toyota Corolla X EDITION 2003,Toyota,Corolla,Automatic,"Petrol, CNG","Tk 980,000",2003,"1,500 cc","175,235 km",23
Toyota Corolla Cross FULL OPTION AVILABLE 2022,Toyota,Corolla Cross,Automatic,"Petrol, Hybrid, Octane","Tk 5,000,000",2022,"1,800 cc","42,013 km",4
Toyota Esquire GI PREMIUM NON HYB 2020,Toyota,Esquire,Automatic,Octane,"Tk 4,679,999",2020,"2,000 cc","34,000 km",6
Toyota Allion Push Start Octne 2015,Toyota,Allion,Automatic,Octane,"Tk 2,480,000",2015,"1,500 cc","58,500 km",11
Toyota Allion A15-PKG 2019,Toyota,Allion,Automatic,Octane,"Tk 3,900,000",2019,"1,490 cc","96,036 km",7
Toyota Harrier Z Leather Baige 2020,Toyota,Harrier,Automatic,"Petrol, Hybrid, Octane","Tk 7,100,000",2020,"2,500 cc","88,000 km",6
Toyota Cross Hybrid Z 2021,Toyota,Cross,Automatic,"Petrol, Hybrid, Octane","Tk 4,000,000",2021,"1,800 cc","80,000 km",5
Toyota Corolla Cross HYBRID 2021,Toyota,Corolla Cross,Automatic,Hybrid,"Tk 3,800,000",2021,"1,800 cc","65,421 km",5
Toyota Prius Hybrid S 2020,Toyota,Prius,Automatic,"Petrol, Hybrid, Octane","Tk 2,700,000",2020,"1,800 cc","62,873 km",6
Toyota Sienta Hybrid Read 2020,Toyota,Sienta,Automatic,"Hybrid, Octane","Tk 2,350,000",2020,"1,500 cc","60,582 km",6
Toyota Corolla Cross Z LEATHER PKG PEARL 2022,Toyota,Corolla Cross,Automatic,Hybrid,"Tk 4,650,000",2022,"1,800 cc","46,000 km",4
Toyota Hiace SUPER GL DARK PRIME 2021,Toyota,Hiace,Automatic,"Petrol, Octane","Tk 4,080,000",2021,"2,000 cc","74,851 km",5
Toyota Axio EX PACKAGE HYBRID 2021,Toyota,Axio,Automatic,Hybrid,"Tk 2,150,000",2021,"1,500 cc","55,947 km",5
Toyota Noah SI WXB II 2020,Toyota,Noah,Automatic,Petrol,"Tk 4,450,000",2020,"2,000 cc","42,635 km",6
Toyota Harrier Z LEATHER NON HYBRID 2020,Toyota,Harrier,Automatic,"Petrol, Octane","Tk 8,050,000",2020,"2,000 cc","38,000 km",6
Toyota Harrier Z LEATHER AP-5 PET. 2020,Toyota,Harrier,Automatic,Petrol,"Tk 8,170,000",2020,"2,000 cc","29,000 km",6
Toyota Corolla G-X PACKAGE 2021,Toyota,Corolla,Automatic,Hybrid,"Tk 2,840,000",2021,"1,800 cc","43,773 km",5
Toyota Hiace SUPER GL BLACK 2020,Toyota,Hiace,Automatic,Petrol,"Tk 4,150,000",2020,"2,000 cc","78,000 km",6
Toyota Sienta G Q PACKAGE 2020,Toyota,Sienta,Automatic,Hybrid,"Tk 2,640,000",2020,"1,500 cc","57,425 km",6
Toyota Axio EX White 3.5105k km 2020,Toyota,Axio,Automatic,Petrol,"Tk 2,890,000",2020,"1,500 cc","105,000 km",6
Toyota Axio EX PKG 2020,Toyota,Axio,Automatic,"Petrol, Hybrid, Octane","Tk 2,350,000",2020,"1,500 cc","42,517 km",6
Toyota Axio EX Silver 491000 km 2020,Toyota,Axio,Automatic,Petrol,"Tk 2,920,000",2020,"1,500 cc","91,000 km",6
Toyota Fielder EX Silver 3.5158k 2020,Toyota,Fielder,Automatic,Petrol,"Tk 2,690,000",2020,"1,500 cc","158,000 km",6
Toyota Noah X Hybrid Silver 2020,Toyota,Noah,Automatic,"Petrol, Hybrid, Octane","Tk 3,050,000",2020,"1,800 cc","76,313 km",6
Toyota Esquire Gi Premium Mica Blue 2020,Toyota,Esquire,Automatic,"Petrol, Hybrid, Octane","Tk 3,950,000",2020,"1,800 cc","77,500 km",6
Toyota Axio G Hybrid 2019,Toyota,Axio,Automatic,"Petrol, Hybrid, Octane","Tk 2,700,000",2019,"1,500 cc","59,000 km",7
Toyota Corolla Cross Z LEATHER HYBRID 2022,Toyota,Corolla Cross,Automatic,"Petrol, Hybrid, Octane","Tk 4,500,000",2022,"1,800 cc","50,000 km",4
Toyota Noah Nonhybrid push 2 D.P 2020,Toyota,Noah,Automatic,"Petrol, Octane","Tk 3,720,000",2020,"2,000 cc","88,241 km",6
Toyota Noah 2 Door power Hybrid 2020,Toyota,Noah,Automatic,Hybrid,"Tk 3,300,000",2020,"1,800 cc","68,240 km",6
Toyota Premio FEX package 2018,Toyota,Premio,Automatic,Octane,"Tk 3,800,000",2018,"1,500 cc","77,000 km",8
Toyota Noah S-Z Leg Rest 360 cam 2022,Toyota,Noah,Automatic,"Petrol, Hybrid, Octane","Tk 4,850,000",2022,"1,800 cc","65,200 km",4
Toyota Noah G Hybrid 2door power 2022,Toyota,Noah,Automatic,Hybrid,"Tk 4,640,000",2022,"1,800 cc","15,183 km",4
Toyota Corolla Cross Z-LEATHER HY HARD TP 2021,Toyota,Corolla Cross,Automatic,"Petrol, Hybrid, Octane","Tk 4,450,000",2021,"1,800 cc","42,589 km",5
Toyota Yaris Cross Z-LEATHER HY GP-4.00 2021,Toyota,Yaris Cross,Automatic,"Petrol, Hybrid, Octane","Tk 3,350,000",2021,"1,500 cc","52,400 km",5
Toyota Prius S-TOURING SELECTION 2020,Toyota,Prius,Automatic,"Petrol, Hybrid, Octane","Tk 3,300,000",2020,"1,800 cc","61,734 km",6
Toyota Hiace GL 2015,Toyota,Hiace,Automatic,"Octane, LPG","Tk 2,520,000",2015,"2,000 cc","87,648 km",11
Honda Grace LX super fresh 2016,Honda,Grace,Automatic,"Hybrid, Octane","Tk 1,750,000",2016,"1,500 cc","66,000 km",10
Toyota Rush Excellent Condition 2013,Toyota,Rush,Automatic,Octane,"Tk 1,990,000",2013,"1,500 cc","53,000 km",13
Toyota Yaris Cross Z PKG-360A READY 2021,Toyota,Yaris Cross,Automatic,"Hybrid, Octane","Tk 3,500,000",2021,"1,500 cc","56,423 km",5
Toyota Esquire GI PREMIUM 4.5 HYB 2020,Toyota,Esquire,Automatic,Hybrid,"Tk 4,190,000",2020,"1,800 cc","52,500 km",6
"Toyota Noah SI WXB 2, NON-HYBRID 2020",Toyota,Noah,Automatic,Octane,"Tk 4,170,000",2020,"2,000 cc","42,000 km",6
Toyota Voxy ZS 2020,Toyota,Voxy,Automatic,Petrol,"Tk 4,000,000",2020,"2,000 cc","37,000 km",6
Honda Vezel eHEV Z PLAY PACKAGE 2024,Honda,Vezel,Automatic,"Petrol, Hybrid, Electric","Tk 6,300,000",2024,"1,500 cc","13,000 km",2
Honda Civic SEDAN 2020,Honda,Civic,Automatic,Octane,"Tk 4,400,000",2020,"1,490 cc","39,551 km",6
Toyota Allion A15-PKG 2020,Toyota,Allion,Automatic,Octane,"Tk 4,075,000",2020,"1,490 cc","50,957 km",6
Toyota Harrier S-PKG 2022,Toyota,Harrier,Automatic,Octane,"Tk 8,950,000",2022,"1,980 cc","47,745 km",4
Toyota Axio EX PKG HYB 4.5 POINT 2020,Toyota,Axio,Automatic,Hybrid,"Tk 2,580,000",2020,"1,500 cc","95,000 km",6
Toyota Axio EX- 2020,Toyota,Axio,Automatic,Octane,"Tk 3,175,000",2020,"1,490 cc","11,300 km",6
Honda Civic SEDAN 2020,Honda,Civic,Automatic,Octane,"Tk 4,550,000",2020,"1,490 cc","38,771 km",6
Toyota Hiace SUPPER GL BODY KIT 2020,Toyota,Hiace,Automatic,Octane,"Tk 4,020,000",2020,"2,000 cc","46,000 km",6
Toyota Noah Non Hybrid X 4 AP 2022,Toyota,Noah,Automatic,"Petrol, Octane","Tk 4,600,000",2022,"2,000 cc","80,000 km",4
Toyota Fielder Hybrid EX 4 Grade 2020,Toyota,Fielder,Automatic,"Petrol, Hybrid, Octane","Tk 2,550,000",2020,"1,800 cc","62,000 km",6
Toyota Noah Hybrid X 2021,Toyota,Noah,Automatic,"Petrol, Hybrid, Octane","Tk 3,500,000",2021,"1,800 cc","80,000 km",5
Hyundai Santa Fe 2006,Hyundai,Santa Fe,Automatic,"Octane, LPG","Tk 820,000",2007,"2,700 cc","90,000 km",19
Honda Insight Ex Push StartGP-4.5 2020,Honda,Insight,Automatic,"Petrol, Hybrid, Octane","Tk 4,050,000",2020,"1,500 cc","31,400 km",6
Toyota Axio Hybrid 2021,Toyota,Axio,Automatic,"Hybrid, Octane","Tk 2,750,000",2021,"1,500 cc","53,000 km",5
Toyota Yaris Cross Z-LEATHER 360 CAMERA 2021,Toyota,Yaris Cross,Automatic,"Petrol, Hybrid, Octane","Tk 3,420,000",2021,"1,500 cc","19,500 km",5
Toyota Fielder Ex Black Ready UT 2020,Toyota,Fielder,Automatic,"Petrol, Hybrid, Octane","Tk 2,300,000",2020,"1,500 cc","125,000 km",6
Toyota Fielder WXB HY FULL LOADED 2019,Toyota,Fielder,Automatic,"Petrol, Hybrid, Octane","Tk 2,750,000",2019,"1,500 cc","45,632 km",7
Toyota Corolla Gx Pkg Hybrid GP-4.0 2020,Toyota,Corolla,Automatic,"Petrol, Hybrid, Octane","Tk 2,850,000",2020,"1,800 cc","62,800 km",6
Toyota Fielder EX NON HYBRID PUSH 2020,Toyota,Fielder,Automatic,"Petrol, Octane","Tk 2,650,000",2020,"1,500 cc","98,546 km",6
Toyota Prado Octane 7 Seats 2017,Toyota,Prado,Automatic,Octane,"Tk 11,000,000",2017,"2,700 cc","62,000 km",9
Toyota Axio New Shape Like 2015,Toyota,Axio,Automatic,"Hybrid, Octane","Tk 1,690,000",2015,"1,500 cc","89,477 km",11
Toyota Harrier FULL OPTION READY 2020,Toyota,Harrier,Automatic,"Petrol, Octane","Tk 7,700,000",2020,"2,000 cc","56,013 km",6
Toyota Noah SI WXB-3 HYBRID 2020,Toyota,Noah,Automatic,"Petrol, Hybrid, Octane","Tk 3,650,000",2020,"1,800 cc","37,748 km",6
Toyota Harrier NON HYBRID Z PKG... 2020,Toyota,Harrier,Automatic,"Petrol, Octane","Tk 7,700,000",2020,"2,000 cc","57,748 km",6
Toyota Voxy S-G PACKAGE 2022,Toyota,Voxy,Automatic,"Petrol, Hybrid, Octane","Tk 5,090,000",2022,"1,800 cc","30,000 km",4
Honda Insight EX-PKG 2021,Honda,Insight,Automatic,"Hybrid, Octane","Tk 4,700,000",2021,"1,490 cc","25,612 km",5
Toyota Hiace GL PACKAGE 2020,Toyota,Hiace,Automatic,Octane,"Tk 3,220,000",2020,"2,000 cc","74,532 km",6
Toyota Hiace Super GL Pearl 2020,Toyota,Hiace,Automatic,"Petrol, Octane","Tk 4,420,000",2020,"2,000 cc","100,001 km",6
Toyota Harrier Z LEATHER HB LOADED 2020,Toyota,Harrier,Automatic,Hybrid,"Tk 7,300,000",2020,"2,500 cc","74,000 km",6
Toyota Axio Hybrid Ex Package 2020,Toyota,Axio,Automatic,Hybrid,"Tk 2,250,000",2020,"1,500 cc","79,254 km",6
Toyota Noah NON HYBRID 2 DOR PWR 2019,Toyota,Noah,Automatic,"Petrol, Octane","Tk 3,450,000",2019,"2,000 cc","64,000 km",7
Toyota Axio EX HYBRID PUSH GP-4 2020,Toyota,Axio,Automatic,"Petrol, Hybrid, Octane","Tk 2,250,000",2020,"1,500 cc","83,450 km",6
Toyota Axio Non hybrid Ex push 2020,Toyota,Axio,Automatic,"Petrol, Octane","Tk 2,720,000",2020,"1,500 cc","35,829 km",6
Toyota Premio FL Ready  4 Point  2020,Toyota,Premio,Automatic,"Petrol, Octane","Tk 4,100,000",2020,"1,500 cc","92,000 km",6
Toyota Prius S Hybrid 2020,Toyota,Prius,Automatic,"Petrol, Hybrid, Octane","Tk 3,100,000",2020,"1,800 cc","59,000 km",6
Toyota C-HR G Hybrid 4.5 Point 2020,Toyota,C-HR,Automatic,"Petrol, Hybrid, Octane","Tk 3,550,000",2020,"1,800 cc","44,658 km",6
Toyota Axio Hybrid Push 4 Grade 2020,Toyota,Axio,Automatic,Hybrid,"Tk 2,300,000",2020,"1,500 cc","97,672 km",6
Toyota Corolla Cross Z LEATHER 4.5 POINT 2021,Toyota,Corolla Cross,Automatic,Hybrid,"Tk 4,430,000",2021,"1,800 cc","40,278 km",5
Toyota Fielder EX PUSH HYBRID 2020,Toyota,Fielder,Automatic,"Hybrid, Octane","Tk 2,280,000",2020,"1,500 cc","59,412 km",6
Toyota Esquire Hybrid-GI-Premium. 2021,Toyota,Esquire,Automatic,"Petrol, Hybrid, Octane","Tk 4,100,000",2021,"1,800 cc","76,000 km",5
Toyota Crown Hybrid Sunroof 4.5 2020,Toyota,Crown,Automatic,"Petrol, Hybrid, Octane","Tk 7,700,000",2020,"2,500 cc","57,000 km",6
Toyota Corolla Cross Hybrid Z Leather 360 2021,Toyota,Corolla Cross,Automatic,"Petrol, Hybrid, Octane","Tk 4,400,000",2021,"1,800 cc","50,000 km",5
Toyota Noah SI WXB V-2 2020,Toyota,Noah,Automatic,"Petrol, Octane","Tk 4,400,000",2020,"2,000 cc","27,000 km",6
Toyota Harrier Non HY Z Leather 2025,Toyota,Harrier,Automatic,"Petrol, Hybrid, Octane","Tk 11,500,000",2025,"2,500 cc",9 km,1
Toyota Corolla Cross Hybrid Z Leather 4.5 2022,Toyota,Corolla Cross,Automatic,"Petrol, Hybrid, Octane","Tk 4,850,000",2022,"1,800 cc","32,000 km",4
Toyota Harrier Advance Premium 2014,Toyota,Harrier,Automatic,"Hybrid, Octane","Tk 3,850,000",2014,"2,500 cc","52,321 km",12
Toyota Corolla Cross Z Leather Sunroof 2024,Toyota,Corolla Cross,Automatic,Hybrid,"Tk 5,450,000",2024,"1,800 cc","21,000 km",2
Toyota Corolla Cross Hybrid S 4.5 Grade 2022,Toyota,Corolla Cross,Automatic,"Petrol, Hybrid, Octane","Tk 4,400,000",2022,"1,800 cc","50,000 km",4
Toyota Fielder Hybrid EX Push Start 2020,Toyota,Fielder,Automatic,"Petrol, Hybrid, Octane","Tk 2,250,000",2020,"1,500 cc","75,000 km",6
"Toyota Hiace a,aaaaaaoaaa2 aa,a.aaoaaaa2 2015",Toyota,Hiace,Automatic,Octane,"Tk 3,130,000",2015,"2,000 cc","87,684 km",11
Toyota Noah KR41 2004,Toyota,Noah,Automatic,"Petrol, CNG","Tk 690,000",2004,"1,800 cc","88,000 km",22
Toyota Noah PUSH PETROLOCT 2021,Toyota,Noah,Automatic,"Petrol, Octane","Tk 3,970,000",2021,"2,000 cc","93,000 km",5
Toyota Axio Ex Non Hybrid Top Gr 2020,Toyota,Axio,Automatic,"Petrol, Octane","Tk 2,760,000",2020,"1,500 cc","40,120 km",6
Toyota RAV4 G Edition Sunroof 2020,Toyota,RAV4,Automatic,"Petrol, Hybrid, Octane","Tk 8,550,000",2020,"2,500 cc","4,200 km",6
Toyota Corolla WxB 4.5 Grade Y 2021,Toyota,Corolla,Automatic,"Petrol, Hybrid, Octane","Tk 3,250,000",2021,"1,800 cc","85,000 km",5
Toyota Yaris Cross Z-LEATHER HY 360CM 2021,Toyota,Yaris Cross,Automatic,"Petrol, Hybrid, Octane","Tk 3,400,000",2021,"1,500 cc","77,382 km",5
Toyota Prius S HYBRID GP-4 2020,Toyota,Prius,Automatic,"Petrol, Hybrid, Octane","Tk 2,900,000",2020,"1,800 cc","63,987 km",6
Toyota Fielder Ex Pkg hybrid Gp-4 2020,Toyota,Fielder,Automatic,"Petrol, Hybrid, Octane","Tk 2,250,000",2020,"1,500 cc","63,214 km",6
Toyota Allion G-LED 2019,Toyota,Allion,Automatic,Octane,"Tk 3,700,000",2019,"1,500 cc","108,000 km",7
Toyota Harrier Full option avalable 2020,Toyota,Harrier,Automatic,"Petrol, Octane","Tk 7,700,000",2020,"2,000 cc","46,013 km",6
Lexus RX 500h F SPORTS READY 2023,Lexus,RX,Automatic,"Petrol, Hybrid, Octane","Tk 20,500,000",2023,"2,400 cc","1,313 km",3
Toyota Harrier Z LEATHER-PKG NON HB 2020,Toyota,Harrier,Automatic,"Petrol, Octane","Tk 7,700,000",2020,"2,000 cc","47,600 km",6
Honda Insight EX PKG PORT READY 2021,Honda,Insight,Automatic,"Petrol, Hybrid, Octane","Tk 4,300,000",2021,"1,500 cc","56,013 km",5
Toyota Corolla Cross ALL OPTION READY CAR 2022,Toyota,Corolla Cross,Automatic,"Hybrid, Octane","Tk 4,999,000",2022,"1,800 cc","51,013 km",4
"Toyota Esquire GI-PREMIUM, PEARLG-3 2020",Toyota,Esquire,Automatic,Hybrid,"Tk 3,600,000",2020,"1,800 cc","124,000 km",6
"Toyota Noah SI WXB 2,NON-HYB G-4 2020",Toyota,Noah,Automatic,Octane,"Tk 4,450,000",2020,"2,000 cc","42,000 km",6
Toyota Hiace Super-GL Full Option 2022,Toyota,Hiace,Automatic,"Petrol, Octane","Tk 4,795,000",2022,"2,000 cc","53,803 km",4
Toyota Noah X Hybrid 2020,Toyota,Noah,Automatic,Hybrid,"Tk 3,270,000",2020,"1,800 cc","63,000 km",6
Toyota Harrier Premium 2020,Toyota,Harrier,Automatic,"Petrol, Octane","Tk 6,800,000",2020,"2,000 cc","40,000 km",6
Toyota Esquire GI-PKG Non-Hybrd 2021,Toyota,Esquire,Automatic,Octane,"Tk 4,460,000",2021,"2,000 cc","58,000 km",5
Toyota Corolla wxb hybrid pearl 2020,Toyota,Corolla,Automatic,Hybrid,"Tk 3,150,000",2020,"1,800 cc","51,000 km",6
Toyota Fielder Ex Hybrid 2020,Toyota,Fielder,Automatic,Hybrid,"Tk 2,350,000",2020,"1,500 cc","62,000 km",6
Toyota Noah G HYBRID 2020,Toyota,Noah,Automatic,Hybrid,"Tk 3,300,000",2020,"1,800 cc","58,671 km",6
Toyota Corolla Cross Z-PKG 2022,Toyota,Corolla Cross,Automatic,"Hybrid, Octane","Tk 4,875,000",2022,"1,790 cc","21,273 km",4
Nissan X-Trail EMARGENCY BRAKE HYB 2020,Nissan,X-Trail,Automatic,Hybrid,"Tk 3,600,000",2020,"1,500 cc","128,000 km",6
Toyota Axio EX PACKAGE HYBRID 2021,Toyota,Axio,Automatic,Hybrid,"Tk 2,230,000",2021,"1,500 cc","54,697 km",5
Toyota Noah SI WXB PACKAGE 2021,Toyota,Noah,Automatic,"Petrol, Octane","Tk 3,960,000",2021,"2,000 cc","69,528 km",5
Toyota Hiace AMBULANCE 2020,Toyota,Hiace,Automatic,Octane,"Tk 2,690,000",2020,"2,000 cc","92,853 km",6
Toyota Axio EX PACKAGE HYBRID 2020,Toyota,Axio,Automatic,Hybrid,"Tk 2,230,000",2020,"1,500 cc","52,294 km",6
Toyota C-HR GR SPORTS 2020,Toyota,C-HR,Automatic,"Hybrid, Octane","Tk 3,480,000",2020,"1,800 cc","45,445 km",6
Toyota Esquire GI NON-HYBRID 2020,Toyota,Esquire,Automatic,"Petrol, Octane","Tk 3,860,000",2020,"2,000 cc","85,933 km",6
Toyota C-HR S LED package Yellow 2021,Toyota,C-HR,Automatic,"Hybrid, Octane","Tk 3,120,000",2021,"1,800 cc","93,040 km",5
Toyota Hiace SUPER GL DARK PRIME 2020,Toyota,Hiace,Automatic,"Petrol, Octane","Tk 4,170,000",2020,"2,000 cc","57,550 km",6
Toyota Corolla WXB PACKAGE 2021,Toyota,Corolla,Automatic,Hybrid,"Tk 3,060,000",2021,"1,800 cc","53,456 km",5
Toyota Hiace DX White 2020,Toyota,Hiace,Automatic,Octane,"Tk 3,100,000",2020,"2,000 cc","80,533 km",6
Toyota Hiace GL PACKAGE 2020,Toyota,Hiace,Automatic,"Petrol, Octane","Tk 3,160,000",2020,"2,000 cc","74,853 km",6
Toyota Fielder X PACKAGE NON-HY 2019,Toyota,Fielder,Automatic,"Petrol, Octane","Tk 2,320,000",2019,"1,500 cc","48,621 km",7
Toyota Axio EX NON-HYBRID 2021,Toyota,Axio,Automatic,"Petrol, Octane","Tk 2,740,000",2021,"1,500 cc","54,612 km",5
Toyota Hiace SUPER GL DARK PRIME 2020,Toyota,Hiace,Automatic,"Petrol, Octane","Tk 4,060,000",2020,"2,000 cc","63,457 km",6
Toyota Aqua G RED 2020,Toyota,Aqua,Automatic,"Hybrid, Octane","Tk 1,750,000",2020,"1,500 cc","35,228 km",6
Toyota Noah X SMART PACKAGE 2022,Toyota,Noah,Automatic,"Hybrid, Octane","Tk 3,050,000",2022,"1,800 cc","65,128 km",4
Toyota Hiace DX PACKAGE 2021,Toyota,Hiace,Automatic,"Petrol, Octane","Tk 3,220,000",2021,"2,000 cc","67,589 km",5
Toyota Hiace GL DHAKA READY UNIT 2020,Toyota,Hiace,Automatic,"Petrol, Octane","Tk 3,180,000",2020,"2,000 cc","76,854 km",6
Toyota Premio FL PACKAGE 21 MODEL 2021,Toyota,Premio,Automatic,"Petrol, Octane","Tk 4,160,000",2021,"1,500 cc","4,523 km",5
Toyota Noah WXB HYBRID 2020,Toyota,Noah,Automatic,Hybrid,"Tk 3,480,000",2020,"1,800 cc","90,000 km",6
Toyota Corolla Cross New Shape Z Brown 2025,Toyota,Corolla Cross,Automatic,Hybrid,"Tk 6,380,000",2025,"1,800 cc",28 km,1
Toyota Noah Non hybrid 2020,Toyota,Noah,Automatic,"Petrol, Octane","Tk 3,500,000",2020,"2,000 cc","67,243 km",6
Toyota Fielder G Push Start Octane 2012,Toyota,Fielder,Automatic,Octane,"Tk 1,820,000",2012,"1,500 cc","65,000 km",14
Toyota Hiace SUPER GL DARK PRIME 2021,Toyota,Hiace,Automatic,"Petrol, Octane","Tk 4,050,000",2021,"2,000 cc","84,571 km",5
Toyota Premio F 2004,Toyota,Premio,Automatic,"CNG, Octane","Tk 1,390,000",2004,"1,500 cc","85,000 km",22
Toyota Esquire Gi premium Hybrid 2017,Toyota,Esquire,Automatic,"Hybrid, Octane","Tk 3,200,000",2017,"1,800 cc","81,793 km",9
Toyota Voxy S-Z All Option 2022,Toyota,Voxy,Automatic,"Petrol, Hybrid, Octane","Tk 5,050,000",2022,"1,800 cc","68,000 km",4
Toyota Corolla Cross Z LEATHERCEMENT GREY 2021,Toyota,Corolla Cross,Automatic,"Petrol, Hybrid, Octane","Tk 4,455,000",2021,"1,800 cc","44,256 km",5
Toyota Premio Fl pkg Loan 2018,Toyota,Premio,Automatic,Octane,"Tk 2,400,000",2018,"1,500 cc","74,542 km",8
Toyota Axio Non Hybrid EX White 2020,Toyota,Axio,Automatic,"Petrol, Octane","Tk 2,590,000",2020,"1,500 cc","84,231 km",6
Toyota Voxy HYBRID MICABLUE 2021,Toyota,Voxy,Automatic,"Petrol, Hybrid, Octane","Tk 3,680,000",2021,"1,800 cc","80,234 km",5
Toyota Hiace Ambulance 2020,Toyota,Hiace,Automatic,"Petrol, Octane","Tk 2,420,000",2020,"1,800 cc","73,000 km",6
Toyota Corolla Cross Z leather Package 2024,Toyota,Corolla Cross,Automatic,"Petrol, Hybrid, Octane","Tk 5,080,000",2024,"1,800 cc",451 km,2
Toyota Corolla Cross Z leather Package 2022,Toyota,Corolla Cross,Automatic,"Petrol, Hybrid, Octane","Tk 4,780,000",2022,"1,800 cc","36,000 km",4
Toyota Noah HYBRID SIWXB PEARL 2021,Toyota,Noah,Automatic,"Petrol, Hybrid, Octane","Tk 3,750,000",2021,"1,800 cc","44,234 km",5
Honda Insight HYBRID LX UNIT 2021,Honda,Insight,Automatic,Hybrid,"Tk 3,650,000",2021,"1,500 cc","123,432 km",5
Toyota Axio EX 4 POINT 2020,Toyota,Axio,Automatic,"Petrol, Hybrid, Octane","Tk 2,400,000",2020,"1,500 cc","90,333 km",6
Toyota Fielder EX READY SHOWROOM 2020,Toyota,Fielder,Automatic,"Petrol, Octane","Tk 2,530,000",2020,"1,500 cc","73,194 km",6
Toyota Esquire GI PREMIUM-HV 2020,Toyota,Esquire,Automatic,Hybrid,"Tk 3,900,000",2020,"1,800 cc","77,099 km",6
Toyota Hiace SUPRE GL-DARK PRIME 2020,Toyota,Hiace,Automatic,Octane,"Tk 4,400,000",2020,"2,000 cc","44,132 km",6
Toyota C-HR G-LED new shape 2019,Toyota,C-HR,Automatic,Hybrid,"Tk 3,380,000",2019,"1,800 cc","31,000 km",7
Toyota C-HR G-LED 360 CAMRA 2019,Toyota,C-HR,Automatic,Hybrid,"Tk 3,380,000",2019,"1,800 cc","31,500 km",7
Toyota Noah X PKG 2020,Toyota,Noah,Automatic,Octane,"Tk 3,550,000",2020,"2,000 cc","96,988 km",6
Toyota Esquire GI PREMIUM-HV-PKG 2020,Toyota,Esquire,Automatic,Hybrid,"Tk 3,800,000",2020,"1,800 cc","69,947 km",6
Toyota Corolla Cross Z LEATHER PANORAMIC 2023,Toyota,Corolla Cross,Automatic,Hybrid,"Tk 4,750,000",2023,"1,800 cc","30,287 km",3
Toyota Axio EX PKG PUSH START 2020,Toyota,Axio,Automatic,Hybrid,"Tk 2,300,000",2020,"1,500 cc","114,200 km",6
Toyota C-HR G-LED-PKG-HV 2019,Toyota,C-HR,Automatic,Hybrid,"Tk 3,380,000",2019,"1,800 cc","31,879 km",7
Toyota Esquire GI PREMIUM-HV 2020,Toyota,Esquire,Automatic,Hybrid,"Tk 3,700,000",2020,"1,800 cc","97,987 km",6
Toyota Esquire XI WITH LIFT UP SEAT 2020,Toyota,Esquire,Automatic,Octane,"Tk 4,000,000",2020,"2,000 cc","132,322 km",6
Toyota Hiace DX 2005,Toyota,Hiace,Automatic,"CNG, Octane","Tk 1,190,000",2005,"2,000 cc","180,000 km",21
Toyota C-HR G LED BLACK 2020,Toyota,C-HR,Automatic,Hybrid,"Tk 3,400,000",2020,"1,800 cc","44,000 km",6
Toyota Vitz Push Start 2012,Toyota,Vitz,Automatic,Octane,"Tk 1,300,000",2012,"1,329 cc","48,826 km",14
Toyota Noah Square 2017,Toyota,Noah,Automatic,"Octane, LPG","Tk 3,120,000",2017,"2,000 cc","67,846 km",9
Toyota Corolla Cross hybrid 2021,Toyota,Corolla Cross,Automatic,"Petrol, Hybrid, Octane","Tk 3,850,000",2021,"1,800 cc","47,168 km",5
Toyota Axio Hybrid EX 2020,Toyota,Axio,Automatic,"Petrol, Hybrid, Octane","Tk 2,150,000",2020,"1,500 cc","62,873 km",6
Toyota Corolla Hybrid GX 2020,Toyota,Corolla,Automatic,Hybrid,"Tk 2,350,000",2020,"1,800 cc","75,478 km",6
Toyota Yaris Cross 2020,Toyota,Yaris Cross,Automatic,Hybrid,"Tk 2,800,000",2020,"1,500 cc","89,000 km",6
Toyota Corolla Cross Z LEATHER FULL LOAD 2021,Toyota,Corolla Cross,Automatic,Hybrid,"Tk 4,800,000",2021,"1,800 cc","36,000 km",5
Toyota Allion A15 PACKAGE WHITE 2020,Toyota,Allion,Manual,"Petrol, Octane","Tk 3,490,000",2020,"1,500 cc","186,000 km",6
Toyota Corolla Cross Z PKG MASSIVE GRAY 2024,Toyota,Corolla Cross,Automatic,Hybrid,"Tk 5,500,000",2024,"1,800 cc","8,000 km",2
Toyota Allion A15 PKG WHITE COLOUR 2020,Toyota,Allion,Automatic,"Petrol, Octane","Tk 3,830,000",2020,"1,500 cc","26,000 km",6
Toyota Axio HYBRID EX PKG SILVER 2020,Toyota,Axio,Automatic,Hybrid,"Tk 2,200,000",2020,"1,500 cc","78,000 km",6
Toyota Esquire GI PACKAGE BLACK 2021,Toyota,Esquire,Automatic,"Petrol, Hybrid, Octane","Tk 3,950,000",2021,"1,800 cc","14,100 km",5
Mazda MX-5 ROADSTER S LEATHER 2020,Mazda,MX-5,Automatic,"Petrol, Octane","Tk 4,400,000",2020,"2,000 cc","52,872 km",6
Toyota Allion A15 PACKAGE WHITE 2020,Toyota,Allion,Automatic,"Petrol, Octane","Tk 3,830,000",2020,"1,500 cc","26,000 km",6
Toyota Corolla Cross Z LEATHER FUL OPTION 2023,Toyota,Corolla Cross,Automatic,Hybrid,"Tk 5,150,000",2023,"1,800 cc","31,670 km",3
Honda CR-V EX 2019,Honda,CR-V,Automatic,Petrol,"Tk 5,670,000",2019,"1,500 cc","30,477 km",7
Toyota Axio EX HYBRID SILVER 2020,Toyota,Axio,Automatic,Hybrid,"Tk 2,280,000",2020,"1,500 cc","71,650 km",6
Toyota Prius S TOURING 2020,Toyota,Prius,Automatic,Hybrid,"Tk 3,230,000",2020,"1,800 cc","5,102 km",6
Toyota Premio F-EX RED WINE 2021,Toyota,Premio,Automatic,Petrol,"Tk 4,850,000",2021,"1,500 cc","77,302 km",5
Toyota Hiace SUPER GL D PRIME 2022,Toyota,Hiace,Automatic,Petrol,"Tk 4,600,000",2022,"2,000 cc","58,000 km",4
Toyota Axio EX HYBRID 2020,Toyota,Axio,Automatic,Hybrid,"Tk 2,200,000",2020,"1,500 cc","138,000 km",6
Toyota Hiace SUPER GL 2020,Toyota,Hiace,Automatic,Petrol,"Tk 3,950,000",2020,"2,000 cc","70,000 km",6
Toyota Hiace GL PEARL 2020,Toyota,Hiace,Automatic,Petrol,"Tk 3,420,000",2020,"2,000 cc","111,987 km",6
Toyota Hiace SUPER GL 2022,Toyota,Hiace,Automatic,Petrol,"Tk 4,550,000",2022,"2,000 cc","71,000 km",4
Toyota Axio EX NON HYBRID 2020,Toyota,Axio,Automatic,Petrol,"Tk 2,650,000",2020,"1,500 cc","125,000 km",6
Toyota Noah G HYBRID 2020,Toyota,Noah,Automatic,Hybrid,"Tk 3,450,000",2020,"1,800 cc","80,000 km",6
Toyota Voxy Z-S LEATRHER 2022,Toyota,Voxy,Automatic,Hybrid,"Tk 4,760,000",2022,"1,800 cc","68,000 km",4
Toyota Fielder WXB HYBRID 2019,Toyota,Fielder,Automatic,Hybrid,"Tk 2,760,000",2019,"1,500 cc","26,220 km",7
Toyota Noah X PACKAGE HYBRID 2020,Toyota,Noah,Automatic,Hybrid,"Tk 3,390,000",2020,"1,800 cc","67,210 km",6
Toyota Premio F-EX BRONZ BEIGE INT 2021,Toyota,Premio,Automatic,Petrol,"Tk 5,030,000",2021,"1,500 cc","35,120 km",5
Toyota Axio Non Hybrid 2020,Toyota,Axio,Automatic,Octane,"Tk 2,950,000",2020,"1,500 cc","80,000 km",6
Mitsubishi Pajero X EDITION 2008,Mitsubishi,Pajero,Manual,Petrol,"Tk 750,000",2008,"2,350 cc","143,272 km",18
Toyota Noah SI 2 Door Power 2012,Toyota,Noah,Automatic,Octane,"Tk 2,680,000",2012,"2,000 cc","62,350 km",14
Toyota Hiace SUPER GL DARK PRIME2 2020,Toyota,Hiace,Automatic,Octane,"Tk 4,400,000",2020,"2,000 cc","25,000 km",6
Toyota Axio EX 2020,Toyota,Axio,Automatic,Octane,"Tk 3,175,000",2020,"1,490 cc","11,300 km",6
Toyota Harrier Z LEATHER NON HYB 2020,Toyota,Harrier,Automatic,Octane,"Tk 8,030,000",2020,"2,000 cc","47,000 km",6
Toyota Noah SI-WXB II PKG 2020,Toyota,Noah,Automatic,Octane,"Tk 4,800,000",2020,"1,980 cc","47,600 km",6
Toyota Premio FL PACKAGE 4 POINT 2020,Toyota,Premio,Automatic,Octane,"Tk 4,350,000",2020,"1,500 cc","34,000 km",6
Toyota Aqua S PKG 4 POINT 2020,Toyota,Aqua,Automatic,Hybrid,"Tk 1,880,000",2020,"1,500 cc","89,000 km",6
Toyota Hiace SUPER GL DARK PRIME2 2020,Toyota,Hiace,Automatic,Hybrid,"Tk 4,300,000",2020,"2,000 cc","81,000 km",6
Toyota Fielder EX like G PACKAGE 2020,Toyota,Fielder,Automatic,"Petrol, Hybrid, Octane","Tk 2,400,000",2020,"1,500 cc","120,000 km",6
Toyota Noah S-Z PKG 2023,Toyota,Noah,Automatic,"Hybrid, Octane","Tk 5,850,000",2023,"1,790 cc","18,800 km",3
Toyota Corolla Cross Z PKG HARDTOP 2021,Toyota,Corolla Cross,Automatic,Hybrid,"Tk 4,250,000",2021,"1,800 cc","28,000 km",5
Nissan X-Trail X E- 4ORCE 2023,Nissan,X-Trail,Automatic,"Hybrid, Octane","Tk 7,100,000",2023,"1,500 cc","19,224 km",3
Toyota Hiace DX GL WITH LED 2020,Toyota,Hiace,Automatic,Octane,"Tk 3,450,000",2020,"2,000 cc","111,000 km",6
Toyota Voxy X Package 2020,Toyota,Voxy,Automatic,"Petrol, Hybrid, Octane","Tk 2,980,000",2020,"1,800 cc","156,000 km",6
Toyota Corolla WXB HYBRID 2020,Toyota,Corolla,Automatic,Hybrid,"Tk 3,150,000",2020,"1,800 cc","79,480 km",6
Toyota Hiace SUPER GL DARK PRIME 2022,Toyota,Hiace,Automatic,Petrol,"Tk 4,460,000",2022,"2,000 cc","36,000 km",4
Toyota Allion A15 READY STOCK 2020,Toyota,Allion,Automatic,Petrol,"Tk 3,560,000",2020,"1,500 cc","86,000 km",6
Toyota Premio FL LED PEARL 2021,Toyota,Premio,Automatic,Petrol,"Tk 4,480,000",2021,"1,500 cc","51,222 km",5
Toyota Corolla Cross Z LEATHER BRONEZ 2021,Toyota,Corolla Cross,Automatic,Hybrid,"Tk 4,490,000",2021,"1,800 cc","54,000 km",5
Toyota Harrier NON HYBRID 2020,Toyota,Harrier,Automatic,Petrol,"Tk 6,950,000",2020,"2,000 cc","40,384 km",6
Toyota Land Cruiser PRADO TX-L 70TH ANN. 2021,Toyota,Land Cruiser,Automatic,Diesel,"Tk 16,000,000",2021,"2,700 cc","38,800 km",5
Toyota Premio F-EX PEARL 2020,Toyota,Premio,Automatic,Petrol,"Tk 4,650,000",2020,"1,500 cc","45,600 km",6
Toyota Prius S HYBRID 4 grade 2020,Toyota,Prius,Automatic,Hybrid,"Tk 2,980,000",2020,"1,800 cc","41,380 km",6
Toyota Esquire GIP PKG 2020,Toyota,Esquire,Automatic,"Hybrid, Octane","Tk 4,175,000",2020,"1,790 cc","48,738 km",6
Toyota Harrier 2020,Toyota,Harrier,Automatic,Unknown,"Tk 7,100,000",2020,"2,000 cc","35,990 km",6
Toyota Harrier G 2009,Toyota,Harrier,Automatic,"Octane, LPG","Tk 2,850,000",2009,"2,400 cc","65,214 km",17
Toyota Noah X PACKAGE HYBRID 2021,Toyota,Noah,Automatic,Hybrid,"Tk 3,120,000",2021,"1,800 cc","55,476 km",5
Toyota Hiace Gl octane Loan 2018,Toyota,Hiace,Automatic,"CNG, Octane","Tk 1,800,000",2018,"2,000 cc","67,201 km",8
Toyota Noah X Smart Package 2020,Toyota,Noah,Automatic,Octane,"Tk 3,800,000",2020,"2,000 cc","51,000 km",6
Toyota Fielder PUSH EX HYBRID 2020,Toyota,Fielder,Automatic,Hybrid,"Tk 2,380,000",2020,"1,500 cc","88,431 km",6
Toyota Axio EX NON HYBRID 2020,Toyota,Axio,Automatic,"Petrol, Octane","Tk 2,650,000",2020,"1,500 cc","102,000 km",6
Toyota Axio EX READY SHOWROOM 2020,Toyota,Axio,Automatic,"Petrol, Hybrid, Octane","Tk 2,300,000",2020,"1,500 cc","21,000 km",6
Toyota Axio HYBRID PUSH START 2020,Toyota,Axio,Automatic,Hybrid,"Tk 2,390,000",2020,"1,500 cc","104,123 km",6
Toyota Voxy ZS KIRAMEKI 2 NON HY 2020,Toyota,Voxy,Automatic,"Petrol, Octane","Tk 3,920,000",2020,"2,000 cc","81,000 km",6
Toyota Voxy -T 2022,Toyota,Voxy,Automatic,"Petrol, Hybrid, Octane","Tk 5,420,000",2022,"1,800 cc","55,000 km",4
Toyota Axio EX SAFETY SENSOR 2020,Toyota,Axio,Automatic,Hybrid,"Tk 2,450,000",2020,"1,500 cc","77,000 km",6
Toyota Axio EX Silver R137k km 2020,Toyota,Axio,Automatic,Hybrid,"Tk 2,280,000",2020,"1,500 cc","137,000 km",6
Toyota Aqua S White 489000 km 2020,Toyota,Aqua,Automatic,Hybrid,"Tk 1,950,000",2020,"1,500 cc","89,000 km",6
Toyota Axio EX White 3.5140k km 2020,Toyota,Axio,Automatic,Petrol,"Tk 2,780,000",2020,"1,500 cc","140,000 km",6
Toyota Noah HB New Black SZ 2022,Toyota,Noah,Automatic,Hybrid,"Tk 4,700,000",2022,"1,800 cc","127,000 km",4
Toyota Axio EX Silver 4130k km 2020,Toyota,Axio,Automatic,Hybrid,"Tk 2,300,000",2020,"1,500 cc","130,000 km",6
Toyota Axio Hybrid EX Pkg White 2020,Toyota,Axio,Automatic,Hybrid,"Tk 2,320,000",2020,"1,500 cc","85,600 km",6
Toyota Harrier Z Black Color Hybrid 2020,Toyota,Harrier,Automatic,Hybrid,"Tk 7,590,000",2020,"2,500 cc","39,000 km",6
Toyota Esquire Gi Blackish Purple 2020,Toyota,Esquire,Automatic,Hybrid,"Tk 3,850,000",2020,"1,800 cc","131,500 km",6
Toyota Esquire GI Black 3.558k km 2021,Toyota,Esquire,Automatic,Petrol,"Tk 4,530,000",2021,"2,000 cc","58,000 km",5
Toyota Axio EX White 468000 km 2020,Toyota,Axio,Automatic,Petrol,"Tk 2,980,000",2020,"1,500 cc","68,000 km",6
Toyota Allion A15 White 460k km 2020,Toyota,Allion,Automatic,Petrol,"Tk 3,780,000",2020,"1,500 cc","60,000 km",6
Toyota Esquire Gi Silver R55600 km 2021,Toyota,Esquire,Automatic,Petrol,"Tk 4,330,000",2021,"2,000 cc","55,600 km",5
Toyota Corolla Cross Z Blackish Full Load 2022,Toyota,Corolla Cross,Automatic,Hybrid,"Tk 4,900,000",2022,"1,800 cc","50,000 km",4
Toyota Hiace Super GL Dark Prime2 2021,Toyota,Hiace,Automatic,"Petrol, Octane","Tk 4,500,000",2021,"2,000 cc","65,000 km",5
Toyota Allion A15 key Start Ready 2020,Toyota,Allion,Automatic,"Petrol, Octane","Tk 3,550,000",2020,"1,500 cc","96,000 km",6
Toyota Corolla Cross Z Pearl 5 Point 2022,Toyota,Corolla Cross,Automatic,Hybrid,"Tk 4,890,000",2022,"1,800 cc","22,000 km",4
Toyota Sienta G HYBRID 2020,Toyota,Sienta,Automatic,"Petrol, Hybrid, Octane","Tk 2,600,000",2020,"1,500 cc","80,000 km",6
Toyota Sienta G -LED 2020,Toyota,Sienta,Automatic,"Petrol, Hybrid, Octane","Tk 2,600,000",2020,"1,500 cc","78,620 km",6
Toyota Esquire GI PREMIUM HYBRID 2020,Toyota,Esquire,Automatic,"Petrol, Hybrid, Octane","Tk 4,130,000",2020,"1,800 cc","57,000 km",6
Toyota Corolla Cross Z Pkg Red 5 Point 2021,Toyota,Corolla Cross,Automatic,Hybrid,"Tk 4,690,000",2021,"1,800 cc","18,000 km",5
Toyota Corolla Cross Z Leather Brand New 2025,Toyota,Corolla Cross,Automatic,"Petrol, Hybrid, Octane","Tk 6,250,000",2025,"1,800 cc",6 km,1
Toyota Sienta G CUERO 2019,Toyota,Sienta,Automatic,"Petrol, Hybrid, Octane","Tk 2,600,000",2019,"1,500 cc","54,120 km",7
Toyota Axio EX HYBRID WHITE 2020,Toyota,Axio,Automatic,"Petrol, Hybrid, Octane","Tk 2,400,000",2020,"1,500 cc","46,342 km",6
Toyota Prius S Hybrid 2020,Toyota,Prius,Automatic,"Petrol, Hybrid, Octane","Tk 2,950,000",2020,"1,800 cc","34,520 km",6
Toyota Corolla Cross Z Leather Brand New 2025,Toyota,Corolla Cross,Automatic,"Petrol, Hybrid, Octane","Tk 6,400,000",2025,"1,800 cc",2 km,1
Toyota Hiace Super GL Dark Prime2 2023,Toyota,Hiace,Automatic,Petrol,"Tk 5,020,000",2023,"2,000 cc","74,000 km",3
Toyota Axio EX Silver 4127k km 2020,Toyota,Axio,Automatic,Hybrid,"Tk 2,330,000",2020,"1,500 cc","127,000 km",6
Toyota Premio F-EX Point- 4.5 2020,Toyota,Premio,Automatic,"Petrol, Octane","Tk 4,500,000",2020,"1,500 cc","55,000 km",6
Toyota Premio F-EX Pearl 2021,Toyota,Premio,Automatic,"Petrol, Octane","Tk 4,920,000",2021,"1,500 cc","9,454 km",5
Toyota Axio EX Non Hybrid P-4 2021,Toyota,Axio,Automatic,"Petrol, Octane","Tk 2,980,000",2021,"1,500 cc","18,002 km",5
Toyota Prius S Hybrid 4 Point 2021,Toyota,Prius,Automatic,"Petrol, Hybrid, Octane","Tk 3,070,000",2021,"1,800 cc","44,487 km",5
Toyota Noah Non Hyb key 1Dp 3.5p 2020,Toyota,Noah,Automatic,"Octane, Other fuel type","Tk 3,500,000",2020,"2,000 cc","64,321 km",6
Toyota Hiace GL DUAL AC READY 2020,Toyota,Hiace,Automatic,Octane,"Tk 3,450,000",2020,"2,000 cc","75,000 km",6
Toyota Axio EX NON HYBRID 2020,Toyota,Axio,Automatic,Octane,"Tk 2,720,000",2020,"1,500 cc","75,000 km",6
Toyota Corolla Pearl Colour 2006,Toyota,Corolla,Automatic,"CNG, Octane","Tk 1,270,000",2006,"1,500 cc","93,000 km",20
Toyota Esquire Gi Premium Hybrid 2020,Toyota,Esquire,Automatic,Hybrid,"Tk 3,850,000",2020,"1,800 cc","80,351 km",6
Toyota Axio Ex Pkg Hybrid key 2020,Toyota,Axio,Automatic,"Hybrid, Octane","Tk 2,420,000",2020,"1,500 cc","70,521 km",6
Toyota Noah Nonhybrid 2Door Powr 2019,Toyota,Noah,Automatic,"Petrol, Octane","Tk 3,520,000",2019,"2,000 cc","63,893 km",7
Toyota Corolla Cross Z LEATHER 4.5 POINT 2022,Toyota,Corolla Cross,Automatic,Hybrid,"Tk 4,480,000",2022,"1,800 cc","78,250 km",4
Toyota Axio Ex pkg non hyb 4pt 2020,Toyota,Axio,Automatic,"Octane, Other fuel type","Tk 2,720,000",2020,"1,500 cc","90,521 km",6
Toyota Aqua s push start 2020,Toyota,Aqua,Automatic,Hybrid,"Tk 2,080,000",2020,"1,500 cc","70,251 km",6
Toyota Noah Non hybrid 2020,Toyota,Noah,Automatic,"Petrol, Octane","Tk 3,440,000",2020,"2,000 cc","88,140 km",6
Toyota Noah Hybrid 2 Door power 2021,Toyota,Noah,Automatic,Hybrid,"Tk 3,650,000",2021,"1,800 cc","88,251 km",5
Toyota Hiace GL 2020,Toyota,Hiace,Automatic,"Petrol, Octane","Tk 3,320,000",2020,"2,000 cc","77,301 km",6
Toyota Noah G Hybrid a2aaaa a-aaoa 2020,Toyota,Noah,Automatic,Hybrid,"Tk 1,200,000",2020,"1,800 cc","84,289 km",6
Toyota Hiace gl white 2020,Toyota,Hiace,Automatic,"Petrol, Octane","Tk 3,520,000",2020,"2,000 cc","107,000 km",6
Toyota Fielder Hybrid 4 point 2020,Toyota,Fielder,Automatic,Hybrid,"Tk 2,320,000",2020,"1,500 cc","89,256 km",6
Toyota Axio Ex Non HYB push 3.5p 2020,Toyota,Axio,Automatic,"Octane, Other fuel type","Tk 2,650,000",2020,"1,500 cc","123,456 km",6
Toyota Fielder Ex Hybrid Push 2020,Toyota,Fielder,Automatic,Hybrid,"Tk 2,300,000",2020,"1,500 cc","81,316 km",6
Toyota Axio NON HYBRID- 4 GRADE 2020,Toyota,Axio,Automatic,"Petrol, Octane","Tk 2,720,000",2020,"1,500 cc","77,241 km",6
Toyota Esquire Gi premium Hyb 4pt 2020,Toyota,Esquire,Automatic,"Hybrid, Octane","Tk 3,850,000",2020,"1,800 cc","80,821 km",6
Toyota Hiace GL 2020,Toyota,Hiace,Automatic,"Petrol, Octane","Tk 3,330,000",2020,"2,000 cc","83,177 km",6
Toyota Fielder HYBRID READY UNIT 2020,Toyota,Fielder,Automatic,Hybrid,"Tk 2,330,000",2020,"1,500 cc","79,250 km",6
Toyota Harrier Z-LEATHER NON HY JBL 2020,Toyota,Harrier,Automatic,"Petrol, Octane","Tk 8,200,000",2020,"2,000 cc","36,597 km",6
Toyota Fielder Ex Pkg hybrid Gp-4 2020,Toyota,Fielder,Automatic,"Petrol, Hybrid, Octane","Tk 2,300,000",2020,"1,500 cc","66,300 km",6
Toyota Passo X 2009,Toyota,Passo,Automatic,Octane,"Tk 780,000",2009,"1,000 cc","73,100 km",17
Toyota Hiace GL 2020,Toyota,Hiace,Automatic,"Petrol, Octane","Tk 3,340,000",2020,"2,000 cc","89,472 km",6
Toyota Corolla WXB PACKAGE 2021,Toyota,Corolla,Automatic,Hybrid,"Tk 3,140,000",2021,"1,800 cc","59,864 km",5
Toyota Hiace SUPER GL DARK PRIME 2021,Toyota,Hiace,Automatic,"Petrol, Octane","Tk 4,130,000",2021,"2,000 cc","69,817 km",5
Toyota Corolla TOURING WXB BLACK 2020,Toyota,Corolla,Automatic,"Petrol, Hybrid, Octane","Tk 2,980,000",2020,"1,800 cc","80,145 km",6
Toyota Esquire Gi package 2020,Toyota,Esquire,Automatic,"Petrol, Hybrid, Octane","Tk 3,520,000",2020,"1,800 cc","138,000 km",6
Toyota C-HR G LED 2020,Toyota,C-HR,Automatic,"Petrol, Hybrid, Octane","Tk 3,450,000",2020,"1,800 cc","38,000 km",6
Toyota Noah G Package 2020,Toyota,Noah,Automatic,"Petrol, CNG, Octane, LPG","Tk 3,700,000",2020,"2,000 cc","114,000 km",6
Toyota Prius A Package 2020,Toyota,Prius,Automatic,"Petrol, Hybrid, Octane","Tk 3,100,000",2020,"1,800 cc","61,700 km",6
Toyota Corolla Cross Z leather Package 2022,Toyota,Corolla Cross,Automatic,"Petrol, Hybrid, Octane","Tk 4,350,000",2022,"1,800 cc","45,000 km",4
Toyota Prius A package-Beige clr 2020,Toyota,Prius,Automatic,"Petrol, Hybrid, Octane","Tk 3,130,000",2020,"1,800 cc","77,500 km",6
Toyota Harrier Z leather Package 2020,Toyota,Harrier,Automatic,"Petrol, Octane","Tk 7,700,000",2020,"2,000 cc","133,000 km",6
Toyota C-HR S GR SPORTS 2020,Toyota,C-HR,Automatic,Hybrid,"Tk 3,650,000",2020,"1,800 cc","52,200 km",6
Toyota Yaris Hybrid X 2021,Toyota,Yaris,Automatic,"Petrol, Hybrid, Octane","Tk 1,900,000",2021,"1,500 cc","76,000 km",5
Toyota Prius S NAVIGATION PHV 360 2020,Toyota,Prius,Automatic,Hybrid,"Tk 3,780,000",2020,"1,800 cc","74,000 km",6
Toyota Corolla Cross Z LEATHER 2025,Toyota,Corolla Cross,Automatic,Hybrid,"Tk 5,540,000",2025,"1,800 cc","14,000 km",1
Toyota Hiace DUAL AC AMBULANCH 2020,Toyota,Hiace,Automatic,Petrol,"Tk 3,110,000",2020,"2,000 cc","46,000 km",6
Toyota Noah S-Z HYBRID BRAND NEW 2024,Toyota,Noah,Automatic,Hybrid,"Tk 5,950,000",2024,"1,800 cc","1,600 km",2
Toyota Axio EX HYBRID 2020,Toyota,Axio,Automatic,Hybrid,"Tk 2,450,000",2020,"1,500 cc","45,000 km",6
Toyota Fielder Hybrid Ex Grade- 4 2020,Toyota,Fielder,Automatic,Hybrid,"Tk 2,320,000",2020,"1,500 cc","94,623 km",6
Toyota Premio FL Bronze 4 Point 2020,Toyota,Premio,Automatic,Petrol,"Tk 4,500,000",2020,"1,500 cc","37,900 km",6
Toyota Noah Nonhybrid push 2 D.P 2020,Toyota,Noah,Automatic,"Petrol, Octane","Tk 3,750,000",2020,"2,000 cc","80,261 km",6
Toyota Axio Non hybrid Ex push 2020,Toyota,Axio,Automatic,"Petrol, Octane","Tk 2,600,000",2020,"1,500 cc","90,251 km",6
Toyota Axio EX NON HYBRID 2020,Toyota,Axio,Automatic,"Petrol, Octane","Tk 2,700,000",2020,"1,500 cc","87,410 km",6
Toyota Fielder EX NON HYBRID 2020,Toyota,Fielder,Automatic,"Petrol, Octane","Tk 2,600,000",2020,"1,500 cc","84,100 km",6
Toyota Hiace SUPER GL 2020,Toyota,Hiace,Automatic,"Petrol, Octane","Tk 4,000,000",2020,"2,000 cc","88,210 km",6
Toyota Fielder EX PKG HYBRID 2020,Toyota,Fielder,Automatic,"Petrol, Hybrid, Octane","Tk 2,350,000",2020,"1,500 cc","87,400 km",6
Toyota Fielder Non hybrid Ex push 2020,Toyota,Fielder,Automatic,"Petrol, Octane","Tk 2,650,000",2020,"1,500 cc","89,351 km",6
Toyota Fielder Ex Non Hyb push 3.5p 2020,Toyota,Fielder,Automatic,"Octane, Other fuel type","Tk 2,600,000",2020,"1,500 cc","88,531 km",6
"Toyota Axio a,aaaaa aaaaaa, 2014",Toyota,Axio,Automatic,"Octane, LPG","Tk 1,750,000",2014,"1,500 cc","95,865 km",12
Toyota Yaris Cross -Z PKG-360 2021,Toyota,Yaris Cross,Automatic,"Petrol, Hybrid, Octane","Tk 3,500,000",2021,"1,500 cc","57,748 km",5
Toyota C-HR G-LED PKG GRAD-4.5 2020,Toyota,C-HR,Automatic,Hybrid,"Tk 3,730,000",2020,"1,800 cc","36,000 km",6
Toyota Premio FL SILVER 2020,Toyota,Premio,Automatic,"Petrol, Octane","Tk 3,750,000",2020,"1,500 cc","55,000 km",6
Toyota Hiace Super GL 2020,Toyota,Hiace,Automatic,"Petrol, Octane","Tk 4,300,000",2020,"2,000 cc","79,500 km",6
Toyota Hiace SUPER-GL DARK PRIME2 2021,Toyota,Hiace,Automatic,Octane,"Tk 4,550,000",2021,"2,000 cc","116,000 km",5
"Toyota Hiace GL-DualAc, G-4 PEARL 2020",Toyota,Hiace,Automatic,Octane,"Tk 3,570,000",2020,"2,000 cc","111,000 km",6
Toyota Hiace SUPER-GL DARK PRIME2 2022,Toyota,Hiace,Automatic,Octane,"Tk 4,770,000",2022,"2,000 cc","12,000 km",4
Toyota Voxy ZS KIRAMICHI 2 PEARL 2020,Toyota,Voxy,Automatic,Hybrid,"Tk 3,550,000",2020,"1,800 cc","68,000 km",6
Toyota Hiace AMBULANCE 2021,Toyota,Hiace,Automatic,"Petrol, Octane","Tk 2,880,000",2021,"2,000 cc","78,000 km",5
Toyota Hiace Dx 2022,Toyota,Hiace,Automatic,Petrol,"Tk 3,500,000",2022,"2,000 cc","103,508 km",4
Toyota Corolla Cross Z-LEATHER 2024,Toyota,Corolla Cross,Automatic,Hybrid,"Tk 5,530,000",2024,"1,800 cc",6 km,2
Toyota Axio Ex Hybrid 2020,Toyota,Axio,Automatic,Hybrid,"Tk 2,450,000",2020,"1,500 cc","76,875 km",6
Toyota Harrier Progress Metal 2020,Toyota,Harrier,Automatic,Octane,"Tk 7,990,000",2020,"1,980 cc","27,700 km",6
Toyota Corolla Cross Z LEATHER 3.5POINT 2022,Toyota,Corolla Cross,Automatic,"Hybrid, Octane","Tk 4,670,000",2022,"1,800 cc","49,000 km",4
Toyota Harrier Z LEATHER NON HYB 2020,Toyota,Harrier,Automatic,Petrol,"Tk 7,980,000",2020,"2,000 cc","46,000 km",6
Toyota Corolla Cross Z LEATHER 5POINT 2022,Toyota,Corolla Cross,Automatic,"Hybrid, Octane","Tk 5,040,000",2022,"1,800 cc","20,000 km",4
Toyota Corolla Cross S 2022,Toyota,Corolla Cross,Automatic,"Hybrid, Octane","Tk 4,850,000",2022,"1,800 cc","44,200 km",4
Toyota Corolla Axio X Non Hybrid 2012,Toyota,Corolla,Automatic,CNG,"Tk 1,481,000",2012,"1,500 cc",0 km,14
Toyota Axio EX HYBRID SILVER 2021,Toyota,Axio,Automatic,"Hybrid, Octane","Tk 2,250,000",2021,"1,500 cc","35,423 km",5
Toyota Hiace Super GL Black 2020,Toyota,Hiace,Automatic,Octane,"Tk 4,190,000",2020,"2,000 cc","78,561 km",6
Toyota Hiace Super GL White 2020,Toyota,Hiace,Automatic,Petrol,"Tk 4,350,000",2020,"2,000 cc","125,000 km",6
Toyota Sienta G-HYBRID 7SET 2DR PW 2020,Toyota,Sienta,Automatic,"Petrol, Hybrid, Octane","Tk 2,800,000",2020,"1,500 cc","98,540 km",6
Toyota Noah Hybrid G 2 Door PW 2020,Toyota,Noah,Automatic,"Petrol, Hybrid, Octane","Tk 3,450,000",2020,"1,800 cc","55,000 km",6
Toyota Fielder Ex Push Start 2020,Toyota,Fielder,Automatic,"Petrol, Hybrid, Octane","Tk 2,200,000",2020,"1,500 cc","56,000 km",6
Toyota Axio Ex Push Start GP-4 2020,Toyota,Axio,Automatic,"Petrol, Hybrid, Octane","Tk 2,400,000",2020,"1,500 cc","48,055 km",6
Toyota C-HR MODE NEROBODY KIT 2020,Toyota,C-HR,Automatic,"Petrol, Hybrid, Octane","Tk 3,480,000",2020,"1,800 cc","72,055 km",6
Toyota Corolla Cross Z Leather GP-4.5 2022,Toyota,Corolla Cross,Automatic,"Petrol, Hybrid, Octane","Tk 4,800,000",2022,"1,800 cc","58,000 km",4
Toyota C-HR G LED 360 CAM PEARL 2020,Toyota,C-HR,Automatic,"Petrol, Hybrid, Octane","Tk 3,550,000",2020,"1,800 cc","67,000 km",6
Nissan X-Trail 20Xi EBP 360Y. 2020,Nissan,X-Trail,Automatic,"Petrol, Hybrid, Octane","Tk 4,000,000",2020,"2,000 cc","62,082 km",6
Toyota Prius S HYBRID FAMILY CAR 2020,Toyota,Prius,Automatic,"Petrol, Hybrid, Octane","Tk 2,900,000",2020,"1,800 cc","79,669 km",6
Toyota Axio aRaaaa aR a1aaoaa asa2a 2020,Toyota,Axio,Automatic,"Petrol, Octane","Tk 2,860,000",2020,"1,500 cc","8,226 km",6
Toyota Corolla Cross 2021,Toyota,Corolla Cross,Automatic,"Hybrid, Octane","Tk 4,650,000",2021,"1,800 cc","37,100 km",5
Toyota C-HR MODE NEROBODY KIT 2020,Toyota,C-HR,Automatic,"Petrol, Hybrid, Octane","Tk 3,480,000",2020,"1,800 cc","65,000 km",6
Toyota Prius A- Touring Selection 2020,Toyota,Prius,Automatic,"Petrol, Hybrid, Octane","Tk 3,480,000",2020,"1,800 cc","68,145 km",6
Toyota Axio 2020,Toyota,Axio,Automatic,"Hybrid, Octane","Tk 2,600,000",2020,"1,500 cc","25,000 km",6
Toyota Corolla Cross Z-LEATHER 360 CAMERA 2021,Toyota,Corolla Cross,Automatic,"Petrol, Hybrid, Octane","Tk 4,650,000",2021,"1,800 cc","26,000 km",5
Toyota C-HR G-LED HY NEW SHAPE 2020,Toyota,C-HR,Automatic,"Petrol, Hybrid, Octane","Tk 3,600,000",2020,"1,800 cc","45,782 km",6
Toyota Esquire GI PREMUM NON HYBRID 2020,Toyota,Esquire,Automatic,"Petrol, Octane","Tk 4,850,000",2020,"2,000 cc","49,900 km",6
Toyota Corolla Gx Pkg Hybrid GP-4.0 2020,Toyota,Corolla,Automatic,"Petrol, Hybrid, Octane","Tk 2,850,000",2020,"1,800 cc","50,236 km",6
Toyota Premio FL Push Start Gp-4.0 2020,Toyota,Premio,Automatic,"Petrol, Octane","Tk 4,300,000",2020,"1,500 cc","43,160 km",6
Toyota Sienta X Key Start Nonhy1DP 2020,Toyota,Sienta,Automatic,"Petrol, Octane","Tk 2,800,000",2020,"1,500 cc","63,989 km",6
Toyota Axio Ex Pkg hybrid Gp-4 2020,Toyota,Axio,Automatic,"Petrol, Hybrid, Octane","Tk 2,300,000",2020,"1,500 cc","83,485 km",6
Toyota Fielder WXB HY FULL LOADED 2019,Toyota,Fielder,Automatic,"Petrol, Hybrid, Octane","Tk 2,700,000",2019,"1,500 cc","97,933 km",7
"Toyota Harrier Z LEATHER, POINT 4.5 2020",Toyota,Harrier,Automatic,Octane,"Tk 7,650,000",2020,"2,000 cc","49,433 km",6
Toyota Yaris Cross Z PKG-360 2021,Toyota,Yaris Cross,Automatic,"Petrol, Hybrid, Octane","Tk 3,500,000",2021,"1,500 cc","47,348 km",5
Toyota Premio FL 2020,Toyota,Premio,Automatic,"Petrol, Octane","Tk 3,850,000",2020,"1,500 cc","58,748 km",6
"Toyota Aqua S,LIGHT BLUE 2020",Toyota,Aqua,Automatic,"Hybrid, Octane","Tk 2,100,000",2020,"1,500 cc","48,505 km",6
Honda CR-V E.X-MASTERPIECE 2020,Honda,CR-V,Automatic,"Petrol, Hybrid, Octane","Tk 5,699,000",2020,"2,000 cc","53,013 km",6
Toyota Yaris Cross Z PKG-360 2021,Toyota,Yaris Cross,Automatic,"Petrol, Hybrid, Octane","Tk 3,600,000",2021,"1,500 cc","47,708 km",5
Toyota Harrier Z LEATHER 2020,Toyota,Harrier,Automatic,"Petrol, Octane","Tk 7,800,000",2020,"2,000 cc","57,258 km",6
Toyota Hiace SUPER GL 2020,Toyota,Hiace,Automatic,"Petrol, Octane","Tk 4,400,000",2020,"2,000 cc","74,588 km",6
Toyota Crown G 2020,Toyota,Crown,Automatic,"Petrol, Hybrid, Octane","Tk 7,400,000",2020,"2,500 cc","82,000 km",6
Toyota Esquire GI NON HYBRID 2020,Toyota,Esquire,Automatic,"Petrol, Octane","Tk 4,750,000",2020,"2,000 cc","27,013 km",6
Toyota Raize Z Z..READY.... 2021,Toyota,Raize Z,Automatic,"Petrol, Hybrid, Octane","Tk 3,800,000",2021,"1,200 cc","80,000 km",5
Toyota RAV4 ADVENTURE 2022,Toyota,RAV4,Automatic,"Petrol, Hybrid, Octane","Tk 8,500,000",2022,"2,000 cc","19,534 km",4
Lexus RX SHOWROOM-READY 2023,Lexus,RX,Automatic,"Petrol, Hybrid, Octane","Tk 20,500,000",2023,"2,400 cc","1,312 km",3
Toyota Corolla G HYBRID READY 2020,Toyota,Corolla,Automatic,"Hybrid, Octane","Tk 2,850,000",2020,"1,800 cc","44,013 km",6
Toyota Hiace SUPER GL  2020,Toyota,Hiace,Automatic,"Petrol, Octane","Tk 4,300,000",2020,"2,000 cc","88,013 km",6
Nissan X-Trail HYBRID E.B PKG 2020,Nissan,X-Trail,Automatic,"Hybrid, Octane","Tk 3,800,000",2020,"2,000 cc","43,013 km",6
Toyota Hiace SUPER-GL DARK PRIME2 2022,Toyota,Hiace,Automatic,Octane,"Tk 5,100,000",2022,"2,000 cc","41,000 km",4
"Toyota Voxy SZ-HYBRID, GRAD-5 2023",Toyota,Voxy,Automatic,Hybrid,"Tk 5,550,000",2023,"1,800 cc","46,000 km",3
Toyota Noah X 2 DOOR POWER 2021,Toyota,Noah,Automatic,"Petrol, Octane","Tk 3,780,000",2021,"2,000 cc","44,000 km",5
Toyota Hiace Super-GL Dark-Prime2 2022,Toyota,Hiace,Automatic,"Petrol, Octane","Tk 4,840,000",2022,"2,000 cc","58,000 km",4
Honda CR-V EX-Masterpiece G-4.5 2019,Honda,CR-V,Automatic,Octane,"Tk 5,750,000",2019,"1,500 cc","30,500 km",7
Toyota Corolla Cross Z Package 2022,Toyota,Corolla Cross,Automatic,Hybrid,"Tk 4,450,000",2022,"1,800 cc","69,000 km",4
Toyota Hiace Super-GL Dark Prime 2022,Toyota,Hiace,Automatic,"Petrol, Octane","Tk 4,790,000",2022,"2,000 cc","71,200 km",4
Toyota Axio EX-HYBRID GRAD-4.0 2020,Toyota,Axio,Automatic,Hybrid,"Tk 2,370,000",2020,"1,500 cc","130,000 km",6
Toyota Hiace SUPER-GL PEARL G-3.5 2020,Toyota,Hiace,Automatic,Octane,"Tk 4,080,000",2020,"2,000 cc","70,000 km",6
Toyota Noah S-Z 2022,Toyota,Noah,Automatic,Hybrid,"Tk 4,960,000",2022,"1,800 cc","42,000 km",4
Toyota Noah Si Wxb 2020,Toyota,Noah,Automatic,Hybrid,"Tk 3,650,000",2020,"1,800 cc","31,000 km",6
Toyota Aqua S 2020,Toyota,Aqua,Automatic,Hybrid,"Tk 1,850,000",2020,"1,500 cc","87,000 km",6
Toyota Noah si wxb3 hybrid 2021,Toyota,Noah,Automatic,Hybrid,"Tk 3,700,000",2021,"1,800 cc","76,000 km",5
Toyota Esquire Gi premium nonhybrid 2021,Toyota,Esquire,Automatic,"Petrol, Octane","Tk 4,550,000",2021,"2,000 cc","49,000 km",5
Nissan X-Trail E.B.P HYBRID  2020,Nissan,X-Trail,Automatic,"Petrol, Hybrid, Octane","Tk 3,850,000",2020,"2,000 cc","54,013 km",6
"Toyota Corolla  a,aaaaa aaaaa, 2003",Toyota,Corolla,Automatic,"CNG, Octane","Tk 1,080,000",2003,"1,500 cc","65,856 km",23
"Toyota Corolla  a,aaaaa aaaaa 2003",Toyota,Corolla,Automatic,Octane,"Tk 1,095,000",2003,"1,500 cc","88,658 km",23
"Toyota Allion a3 a,aaaaa aaaaaa, 2004",Toyota,Allion,Automatic,"Octane, LPG","Tk 1,395,000",2004,"1,500 cc","75,685 km",22
Toyota Hiace GL Ambulance 2021,Toyota,Hiace,Automatic,"Petrol, Octane","Tk 3,250,000",2021,"2,000 cc","62,000 km",5
Toyota Axio EX 2020,Toyota,Axio,Automatic,Octane,"Tk 3,150,000",2020,"1,490 cc","63,800 km",6
Toyota Noah SI PACKAGE NONHYBRID 2020,Toyota,Noah,Automatic,Octane,"Tk 4,100,000",2020,"2,000 cc","138,000 km",6
Honda Fit E-HEV 14000 KM 2020,Honda,Fit,Automatic,Hybrid,"Tk 2,330,000",2020,"1,500 cc","14,000 km",6
Mitsubishi Lancer GLX 2011,Mitsubishi,Lancer,Automatic,Octane,"Tk 950,000",2011,"1,300 cc","89,000 km",15
Toyota Premio F G SUPERIOR 2015,Toyota,Premio,Automatic,Octane,"Tk 2,780,000",2015,"1,500 cc","62,000 km",11
Toyota Noah Esquire 2018,Toyota,Noah,Automatic,"Hybrid, Octane","Tk 3,050,000",2018,"1,800 cc","34,521 km",8
Toyota Premio 2021,Toyota,Premio,Automatic,Octane,"Tk 1,949,000",2024,"1,500 cc","53,090 km",2
Toyota Corolla X 2006,Toyota,Corolla,Automatic,"CNG, Octane","Tk 1,320,000",2006,"1,500 cc","89,000 km",20
Toyota Corolla Cross Z leather 2022,Toyota,Corolla Cross,Automatic,"Hybrid, Octane","Tk 4,550,000",2022,"1,800 cc","46,000 km",4
Honda Insight EX PRIME STYLE 2021,Honda,Insight,Automatic,Hybrid,"Tk 4,320,000",2021,"1,500 cc","51,000 km",5
Toyota Hiace DX PACKAGE BLACK 2021,Toyota,Hiace,Automatic,Octane,"Tk 3,200,000",2021,"2,000 cc","88,521 km",5
Toyota Hiace gl dual ac 2020,Toyota,Hiace,Automatic,"Petrol, Octane","Tk 3,380,000",2020,"2,000 cc","94,378 km",6
Toyota C-HR G-LED HY 360CM G-4.5 2020,Toyota,C-HR,Automatic,"Petrol, Hybrid, Octane","Tk 3,600,000",2020,"1,800 cc","33,604 km",6
Toyota Corolla Octane 2006,Toyota,Corolla,Automatic,Octane,"Tk 1,550,000",2006,"1,500 cc","83,000 km",20
Toyota Aqua G PKG HYBRID 2020,Toyota,Aqua,Automatic,Hybrid,"Tk 1,950,000",2020,"1,500 cc","97,000 km",6
Toyota C-HR G NERO SAFETY PLUS 2020,Toyota,C-HR,Automatic,Hybrid,"Tk 3,500,000",2020,"1,800 cc","71,000 km",6
Toyota Corolla GX 4 POINT 2019,Toyota,Corolla,Automatic,"Hybrid, Octane","Tk 2,710,000",2019,"1,800 cc","56,910 km",7
"Nissan Lafesta  a,aaaaa aaaaaa, 2007",Nissan,Lafesta,Automatic,Octane,"Tk 1,150,000",2007,"2,000 cc","86,598 km",19
Toyota Allion A15 G Package PUSH 2013,Toyota,Allion,Automatic,"Octane, LPG","Tk 2,195,000",2013,"1,500 cc","68,000 km",13
"Toyota Corolla  a,aaaaa aaaaa, 1996",Toyota,Corolla,Automatic,"CNG, Octane","Tk 495,000",1996,"1,331 cc","86,598 km",30
Toyota Hiace SUPER GL DARK PRIME 2021,Toyota,Hiace,Automatic,"Petrol, Octane","Tk 4,280,000",2021,"2,000 cc","22,862 km",5
Toyota Hiace SUPER GL DARK PRIME2 2020,Toyota,Hiace,Automatic,"Petrol, CNG, Octane, LPG","Tk 4,030,000",2020,"2,000 cc","69,000 km",6
Toyota Hiace SUPER GL KEY START 2021,Toyota,Hiace,Automatic,"Petrol, Octane","Tk 3,880,000",2021,"2,000 cc","69,153 km",5
Toyota Yaris Cross Z Leather 2021,Toyota,Yaris Cross,Automatic,Hybrid,"Tk 3,290,000",2021,"1,500 cc","45,089 km",5
Toyota Prius A PACKAGE SILVER 2020,Toyota,Prius,Automatic,"Hybrid, Octane","Tk 3,230,000",2020,"1,800 cc","41,235 km",6
Toyota Hiace Super GL 2019,Toyota,Hiace,Automatic,Octane,"Tk 3,930,000",2019,"2,000 cc","82,000 km",7
Toyota Esquire Non Hybrid 2020,Toyota,Esquire,Automatic,Octane,"Tk 3,880,000",2020,"2,000 cc","86,630 km",6
Toyota Hiace Super GL 2020,Toyota,Hiace,Automatic,"Petrol, Octane","Tk 4,120,000",2020,"2,000 cc","107,000 km",6
Toyota Fielder Non Hybrid Ex 2020,Toyota,Fielder,Automatic,Octane,"Tk 2,590,000",2020,"1,500 cc","84,250 km",6
Toyota Hiace DX 2020,Toyota,Hiace,Automatic,"Petrol, Octane","Tk 3,050,000",2020,"2,000 cc","104,200 km",6
Toyota Noah X NON HYBRID KEY 2021,Toyota,Noah,Automatic,Octane,"Tk 3,600,000",2021,"2,000 cc","107,178 km",5
Toyota Hiace Super GL Pearl 2022,Toyota,Hiace,Automatic,Petrol,"Tk 4,770,000",2022,"2,000 cc","53,000 km",4
Toyota Harrier Z LEATHER-PKG-NON HY 2020,Toyota,Harrier,Automatic,"Petrol, Octane","Tk 7,700,000",2020,"2,000 cc","47,758 km",6
Toyota Esquire GI PACKAGE HYB 2020,Toyota,Esquire,Automatic,Hybrid,"Tk 3,800,000",2020,"1,800 cc","94,000 km",6
Toyota C-HR G LED 360 CAMERA 2020,Toyota,C-HR,Automatic,"Hybrid, Octane","Tk 3,560,000",2020,"1,800 cc","69,000 km",6
"Toyota Passo a,aaY a-aYa 2010",Toyota,Passo,Automatic,Octane,"Tk 1,480,000",2010,"1,500 cc","79,659 km",16
"Toyota Starlet a,aaaaa aaaaa, 1991",Toyota,Starlet,Automatic,"CNG, Octane","Tk 490,000",1991,"1,331 cc","86,598 km",35
Toyota Noah SI WXB 3 PACKAGE 2021,Toyota,Noah,Automatic,Hybrid,"Tk 3,570,000",2021,"1,800 cc","29,679 km",5
Toyota Esquire NON HYB.X1DOOR POWER 2020,Toyota,Esquire,Automatic,"Petrol, Octane","Tk 4,050,000",2020,"2,000 cc","99,943 km",6
Toyota Voxy ZS KIRAMIKI 2 2020,Toyota,Voxy,Automatic,"Petrol, Hybrid, Octane","Tk 3,300,000",2020,"1,800 cc","157,000 km",6
Toyota Voxy S-Z READY STOCK 2022,Toyota,Voxy,Automatic,"Petrol, Hybrid, Octane","Tk 5,100,000",2022,"1,800 cc","40,000 km",4
Toyota Premio FL-LED PKG-NON-HV 2021,Toyota,Premio,Automatic,Octane,"Tk 3,700,000",2021,"1,500 cc","50,000 km",5
Toyota Esquire GIPREMIUMHYBRID 2020,Toyota,Esquire,Automatic,"Petrol, Octane","Tk 3,780,000",2020,"1,800 cc","65,392 km",6
Toyota Fielder NON HV PUSH START 2020,Toyota,Fielder,Automatic,Octane,"Tk 2,650,000",2020,"1,500 cc","125,432 km",6
Toyota Axio HYBRID PUSH 2020,Toyota,Axio,Automatic,Hybrid,"Tk 2,300,000",2020,"1,500 cc","114,321 km",6
Toyota Hiace SUPERGLDARKPRIME 2021,Toyota,Hiace,Automatic,"Petrol, Octane","Tk 4,370,000",2021,"2,000 cc","45,039 km",5
Toyota Axio HYBRID EX PUSH 2020,Toyota,Axio,Automatic,Hybrid,"Tk 2,350,000",2020,"1,500 cc","88,432 km",6
Toyota Axio hybrid 2014,Toyota,Axio,Automatic,"Hybrid, Octane","Tk 1,480,000",2014,"1,500 cc","75,421 km",12
Toyota Premio G 2012,Toyota,Premio,Automatic,"CNG, Octane","Tk 2,295,000",2012,"1,500 cc","61,425 km",14
Toyota Axio Hybrid EX 2020,Toyota,Axio,Automatic,"Petrol, Hybrid, Octane","Tk 2,150,000",2020,"1,500 cc","62,542 km",6
Toyota Yaris HYBRID 2020,Toyota,Yaris,Automatic,Hybrid,"Tk 1,900,000",2020,"1,500 cc","45,621 km",6
Toyota Noah Non Hybrid 2020,Toyota,Noah,Automatic,"Petrol, Hybrid, Octane","Tk 3,250,000",2020,"2,000 cc","54,786 km",6
Toyota Axio Hybrid EX 2020,Toyota,Axio,Automatic,"Petrol, Hybrid","Tk 2,150,000",2020,"1,500 cc","58,349 km",6
Toyota C-HR HYBRID 2020,Toyota,C-HR,Automatic,"Petrol, Hybrid, Octane, Other fuel type","Tk 3,100,000",2020,"1,800 cc","70,000 km",6
Toyota Noah Si WxB 2020,Toyota,Noah,Automatic,"Petrol, Hybrid, Octane","Tk 3,400,000",2020,"1,800 cc","58,476 km",6
Toyota Fielder HYBRID 2020,Toyota,Fielder,Automatic,"Petrol, Hybrid, Octane, Other fuel type","Tk 2,150,000",2020,"1,500 cc","80,000 km",6
Toyota Noah HYBRID 2020,Toyota,Noah,Automatic,Hybrid,"Tk 2,900,000",2020,"1,800 cc","54,650 km",6
Toyota Aqua HYBRID 2020,Toyota,Aqua,Automatic,Hybrid,"Tk 1,700,000",2020,"1,500 cc","65,423 km",6
Toyota Voxy Hybrid 2020,Toyota,Voxy,Automatic,Hybrid,"Tk 3,300,000",2020,"1,800 cc","89,000 km",6
Toyota Corolla Cross Z-LEATHER PANORAMIC 2023,Toyota,Corolla Cross,Automatic,"Petrol, Hybrid, Octane","Tk 5,280,000",2023,"1,800 cc","28,920 km",3
Toyota Axio EX HYBRID SILVER 2020,Toyota,Axio,Automatic,"Petrol, Hybrid, Octane","Tk 2,200,000",2020,"1,500 cc","152,000 km",6
Toyota Axio HYBRID EX PKG WHITE 2020,Toyota,Axio,Automatic,Hybrid,"Tk 2,450,000",2020,"1,500 cc","60,000 km",6
Toyota Allion A15 PACKAGE SILVER 2020,Toyota,Allion,Automatic,"Petrol, Octane","Tk 3,720,000",2020,"1,500 cc","96,078 km",6
Toyota Aqua S PACKAGE GRAY 2020,Toyota,Aqua,Automatic,"Petrol, Hybrid, Octane","Tk 1,900,000",2020,"1,500 cc","137,000 km",6
Toyota Corolla Cross Z-LEATHER PANORAMIC 2023,Toyota,Corolla Cross,Automatic,"Petrol, Hybrid, Octane","Tk 5,350,000",2023,"1,800 cc","23,000 km",3
Toyota Yaris Cross Z PKG GREY BODYKIT 2021,Toyota,Yaris Cross,Automatic,Hybrid,"Tk 3,870,000",2021,"1,500 cc","30,000 km",5
Toyota Corolla Cross Z LEATHER RED WINE 2024,Toyota,Corolla Cross,Automatic,Hybrid,"Tk 5,550,000",2024,"1,800 cc",17 km,2
Toyota Hiace SUPER GL GRAY COLOUR 2020,Toyota,Hiace,Automatic,"Diesel, Petrol, CNG, Octane, LPG","Tk 4,000,000",2020,"2,000 cc","130,260 km",6
Toyota Premio F EX BLACK 2021,Toyota,Premio,Automatic,Petrol,"Tk 4,600,000",2021,"1,500 cc","28,600 km",5
Toyota Yaris Cross blue 2022,Toyota,Yaris Cross,Automatic,Octane,"Tk 2,990,000",2022,"1,500 cc","28,000 km",4
Toyota Corolla Cross Z LEATHER GRAY 2021,Toyota,Corolla Cross,Automatic,Hybrid,"Tk 4,580,000",2021,"1,800 cc","77,000 km",5
Toyota HiClass GL WHITE READY SWROM 2020,Toyota,HiClass,Automatic,Petrol,"Tk 3,520,000",2020,"2,000 cc","1,111 km",6
Toyota C-HR S GR SPORTS BLACK 2021,Toyota,C-HR,Automatic,Hybrid,"Tk 3,650,000",2021,"1,800 cc","41,350 km",5
Toyota C-HR G LED PEARL AP 4.5 2020,Toyota,C-HR,Automatic,Hybrid,"Tk 3,450,000",2020,"1,800 cc","50,717 km",6
Toyota Hiace GL WHITE READY PORT 2020,Toyota,Hiace,Automatic,Petrol,"Tk 3,320,000",2020,"2,000 cc","97,000 km",6
"Toyota Vitz a,aaaaa aaaaa, 2009",Toyota,Vitz,Automatic,Octane,"Tk 880,000",2009,"1,000 cc","86,598 km",17
"Toyota Allion a,aaaaa aaaaaa, 2005",Toyota,Allion,Automatic,"CNG, Octane","Tk 1,390,000",2005,"1,500 cc","65,856 km",21
"Toyota Premio a,aaaaa aaaaaa, 2007",Toyota,Premio,Automatic,Octane,"Tk 1,795,000",2007,"1,500 cc","56,895 km",19
"Toyota Prado a,aaaaaaaaaa, 2015",Toyota,Prado,Manual,Diesel,"Tk 6,800,000",2015,"3,000 cc","59,686 km",11
"Toyota aaaa,a.aaa-a 2004",Toyota,Other Model,Automatic,Octane,"Tk 790,000",2004,"1,331 cc","65,856 km",22
"Toyota Starlet a,aaaaaaaaaa, 1991",Toyota,Starlet,Automatic,Octane,"Tk 480,000",1991,"1,331 cc","86,598 km",35
Toyota C-HR S Hybrid 2020,Toyota,C-HR,Automatic,"Petrol, Hybrid, Octane","Tk 3,200,000",2020,"1,800 cc","54,000 km",6
Toyota Fielder EX HYBRID 2020,Toyota,Fielder,Automatic,"Petrol, Hybrid, Octane","Tk 2,250,000",2020,"1,500 cc","49,000 km",6
Toyota Fielder Ex Non Hyb push 3.5p 2020,Toyota,Fielder,Automatic,"Octane, Other fuel type","Tk 2,650,000",2020,"1,500 cc","90,743 km",6
Suzuki Ertiga 7 Seat 2012,Suzuki,Ertiga,Manual,Octane,"Tk 850,000",2012,"1,400 cc","54,000 km",14
Toyota Fielder CNG 2012,Toyota,Fielder,Automatic,"CNG, Octane","Tk 1,650,000",2012,"1,500 cc","800,000 km",14
Kia Seltos Octane 2019,Kia,Seltos,Automatic,Octane,"Tk 2,950,000",2019,"1,600 cc","88,000 km",7
Toyota Premio Octane 2018,Toyota,Premio,Automatic,Octane,"Tk 3,390,000",2018,"1,500 cc","67,200 km",8
Honda CR-V Octane 2011,Honda,CR-V,Automatic,Octane,"Tk 2,370,000",2011,"2,000 cc","37,378 km",15
Toyota Fielder EX 2020,Toyota,Fielder,Automatic,"Hybrid, Octane","Tk 2,300,000",2020,"1,500 cc","51,000 km",6
Toyota Rush Octane 2021,Toyota,Rush,Automatic,Octane,"Tk 3,590,000",2021,"1,500 cc","47,300 km",5
Toyota Prius S 4 Grade 2020,Toyota,Prius,Automatic,"Petrol, Hybrid, Octane","Tk 2,980,000",2020,"1,800 cc","67,000 km",6
Nissan X-Trail MOOD PREMIER SUNROOF 2018,Nissan,X-Trail,Automatic,"Petrol, Hybrid, Octane","Tk 4,550,000",2018,"2,000 cc","80,000 km",8
Toyota Esquire Gi Pkg HY Luxel Gril 2020,Toyota,Esquire,Automatic,"Petrol, Hybrid, Octane","Tk 3,750,000",2020,"1,800 cc","98,520 km",6
Toyota C-HR GLED Full Leather 2020,Toyota,C-HR,Automatic,"Petrol, Hybrid, Octane","Tk 3,700,000",2020,"1,800 cc","33,000 km",6
Toyota Prius S Touring 2020,Toyota,Prius,Automatic,"Petrol, Hybrid, Octane","Tk 3,450,000",2020,"1,800 cc","54,000 km",6
Toyota Hiace GL NEW SHAPE 2020,Toyota,Hiace,Automatic,Octane,"Tk 3,290,000",2020,"2,000 cc","76,982 km",6
Toyota Fielder Ex Hybrid Black 2020,Toyota,Fielder,Automatic,Hybrid,"Tk 2,350,000",2020,"1,500 cc","56,000 km",6
Toyota Corolla X 2006,Toyota,Corolla,Automatic,"CNG, Octane","Tk 1,190,000",2006,"1,500 cc","160,000 km",20
Toyota Axio Hybrid Ex Package 2021,Toyota,Axio,Automatic,Hybrid,"Tk 2,500,000",2021,"1,500 cc","71,490 km",5
Honda Grace Ex pkg Loan 2018,Honda,Grace,Automatic,"Hybrid, Octane","Tk 1,400,000",2018,"1,500 cc","74,000 km",8
Toyota Noah SZ Package 2023,Toyota,Noah,Automatic,"Petrol, Hybrid, Octane","Tk 5,100,000",2023,"1,800 cc","19,300 km",3
Toyota Fielder EX HYBRID SILVER 2020,Toyota,Fielder,Automatic,Hybrid,"Tk 2,100,000",2020,"1,500 cc","141,631 km",6
Toyota Corolla Cross Z LEATHER NEW SHAPE 2025,Toyota,Corolla Cross,Automatic,Hybrid,"Tk 6,300,000",2025,"1,800 cc",15 km,1
Toyota Hiace DX AMBULANCE 2021,Toyota,Hiace,Automatic,Petrol,"Tk 2,820,000",2021,"2,000 cc","103,000 km",5
Toyota Corolla Cross Z LEATHER PANA. ROOF 2023,Toyota,Corolla Cross,Automatic,Hybrid,"Tk 5,010,000",2023,"1,800 cc","48,000 km",3
Toyota Sienta G Hybrid 2020,Toyota,Sienta,Automatic,"Petrol, Hybrid, Octane","Tk 2,750,000",2020,"1,500 cc","36,185 km",6
Lexus LX 470 V8 2004,Lexus,LX,Automatic,Octane,"Tk 4,900,000",2004,"4,700 cc","93,200 km",22
Toyota Axio Hybrid Ex 2020,Toyota,Axio,Automatic,Hybrid,"Tk 2,250,000",2020,"1,500 cc","80,253 km",6
Toyota Corolla Cross Z leather Ready 2022,Toyota,Corolla Cross,Automatic,"Hybrid, Octane","Tk 4,900,000",2022,"1,800 cc","54,690 km",4
Toyota Fielder Hybrid- 4 Grade 2020,Toyota,Fielder,Automatic,Hybrid,"Tk 2,330,000",2020,"1,500 cc","88,360 km",6
Toyota Corolla Hybrid S 2021,Toyota,Corolla,Automatic,"Petrol, Hybrid, Octane","Tk 3,250,000",2021,"1,800 cc","17,000 km",5
Toyota Axio Hybrid EX 4 Grade 2020,Toyota,Axio,Automatic,"Petrol, Hybrid, Octane","Tk 2,700,000",2020,"1,500 cc","39,000 km",6
Toyota Corolla Cross Z package Ready 2022,Toyota,Corolla Cross,Automatic,"Hybrid, Octane","Tk 48,500,000",2022,"1,800 cc","49,580 km",4
Toyota Corolla Cross HYBRID Z LEATHER 2022,Toyota,Corolla Cross,Automatic,"Petrol, Hybrid, Octane","Tk 4,600,000",2022,"1,800 cc","10,000 km",4
Toyota Corolla Cross Hybrid Z Leather 4.5 2022,Toyota,Corolla Cross,Automatic,"Petrol, Hybrid, Octane","Tk 4,800,000",2022,"1,800 cc","54,000 km",4
Toyota Axio Hybrid EX 4 AP 2020,Toyota,Axio,Automatic,"Petrol, Hybrid, Octane","Tk 2,700,000",2020,"1,500 cc","46,000 km",6
Toyota Prius S Touring Selection 2020,Toyota,Prius,Automatic,"Petrol, Hybrid, Octane","Tk 3,000,000",2020,"1,800 cc","90,000 km",6
Toyota Corolla Cross Z LEATHER Moonroof 2024,Toyota,Corolla Cross,Automatic,"Petrol, Hybrid, Octane","Tk 5,500,000",2024,"1,800 cc","21,000 km",2
Toyota Harrier Z LEATHER-PKG-NON HY 2020,Toyota,Harrier,Automatic,"Petrol, Octane","Tk 7,700,000",2020,"2,000 cc","47,158 km",6
Toyota Yaris Cross SHOWROOM-READY 2020,Toyota,Yaris Cross,Automatic,"Petrol, Hybrid, Octane","Tk 3,590,000",2020,"1,500 cc","58,512 km",6
Toyota Hiace Super GL 2020,Toyota,Hiace,Automatic,Petrol,"Tk 4,400,000",2020,"2,000 cc","12,000 km",6
Toyota Starlet  REFLET 1999,Toyota,Starlet,Automatic,"CNG, Octane","Tk 550,000",1999,"1,331 cc","86,585 km",27
Toyota Corolla Touring WXB Hybrid 2020,Toyota,Corolla,Automatic,"Petrol, Hybrid, Octane","Tk 3,050,000",2020,"1,800 cc","12,300 km",6
Toyota Corolla GX 2020,Toyota,Corolla,Automatic,"Hybrid, Octane","Tk 2,880,000",2020,"1,800 cc","75,500 km",6
Toyota Axio Hybrid EX READY 2020,Toyota,Axio,Automatic,"Petrol, Hybrid, Octane","Tk 2,200,000",2020,"1,500 cc","68,784 km",6
Toyota Axio EX PACKAGE 2020,Toyota,Axio,Automatic,Hybrid,"Tk 2,350,000",2020,"1,500 cc","114,873 km",6
Toyota Sienta 2020,Toyota,Sienta,Automatic,Hybrid,"Tk 2,350,000",2020,"1,500 cc","87,000 km",6
Toyota Fielder black 2015,Toyota,Fielder,Automatic,Octane,"Tk 2,080,000",2015,"1,500 cc","52,000 km",11
Mitsubishi Pajero V73 2004,Mitsubishi,Pajero,Automatic,Octane,"Tk 2,200,000",2004,"3,000 cc","76,000 km",22
Toyota Hiace DARK PRIME PEARL 2021,Toyota,Hiace,Automatic,Petrol,"Tk 4,790,000",2021,"2,000 cc","43,000 km",5
Toyota Allion G PLUS BLACK AP-4.5 2020,Toyota,Allion,Automatic,Petrol,"Tk 4,050,000",2020,"1,500 cc","61,258 km",6
Toyota Corolla Cross Z Leather 4.5 Grade 2023,Toyota,Corolla Cross,Automatic,"Petrol, Hybrid, Octane","Tk 5,150,000",2023,"1,800 cc","11,716 km",3
Toyota Noah S-Z 2024,Toyota,Noah,Automatic,"Petrol, Hybrid, Octane","Tk 5,620,000",2024,"1,800 cc","16,800 km",2
Toyota Aqua S Style Black Hybrid 2020,Toyota,Aqua,Automatic,"Petrol, Hybrid, Octane","Tk 2,050,000",2020,"1,500 cc","46,584 km",6
Toyota Corolla Cross Z Leather 4.5 Grade 2022,Toyota,Corolla Cross,Automatic,"Petrol, Hybrid, Octane","Tk 5,050,000",2022,"1,800 cc","24,500 km",4
Toyota Corolla X 2005,Toyota,Corolla,Automatic,"CNG, Octane","Tk 1,345,000",2005,"1,500 cc","79,000 km",21
Toyota Prius S TOURING- 4 Point 2018,Toyota,Prius,Automatic,Hybrid,"Tk 2,780,000",2018,"1,800 cc","89,360 km",8
Toyota Hiace S GL Dark Prime-2 2020,Toyota,Hiace,Automatic,"Petrol, Octane","Tk 4,400,000",2020,"2,000 cc","63,000 km",6
Toyota Yaris Cross Z PKG-360 2020,Toyota,Yaris Cross,Automatic,"Petrol, Hybrid, Octane","Tk 3,450,000",2020,"1,500 cc","41,748 km",6
Toyota Corolla Cross Z PKG-FULL LOAD-360 2022,Toyota,Corolla Cross,Automatic,"Petrol, Hybrid, Octane","Tk 5,000,000",2022,"1,800 cc","37,748 km",4
Toyota Yaris Cross Z PKG-360 2020,Toyota,Yaris Cross,Automatic,"Petrol, Hybrid, Octane","Tk 3,450,000",2020,"1,500 cc","37,748 km",6
Toyota Axio Ex 2020,Toyota,Axio,Automatic,Hybrid,"Tk 2,350,000",2020,"1,500 cc","38,000 km",6
Toyota Prius STS-PKG 2020,Toyota,Prius,Automatic,"Hybrid, Octane","Tk 3,650,000",2020,"1,790 cc","45,080 km",6
Toyota Prius ATS-PKG 2018,Toyota,Prius,Automatic,"Hybrid, Octane","Tk 3,000,000",2018,"1,790 cc","70,813 km",8
Toyota Prius ATS-PKG 2018,Toyota,Prius,Automatic,"Hybrid, Octane","Tk 3,050,000",2018,"1,790 cc","99,436 km",8
Toyota Prado T-XL 2021,Toyota,Prado,Automatic,Octane,"Tk 16,400,000",2021,"2,690 cc","22,000 km",5
Toyota Corolla Cross Z- 2023,Toyota,Corolla Cross,Automatic,"Hybrid, Octane","Tk 5,200,000",2023,"1,790 cc","42,400 km",3
Toyota Corolla Cross Z PKG BRAND NEW 2025,Toyota,Corolla Cross,Automatic,Hybrid,"Tk 6,300,000",2025,"1,800 cc",15 km,1
Toyota Corolla Cross Z 2022,Toyota,Corolla Cross,Automatic,Octane,"Tk 4,700,000",2022,"1,790 cc","42,750 km",4
Toyota Hilux Diesel 2010,Toyota,Hilux,Automatic,Diesel,"Tk 2,490,000",2010,"2,500 cc","90,822 km",16
Toyota Prius S SAFTY PKG 2019,Toyota,Prius,Automatic,Hybrid,"Tk 2,950,000",2019,"1,800 cc","81,000 km",7
Toyota Noah PUSH 2020,Toyota,Noah,Automatic,Hybrid,"Tk 3,350,000",2020,"1,800 cc","79,000 km",6
Toyota Noah HYBRID SIWXB BODYKIT 2020,Toyota,Noah,Automatic,"Petrol, Hybrid, Octane","Tk 3,850,000",2020,"1,800 cc","72,341 km",6
Toyota Axio Hybrid Ex Package 2020,Toyota,Axio,Automatic,Hybrid,"Tk 2,250,000",2020,"1,500 cc","88,352 km",6
Toyota Axio Non hybrid Ex push 2020,Toyota,Axio,Automatic,"Petrol, Octane","Tk 2,680,000",2020,"1,500 cc","74,190 km",6
Toyota Voxy Zs Kirameki Hybrid 2020,Toyota,Voxy,Automatic,Hybrid,"Tk 3,450,000",2020,"1,800 cc","80,259 km",6
Toyota Fielder Non hybrid 2020,Toyota,Fielder,Automatic,"Petrol, Octane","Tk 2,600,000",2020,"1,500 cc","80,351 km",6
Toyota Corolla Hybrid S 4.5 Grade 2020,Toyota,Corolla,Automatic,"Petrol, Hybrid, Octane","Tk 3,050,000",2020,"1,800 cc","81,000 km",6
Toyota Axio EX Push Grade----4 2020,Toyota,Axio,Automatic,"Petrol, Hybrid, Octane","Tk 2,400,000",2020,"1,500 cc","75,000 km",6
Toyota Axio Non Hybrid EX 4 Grd 2020,Toyota,Axio,Automatic,"Petrol, Octane","Tk 2,750,000",2020,"1,500 cc","140,000 km",6
Honda Insight LX 2021,Honda,Insight,Automatic,"Petrol, Hybrid, Octane","Tk 3,770,000",2021,"1,500 cc","80,000 km",5
Toyota Fielder HYBRID EX 2020,Toyota,Fielder,Automatic,"Petrol, Hybrid, Octane","Tk 2,200,000",2020,"1,500 cc","70,000 km",6
Toyota Axio Non Hybrid EX Push 2020,Toyota,Axio,Automatic,"Petrol, Octane","Tk 2,850,000",2020,"1,500 cc","69,000 km",6
Toyota Corolla - first owner 2003,Toyota,Corolla,Automatic,Octane,"Tk 1,095,000",2003,"1,500 cc","88,568 km",23
"Nissan Lafesta a,aaaaa aaaaa, 2007",Nissan,Lafesta,Automatic,Octane,"Tk 1,180,000",2007,"2,000 cc","86,585 km",19
Toyota Prius S PKG BEIGE INTRO 4P 2020,Toyota,Prius,Automatic,Hybrid,"Tk 3,030,000",2020,"1,800 cc","80,000 km",6
Toyota Axio Octane Drive 2015,Toyota,Axio,Automatic,Petrol,"Tk 1,945,000",2015,"1,500 cc","65,000 km",11
Toyota Corolla Cross Z LEATHER hardtop 2022,Toyota,Corolla Cross,Automatic,Hybrid,"Tk 4,460,000",2022,"1,800 cc","54,000 km",4
Nissan X-Trail Sun roof 2011,Nissan,X-Trail,Automatic,Octane,"Tk 1,890,000",2011,"2,000 cc","75,000 km",15
Toyota Yaris Cross Z Leather GP-4.5 2021,Toyota,Yaris Cross,Automatic,"Petrol, Hybrid, Octane","Tk 3,600,000",2021,"1,500 cc","77,300 km",5
Toyota Fielder WxB FULL LEATHER 2019,Toyota,Fielder,Automatic,"Petrol, Hybrid, Octane","Tk 2,750,000",2019,"1,500 cc","97,000 km",7
"Toyota Hiace Super GL a.aa2a aaa2aa, 2022",Toyota,Hiace,Automatic,"Petrol, Octane","Tk 4,450,000",2022,"2,000 cc","37,150 km",4
Toyota Hiace Super GL Dark-2 2021,Toyota,Hiace,Automatic,"Petrol, Octane","Tk 4,500,000",2021,"2,000 cc","72,000 km",5
Toyota Axio Ex Push ALLOY RIM 2020,Toyota,Axio,Automatic,"Petrol, Hybrid, Octane","Tk 2,400,000",2020,"1,500 cc","77,000 km",6
Toyota C-HR G MODE NIRO-360 2020,Toyota,C-HR,Automatic,"Petrol, Hybrid, Octane","Tk 3,400,000",2020,"1,800 cc","57,748 km",6
Toyota Premio DHAKA READY CAR 2020,Toyota,Premio,Automatic,"Petrol, Octane","Tk 3,700,000",2020,"1,500 cc","64,013 km",6
Nissan Sunny 2004,Nissan,Sunny,Automatic,"CNG, Octane","Tk 750,000",2009,"1,500 cc","500,000 km",17
Toyota ist G NEW SHAPE 2010,Toyota,ist,Automatic,"Petrol, Octane","Tk 1,430,000",2010,"1,500 cc","64,000 km",16
Toyota ist G HID SELECTION 2004,Toyota,ist,Automatic,"Petrol, Octane","Tk 870,000",2004,"1,330 cc","81,000 km",22
MG HS Sunroof Moonroof 2021,MG,HS,Automatic,Octane,"Tk 2,650,000",2021,"1,500 cc","70,000 km",5
Toyota C-HR 2018,Toyota,C-HR,Automatic,"Hybrid, Octane","Tk 3,050,000",2018,"1,800 cc","96,000 km",8
Toyota Harrier Z Leather Non Hybrid 2021,Toyota,Harrier,Automatic,"Petrol, Octane","Tk 7,450,000",2021,"2,000 cc","29,000 km",5
Toyota Noah SI WXB Hybrid pearl 2020,Toyota,Noah,Automatic,"Hybrid, Octane","Tk 3,300,000",2020,"1,800 cc","45,445 km",6
Toyota Hiace SUPER GL SPECIAL E. 2021,Toyota,Hiace,Automatic,"Petrol, Octane","Tk 4,370,000",2021,"2,000 cc","35,640 km",5
Honda Grace L PKG NON HYBRID 2020,Honda,Grace,Automatic,"Petrol, Octane","Tk 2,700,000",2020,"1,500 cc","63,000 km",6
Honda Grace BLACK 2020,Honda,Grace,Automatic,Hybrid,"Tk 2,800,000",2020,"1,500 cc","41,070 km",6
Toyota Corolla Cross Z Leather 2022,Toyota,Corolla Cross,Automatic,Hybrid,"Tk 4,350,000",2022,"1,800 cc","22,373 km",4
Toyota Hiace GL PACKAGE DUAL AC 2021,Toyota,Hiace,Automatic,"Petrol, Octane","Tk 3,260,000",2021,"2,000 cc","54,982 km",5
Toyota Hiace SUPER GL DARK PRIME 2021,Toyota,Hiace,Automatic,"Petrol, Octane","Tk 4,360,000",2021,"2,000 cc","56,726 km",5
Toyota Sienta G LED 7SEAT 2DR PWR 2020,Toyota,Sienta,Automatic,Hybrid,"Tk 2,430,000",2020,"1,500 cc","67,098 km",6
Toyota Hiace SUPER GL DARK PRIME 2020,Toyota,Hiace,Automatic,"Petrol, Octane","Tk 4,240,000",2020,"2,000 cc","62,434 km",6
Toyota Axio EX NON HYBRID WHITE 2020,Toyota,Axio,Automatic,"Petrol, Octane","Tk 2,390,000",2020,"1,500 cc","50,420 km",6
Honda Vezel 2014,Honda,Vezel,Automatic,Hybrid,"Tk 1,490,000",2018,"1,500 cc","75,000 km",8
BAIC X25 Jeep 2016,BAIC,X25,Automatic,Octane,"Tk 1,250,000",2016,"1,500 cc","52,000 km",10
Toyota Fielder EX HYBRID PUSH GP-4 2021,Toyota,Fielder,Automatic,"Petrol, Hybrid, Octane","Tk 2,220,000",2021,"1,500 cc","70,215 km",5
Toyota Corolla WXB 2021,Toyota,Corolla,Automatic,"Hybrid, Octane","Tk 3,300,000",2021,"1,800 cc","67,000 km",5
Toyota Axio 2010,Toyota,Axio,Automatic,"CNG, Octane","Tk 1,520,000",2015,"1,500 cc","75,331 km",11
Lexus ES 2019,Lexus,ES,Automatic,Hybrid,"Tk 9,200,000",2019,"2,500 cc","32,000 km",7
Toyota Supra 35th Anniversary 2021,Toyota,Supra,Automatic,"Petrol, Octane","Tk 14,200,000",2021,"2,000 cc","16,510 km",5
Lexus RX 500H NEW SHAPE READY 2023,Lexus,RX,Automatic,"Hybrid, Octane","Tk 20,500,000",2023,"2,400 cc","1,300 km",3
Toyota Yaris Cross Z PKG 2021,Toyota,Yaris Cross,Automatic,"Petrol, Hybrid, Octane","Tk 3,600,000",2021,"1,500 cc","49,778 km",5
Toyota Premio FL 2020,Toyota,Premio,Automatic,Petrol,"Tk 4,200,000",2020,"1,500 cc","122,000 km",6
Honda Vezel Octane Drive 2014,Honda,Vezel,Automatic,Octane,"Tk 2,190,000",2014,"1,500 cc","80,650 km",12
Toyota Hiace SUPER GL 2 DOOR PWR 2020,Toyota,Hiace,Automatic,Octane,"Tk 4,400,000",2020,"2,000 cc","96,000 km",6
Toyota Hiace SUPER GL 4.5 POINT 2022,Toyota,Hiace,Automatic,Octane,"Tk 4,750,000",2022,"2,000 cc","53,000 km",4
Toyota Premio 2015,Toyota,Premio,Automatic,Petrol,"Tk 2,550,000",2019,"1,500 cc","50,328 km",7
Toyota C-HR G LED 4.5 2018,Toyota,C-HR,Automatic,"Hybrid, Octane","Tk 3,050,000",2018,"1,800 cc","99,551 km",8
Toyota Prius A PKG PEARL COLOR 2020,Toyota,Prius,Automatic,"Hybrid, Octane","Tk 3,650,000",2020,"1,800 cc","63,285 km",6
Toyota Aqua S Package 2020,Toyota,Aqua,Automatic,"Hybrid, Octane","Tk 1,700,000",2020,"1,500 cc","55,328 km",6
Toyota Premio F 2007,Toyota,Premio,Automatic,"CNG, Octane","Tk 1,930,000",2007,"1,500 cc","85,000 km",19
Toyota C-HR PUSH G LED 2020,Toyota,C-HR,Automatic,Hybrid,"Tk 3,380,000",2020,"1,800 cc","31,932 km",6
Toyota Harrier z leather Pearl 2025,Toyota,Harrier,Automatic,Petrol,"Tk 10,890,000",2025,"2,500 cc",5 km,1
Toyota Hiace DX AMBULANCE 2020,Toyota,Hiace,Automatic,Petrol,"Tk 2,820,000",2020,"2,000 cc","64,222 km",6
Toyota Noah SI WXB HYBRID 2021,Toyota,Noah,Automatic,Hybrid,"Tk 3,840,000",2021,"1,800 cc","62,000 km",5
Toyota Corolla WXB HYBRID 2020,Toyota,Corolla,Automatic,Hybrid,"Tk 3,130,000",2020,"1,800 cc","61,000 km",6
Toyota Hiace GL WHITE 2020,Toyota,Hiace,Automatic,Petrol,"Tk 2,850,000",2020,"2,000 cc","73,000 km",6
Toyota Corolla Cross Z LEATHER. 2023,Toyota,Corolla Cross,Automatic,Hybrid,"Tk 5,140,000",2023,"1,800 cc","6,000 km",3
Toyota Premio F EX 2021,Toyota,Premio,Automatic,Petrol,"Tk 4,850,000",2021,"1,500 cc","45,000 km",5
Toyota Corolla GX HYBRID PEARL 2020,Toyota,Corolla,Automatic,Hybrid,"Tk 2,950,000",2020,"1,800 cc","53,000 km",6
Toyota Fielder EX HYBRID 2021,Toyota,Fielder,Automatic,Hybrid,"Tk 2,200,000",2021,"1,500 cc","105,000 km",5
Toyota Esquire GI PREMIUM NON HYBRI 2020,Toyota,Esquire,Automatic,Petrol,"Tk 4,390,000",2020,"2,000 cc","82,000 km",6
Honda Civic FC-1 2020,Honda,Civic,Automatic,Petrol,"Tk 4,090,000",2020,"1,500 cc","30,000 km",6
Toyota Noah Hybrid 2 Door power 2020,Toyota,Noah,Automatic,Hybrid,"Tk 3,300,000",2020,"1,800 cc","82,430 km",6
Toyota Esquire GIP PKG 2020,Toyota,Esquire,Automatic,"Hybrid, Octane","Tk 4,175,000",2020,"1,790 cc","86,200 km",6
Toyota Axio Hybrid EX 2020,Toyota,Axio,Automatic,"Hybrid, Octane","Tk 2,800,000",2020,"1,490 cc","69,000 km",6
Toyota Esquire GIP PKG 2020,Toyota,Esquire,Automatic,"Hybrid, Octane","Tk 4,200,000",2020,"1,790 cc","97,059 km",6
Toyota Axio Hybrid EX PKG 2020,Toyota,Axio,Automatic,"Hybrid, Octane","Tk 2,975,000",2020,"1,490 cc","17,333 km",6
Toyota Cross Z PKG 2025,Toyota,Cross,Automatic,"Hybrid, Octane","Tk 5,800,000",2025,"1,790 cc",15 km,1
Toyota ist G-Ltd. Octane Push 2011,Toyota,ist,Automatic,Octane,"Tk 1,340,000",2011,"1,500 cc","59,000 km",15
Toyota Axio Hybrid EX 2020,Toyota,Axio,Automatic,"Hybrid, Octane","Tk 2,850,000",2020,"1,490 cc","67,300 km",6
Toyota Noah X 2003,Toyota,Noah,Automatic,"Petrol, Octane, LPG","Tk 1,175,000",2003,"2,000 cc","125,000 km",23
Toyota Allion 2011,Toyota,Allion,Automatic,"Petrol, Octane","Tk 2,190,000",2011,"1,500 cc","68,000 km",15
Toyota Esquire Gi Premium Black 2020,Toyota,Esquire,Automatic,Petrol,"Tk 4,580,000",2020,"2,000 cc","63,000 km",6
Toyota Noah SI Black 3.5149k km 2020,Toyota,Noah,Automatic,Petrol,"Tk 3,950,000",2020,"2,000 cc","149,000 km",6
Toyota Noah SI WXB 2020,Toyota,Noah,Automatic,"Petrol, Hybrid, Octane","Tk 3,500,000",2020,"1,800 cc","45,720 km",6
Toyota Esquire GI Hybrid 4 2020,Toyota,Esquire,Automatic,"Petrol, Hybrid, Octane","Tk 3,950,000",2020,"1,800 cc","66,000 km",6
Toyota Esquire Gi Premium Hybrid 2021,Toyota,Esquire,Automatic,"Petrol, Hybrid, Octane","Tk 4,000,000",2021,"1,800 cc","116,313 km",5
Toyota Axio EX PKG 2020,Toyota,Axio,Automatic,"Petrol, Hybrid, Octane","Tk 2,080,000",2020,"1,500 cc","51,000 km",6
Toyota Noah SI WXB 2020,Toyota,Noah,Automatic,"Petrol, Hybrid, Octane","Tk 4,700,000",2020,"1,800 cc","46,821 km",6
Toyota Noah SI WXB 2020,Toyota,Noah,Automatic,"Petrol, Hybrid, Octane","Tk 3,550,000",2020,"1,800 cc","56,123 km",6
Toyota Noah X Dark Wine N.Hybrid 2021,Toyota,Noah,Automatic,"Petrol, Octane","Tk 3,850,000",2021,"2,000 cc","74,269 km",5
Toyota Premio F-EX 4.5 2021,Toyota,Premio,Automatic,"Petrol, Octane","Tk 5,000,000",2021,"1,500 cc","35,115 km",5
Toyota Aqua G Soft Leather 2020,Toyota,Aqua,Automatic,"Petrol, Hybrid, Octane","Tk 2,050,000",2020,"1,500 cc","69,000 km",6
Toyota Axio Ex 2020,Toyota,Axio,Automatic,"Petrol, Hybrid, Octane","Tk 2,150,000",2020,"1,500 cc","52,800 km",6
Toyota Fielder EX Hybrid Ready 2020,Toyota,Fielder,Automatic,"Petrol, Hybrid, Octane","Tk 2,200,000",2020,"1,500 cc","42,152 km",6
Toyota Corolla Cross Z Leather Full Load 2023,Toyota,Corolla Cross,Automatic,"Petrol, Hybrid, Octane","Tk 5,200,000",2023,"1,800 cc","6,000 km",3
Toyota Noah XI Hybrid 2020,Toyota,Noah,Automatic,"Petrol, Hybrid, Octane","Tk 3,100,000",2020,"1,800 cc","72,000 km",6
Toyota Voxy ZS Kirameki Ready 2019,Toyota,Voxy,Automatic,"Petrol, Hybrid, Octane","Tk 3,050,000",2019,"1,800 cc","37,856 km",7
Toyota Voxy S-Z Hybrid 2022,Toyota,Voxy,Automatic,"Petrol, Hybrid","Tk 4,870,000",2022,"1,800 cc","63,000 km",4
Honda Insight Ex 2021,Honda,Insight,Automatic,"Petrol, Hybrid, Octane","Tk 3,850,000",2021,"1,500 cc","30,000 km",5
Toyota Esquire Gi Hybrid Mica-Blue 2020,Toyota,Esquire,Automatic,"Petrol, Hybrid, Octane","Tk 3,800,000",2020,"2,020 cc","59,785 km",6
Toyota Fielder Ex pkg Hyb push 4pt 2020,Toyota,Fielder,Automatic,"Hybrid, Octane","Tk 2,320,000",2020,"1,500 cc","90,369 km",6
Toyota Axio Ex Octen push 4pt 2020,Toyota,Axio,Automatic,"Octane, Other fuel type","Tk 2,670,000",2020,"1,500 cc","90,999 km",6
Toyota Hiace DX DHAKA READY 2021,Toyota,Hiace,Automatic,Octane,"Tk 3,180,000",2021,"2,000 cc","63,251 km",5
Toyota Corolla Cross Z-LEATHER HYBRID 2023,Toyota,Corolla Cross,Automatic,"Hybrid, Octane","Tk 4,850,000",2023,"1,800 cc","47,845 km",3
Toyota Harrier Z-LEATHER HYBRID 2020,Toyota,Harrier,Automatic,"Hybrid, Octane","Tk 6,980,000",2020,"2,500 cc","64,253 km",6
Toyota Noah X Smart Dhaka Ready 2020,Toyota,Noah,Automatic,Octane,"Tk 3,950,000",2020,"2,000 cc","74,000 km",6
Haval H2 Fully Loaded 2017,Haval,H2,Automatic,Octane,"Tk 1,990,000",2017,"1,500 cc","34,000 km",9
Toyota Corolla X 2001,Toyota,Corolla,Automatic,"CNG, Octane","Tk 950,000",2001,"1,500 cc","85,431 km",25
Toyota Corolla x 2002,Toyota,Corolla,Automatic,"CNG, Octane","Tk 1,045,000",2002,"1,500 cc","87,000 km",24
Toyota Corolla 2003,Toyota,Corolla,Automatic,"CNG, Octane","Tk 980,000",2008,"1,500 cc","176,000 km",18
Toyota Allion 2005,Toyota,Allion,Automatic,"CNG, Octane","Tk 1,455,000",2005,"1,500 cc","85,000 km",21
Toyota Premio F 2012,Toyota,Premio,Automatic,Octane,"Tk 2,565,000",2012,"1,500 cc","66,000 km",14
Toyota Premio F 2016,Toyota,Premio,Automatic,Octane,"Tk 2,945,000",2016,"1,500 cc","51,000 km",10
Nissan X-Trail no accident history 2007,Nissan,X-Trail,Automatic,"Petrol, Octane","Tk 790,000",2007,"2,500 cc","120,000 km",19
Toyota Fielder 5 Seater 2011,Toyota,Fielder,Automatic,"CNG, Octane","Tk 1,620,000",2011,"1,500 cc","75,000 km",15
Toyota Corolla X 2005,Toyota,Corolla,Automatic,"CNG, Octane","Tk 1,330,000",2005,"1,500 cc","78,324 km",21
Nissan X-Trail 7 Seat  Sunroof 2014,Nissan,X-Trail,Automatic,Octane,"Tk 3,050,000",2014,"2,000 cc","54,300 km",12
Nissan Sunny Fresh Condition 2006,Nissan,Sunny,Automatic,"CNG, Octane","Tk 690,000",2006,"1,600 cc","79,500 km",20
BMW 5 Series 520i Germany 2015,BMW,5 Series,Automatic,Octane,"Tk 6,750,000",2015,"2,000 cc","24,000 km",11
DFSK Glory I-Auto Fully Loaded 2021,DFSK,Glory I-Auto,Automatic,Octane,"Tk 2,250,000",2021,"1,500 cc","27,000 km",5
Toyota Noah X 2015,Toyota,Noah,Automatic,"Octane, LPG","Tk 2,685,000",2015,"2,000 cc","72,038 km",11
Toyota C-HR G LED Package Loan 2019,Toyota,C-HR,Automatic,"Hybrid, Octane","Tk 2,050,000",2019,"1,800 cc","27,000 km",7
Toyota Hiace Super GL fresh 2009,Toyota,Hiace,Automatic,"CNG, Octane","Tk 2,280,000",2009,"2,000 cc","75,000 km",17
Toyota Premio F EX Octane Drive 2014,Toyota,Premio,Automatic,Octane,"Tk 2,730,000",2014,"1,500 cc","55,000 km",12
Toyota Aqua S STYLE BLACK 2020,Toyota,Aqua,Automatic,Hybrid,"Tk 1,900,000",2020,"1,500 cc","75,000 km",6
Toyota Allion G Plus Package 2016,Toyota,Allion,Automatic,Octane,"Tk 3,050,000",2016,"1,500 cc","51,000 km",10
Honda City G Package 2017,Honda,City,Automatic,Octane,"Tk 2,150,000",2017,"1,500 cc","37,000 km",9
Toyota Hiace GL Super Fresh 2017,Toyota,Hiace,Automatic,"CNG, Octane","Tk 3,150,000",2017,"1,500 cc","42,000 km",9
Toyota Harrier Advance Premium JBL 2017,Toyota,Harrier,Automatic,Octane,"Tk 6,220,000",2017,"2,000 cc","52,000 km",9
Toyota Noah X Smart Push Octane 2012,Toyota,Noah,Automatic,Octane,"Tk 2,295,000",2012,"2,000 cc","75,008 km",14
Toyota Celica Sports Full Fresh 2004,Toyota,Celica,Automatic,Octane,"Tk 1,680,000",2004,"2,000 cc","43,000 km",22
Honda Vezel Z Octane Drive Only 2014,Honda,Vezel,Automatic,Octane,"Tk 1,990,000",2014,"1,500 cc","62,000 km",12
Toyota Alphard EXECUTIVE LOUNGE 2020,Toyota,Alphard,Automatic,Hybrid,"Tk 10,700,000",2020,"2,500 cc","20,000 km",6
Toyota Corolla Cross Z Black 2022,Toyota,Corolla Cross,Automatic,Hybrid,"Tk 4,670,000",2022,"1,800 cc","34,850 km",4
Toyota Harrier HarrierPearl 2021,Toyota,Harrier,Automatic,Octane,"Tk 8,300,000",2021,"2,000 cc","36,542 km",5
Toyota Prius S SAFETY PLUS2 2020,Toyota,Prius,Automatic,Hybrid,"Tk 2,980,000",2020,"1,800 cc","33,451 km",6
Toyota Axio 2020 PEARL EX,Toyota,Axio,Automatic,Octane,"Tk 2,710,000",2020,"1,500 cc","54,700 km",6
Toyota C-HR Pearl 2020,Toyota,C-HR,Automatic,Hybrid,"Tk 3,470,500",2020,"1,800 cc","28,000 km",6
Mitsubishi Outlander Red 2018,Mitsubishi,Outlander,Automatic,Octane,"Tk 4,550,000",2018,"2,000 cc","49,542 km",8
Mitsubishi Lancer GLX 2011,Mitsubishi,Lancer,Automatic,Octane,"Tk 920,000",2011,"1,300 cc","45,000 km",15
Nissan X-Trail 2016 Sunroof japan,Nissan,X-Trail,Automatic,Octane,"Tk 3,050,000",2016,"2,000 cc","66,000 km",10
BMW X5 HARD JEEP 2017,BMW,X5,Automatic,"Hybrid, Octane","Tk 11,500,000",2017,"2,000 cc","37,000 km",9
Toyota Corolla X 2005 REG 2008,Toyota,Corolla,Automatic,CNG,"Tk 1,200,000",2005,"1,500 cc","68,000 km",21
Toyota Fielder 2003 Reg 2008,Toyota,Fielder,Automatic,"CNG, Octane","Tk 1,090,000",2003,"1,500 cc","74,000 km",23
Toyota C-HR CHR modelist 2017,Toyota,C-HR,Automatic,"Hybrid, Octane","Tk 2,550,000",2017,"1,800 cc","75,650 km",9
Toyota Axio EX PKG HYB 2020,Toyota,Axio,Automatic,Hybrid,"Tk 2,450,000",2020,"1,500 cc","63,000 km",6
Toyota Noah G 2020,Toyota,Noah,Automatic,"Hybrid, Octane","Tk 3,370,000",2020,"1,800 cc","113,000 km",6
Toyota Fielder EX PKG NON HYB 2020,Toyota,Fielder,Automatic,Octane,"Tk 2,650,000",2020,"1,500 cc","163,000 km",6
Toyota Hiace SUPER GL KEY START 2020,Toyota,Hiace,Automatic,Octane,"Tk 3,750,000",2020,"2,000 cc","143,282 km",6
Toyota Hiace GL DUAL AC ORIGINAL 2020,Toyota,Hiace,Automatic,Octane,"Tk 3,380,000",2020,"2,000 cc","129,518 km",6
Toyota Axio X full fresh 2012,Toyota,Axio,Automatic,"CNG, Octane","Tk 1,690,000",2012,"1,500 cc","78,000 km",14
Toyota Corolla X 2005,Toyota,Corolla,Automatic,"CNG, Octane","Tk 1,225,000",2005,"1,500 cc","66,000 km",21
Toyota Axio X Octane Drive Only 2012,Toyota,Axio,Automatic,Octane,"Tk 1,795,000",2012,"1,500 cc","69,000 km",14
Toyota C-HR Read Stock 2018,Toyota,C-HR,Automatic,"Petrol, Hybrid, Octane","Tk 3,160,000",2018,"1,800 cc","43,589 km",8
Hyundai H1 12 Seat Octane Drive 2015,Hyundai,H1,Automatic,"Petrol, Octane","Tk 1,980,000",2015,"2,400 cc","57,451 km",11
Subaru Forester AWD 2019,Subaru,Forester,Automatic,"Petrol, Octane","Tk 3,520,000",2019,"2,000 cc","55,428 km",7
Toyota Hilux Pickup 2011,Toyota,Hilux,Manual,Diesel,"Tk 2,750,000",2011,"2,500 cc","65,214 km",15
Honda CR-V New Shape Octane 2021,Honda,CR-V,Automatic,Octane,"Tk 5,100,000",2021,"1,500 cc","42,415 km",5
Kia Sportage New Shape Sunroof 2025,Kia,Sportage,Automatic,Octane,"Tk 5,500,000",2025,"1,600 cc","2,371 km",1
Toyota Axio G Package 2008,Toyota,Axio,Automatic,"Petrol, Octane","Tk 1,490,000",2008,"1,500 cc","57,854 km",18
Toyota Hilux Carryboy 2018,Toyota,Hilux,Manual,Diesel,"Tk 5,340,000",2018,"2,400 cc","55,214 km",8
Toyota Hilux Surf Octane Drive 2004,Toyota,Hilux,Automatic,Octane,"Tk 1,900,000",2004,"2,700 cc","68,563 km",22
Toyota Premio FEX Octane Drive 2014,Toyota,Premio,Automatic,"Petrol, Octane","Tk 2,490,000",2014,"1,500 cc","62,154 km",12
Toyota Prado TX Ltd 4WD 2012,Toyota,Prado,Automatic,"Petrol, Octane","Tk 6,990,000",2012,"2,700 cc","63,587 km",14
Mitsubishi Outlandar 4WD 2016,Mitsubishi,Outlandar,Automatic,"Petrol, Octane","Tk 3,240,000",2016,"2,000 cc","52,514 km",10
Mitsubishi Pajero V93 2006,Mitsubishi,Pajero,Automatic,"Petrol, Octane","Tk 3,680,000",2006,"3,000 cc","82,154 km",20
Mitsubishi Pajero Sport Diesel 2013,Mitsubishi,Pajero,Manual,Diesel,"Tk 3,550,000",2013,"2,500 cc","47,541 km",13
BMW 5 Series 520i 2011,BMW,5 Series,Automatic,"Petrol, Octane","Tk 4,490,000",2011,"2,000 cc","15,102 km",15
Mitsubishi Lancer GLX 2011,Mitsubishi,Lancer,Automatic,"Petrol, Octane","Tk 955,000",2011,"1,300 cc","82,104 km",15
Toyota Aqua Read Stock 2019,Toyota,Aqua,Automatic,"Hybrid, Octane","Tk 1,940,000",2019,"1,500 cc","93,541 km",7
Toyota Prius Showroom Stock 2018,Toyota,Prius,Automatic,"Hybrid, Octane","Tk 2,630,000",2018,"1,800 cc","76,845 km",8
Toyota Fortuner 4WD 2006,Toyota,Fortuner,Automatic,"Petrol, Octane","Tk 3,540,000",2006,"2,700 cc","44,965 km",20
Range Rover Vogue Autobiography 2017,Range Rover,Vogue,Automatic,Diesel,"Tk 17,500,000",2017,"3,000 cc","29,845 km",9
Toyota C-HR Grade-4 2018,Toyota,C-HR,Automatic,"Hybrid, Octane","Tk 3,220,000",2018,"1,800 cc","42,518 km",8
Toyota Corolla Axio Grade-4 2018,Toyota,Corolla,Automatic,"Hybrid, Octane","Tk 2,150,000",2018,"1,500 cc","87,451 km",8
Hyundai H1 New Shape 2015,Hyundai,H1,Automatic,"Petrol, Octane","Tk 1,990,000",2015,"2,400 cc","64,785 km",11
Subaru Forester New Shape Octane 2019,Subaru,Forester,Automatic,"Petrol, Octane","Tk 3,500,000",2019,"2,000 cc","56,481 km",7
Toyota Hilux Diesel Pickup 4WD 2011,Toyota,Hilux,Manual,Diesel,"Tk 2,640,000",2011,"2,500 cc","69,542 km",15
Nissan X-Trail New Shape 4WD 2017,Nissan,X-Trail,Automatic,"Petrol, Octane","Tk 3,890,000",2017,"2,000 cc","35,421 km",9
Toyota Allion  CNG Drive 2009,Toyota,Allion,Automatic,"Petrol, Octane","Tk 2,000,000",2009,"1,500 cc","62,548 km",17
Toyota Land Cruiser Prado TX LTD 2013,Toyota,Land Cruiser,Automatic,"Petrol, Octane","Tk 7,550,000",2013,"2,700 cc","67,549 km",13
Toyota Hilux Carryboy New Shape 2018,Toyota,Hilux,Manual,Diesel,"Tk 5,350,000",2018,"2,400 cc","75,214 km",8
Toyota Corolla Axio Push  Octane 2008,Toyota,Corolla,Automatic,"Petrol, Octane","Tk 1,490,000",2008,"1,500 cc","58,654 km",18
Toyota Premio FEX Power Seat 2014,Toyota,Premio,Automatic,"Petrol, Octane","Tk 2,490,000",2014,"1,500 cc","62,354 km",12
Mitsubishi Pajero V93 Rock Ford Sound 2006,Mitsubishi,Pajero,Automatic,"Petrol, Octane","Tk 3,690,000",2006,"3,000 cc","81,249 km",20
Toyota Land Cruiser Prado TX LTD 2012,Toyota,Land Cruiser,Automatic,"Petrol, Octane","Tk 7,000,000",2012,"2,700 cc","59,652 km",14
Nissan X-Trail New Shape 4WD 2016,Nissan,X-Trail,Automatic,"Hybrid, Octane","Tk 2,340,000",2016,"2,000 cc","63,254 km",10
DFSK Glory 580 i AUTO 2021,DFSK,Glory 580,Automatic,"Petrol, Octane","Tk 2,550,000",2021,"1,500 cc","13,998 km",5
Nissan X-Trail 2011 LPG,Nissan,X-Trail,Automatic,"Octane, LPG","Tk 1,650,000",2011,"2,000 cc","87,000 km",15
Mazda Axela 2012,Mazda,Axela,Automatic,"Petrol, Octane","Tk 1,580,000",2012,"1,500 cc","54,000 km",14
Toyota Rush Semi Push 2016,Toyota,Rush,Automatic,Octane,"Tk 1,690,000",2016,"1,500 cc","54,000 km",10
Toyota C-HR G LED 2020,Toyota,C-HR,Automatic,"Hybrid, Octane","Tk 3,350,000",2020,"1,800 cc","33,860 km",6
Toyota Corolla Axio 2014,Toyota,Corolla,Automatic,"Petrol, Octane","Tk 1,690,000",2014,"1,500 cc","97,000 km",12
Suzuki Fridger Van 2020,Suzuki,Other Model,Automatic,Petrol,"Tk 1,250,000",2020,660 cc,"188,000 km",6
Toyota Allion A15 KEY start 2019,Toyota,Allion,Automatic,Petrol,"Tk 3,550,000",2019,"1,500 cc","47,000 km",7
Toyota Probox GL 2011,Toyota,Probox,Automatic,"Octane, LPG","Tk 920,000",2011,"1,500 cc","170,000 km",15
Honda Civic Thai 2020,Honda,Civic,Automatic,Octane,"Tk 3,990,000",2020,"1,500 cc","6,500 km",6
Toyota Axio EX PKG 2020 DHAKA,Toyota,Axio,Automatic,Hybrid,"Tk 2,350,000",2020,"1,500 cc","100,000 km",6
Mitsubishi Pajero v6-Full Fresh 2004,Mitsubishi,Pajero,Automatic,Octane,"Tk 1,970,000",2004,"3,000 cc","179,496 km",22
Nissan Sunny EX Salon 2004,Nissan,Sunny,Automatic,"Octane, LPG","Tk 760,000",2004,"1,500 cc","72,000 km",22
Toyota Crown Royal Extra 1997,Toyota,Crown,Automatic,Octane,"Tk 1,120,000",1997,"2,000 cc","64,878 km",29
Toyota RAV4 Full Fresh 2000,Toyota,RAV4,Automatic,"Octane, LPG","Tk 995,000",2000,"2,000 cc","103,000 km",26
Toyota Corolla 110 Full Fresh 1996,Toyota,Corolla,Automatic,"CNG, Octane","Tk 545,000",1996,"1,500 cc","171,974 km",30
Toyota Axio Lookgel G 2012,Toyota,Axio,Automatic,"Octane, LPG","Tk 1,650,000",2012,"1,500 cc","82,000 km",14
Toyota Axio . 2011,Toyota,Axio,Automatic,"CNG, Octane","Tk 1,560,000",2011,"1,500 cc","89,000 km",15
Toyota Noah X Hybrid Silver 2020,Toyota,Noah,Automatic,"Hybrid, Octane","Tk 2,900,000",2020,"1,800 cc","70,524 km",6
Toyota C-HR hybrid 2020,Toyota,C-HR,Automatic,"Petrol, Hybrid, Octane","Tk 3,050,000",2020,"1,800 cc","54,786 km",6
Toyota Corolla EE-111 1996,Toyota,Corolla,Automatic,"CNG, Octane","Tk 520,000",1996,"1,331 cc","35,000 km",30
"Proton Saga , 2005",Proton,Saga,Automatic,"CNG, Octane","Tk 685,000",2005,"1,300 cc","87,000 km",21
Toyota Esquire GI PREMIUM 2020,Toyota,Esquire,Automatic,"Hybrid, Octane","Tk 3,850,000",2020,"1,800 cc","70,000 km",6
Toyota Corolla hybrid 2020,Toyota,Corolla,Automatic,"Petrol, Hybrid, Octane","Tk 2,350,000",2020,"1,800 cc","56,328 km",6
Haval H2 lag 60 Sunroof 2020,Haval,H2,Automatic,"Octane, LPG","Tk 1,050,000",2020,"2,300 cc","68,535 km",6
Toyota Allion G-Edition 2008,Toyota,Allion,Automatic,"CNG, Octane","Tk 1,980,000",2008,"1,500 cc","87,500 km",18
Toyota Noah X-Limited 2004,Toyota,Noah,Automatic,"Octane, LPG","Tk 1,320,000",2004,"2,000 cc","89,500 km",22
Toyota Corolla 110 SE-SALOON 2000,Toyota,Corolla,Automatic,"CNG, Octane","Tk 780,000",2000,"1,500 cc","91,500 km",26
Toyota Axio G Push 2014,Toyota,Axio,Automatic,Octane,"Tk 1,800,000",2014,"1,500 cc","70,000 km",12
Toyota Hiace SUPER GL DARKPRIME 2 2021,Toyota,Hiace,Automatic,Octane,"Tk 4,350,000",2021,"2,000 cc","102,000 km",5
Toyota Hiace SUPER GL 2016,Toyota,Hiace,Automatic,"Octane, LPG","Tk 3,280,000",2016,"2,000 cc","87,645 km",10
Toyota Starlet REFLET 1998,Toyota,Starlet,Automatic,Octane,"Tk 560,000",1998,"1,331 cc","91,500 km",28
Toyota Wagon 100 Dx 2001,Toyota,Wagon 100,Automatic,"CNG, Octane","Tk 420,000",2001,"1,331 cc","92,500 km",25
Toyota Corolla X 2005,Toyota,Corolla,Automatic,"CNG, Octane","Tk 1,280,000",2005,"1,500 cc","92,500 km",21
Mitsubishi Outlandar SunRoof 7 Sit Octane 2017,Mitsubishi,Outlandar,Automatic,Octane,"Tk 3,630,000",2017,"2,000 cc","52,000 km",9
Toyota Vitz 2013,Toyota,Vitz,Automatic,Octane,"Tk 1,345,000",2018,"1,330 cc","54,555 km",8
Toyota Yaris Cross Z PACKAGE 4.5 2021,Toyota,Yaris Cross,Automatic,"Hybrid, Octane","Tk 3,400,000",2021,"1,500 cc","46,000 km",5
Toyota Hiace GL 2016,Toyota,Hiace,Automatic,"CNG, Octane","Tk 2,480,000",2016,"2,000 cc","98,764 km",10
Toyota Noah X 2010,Toyota,Noah,Automatic,"CNG, Octane","Tk 1,895,000",2010,"2,000 cc","141,138 km",16
Toyota C-HR G LED PEARL 2020,Toyota,C-HR,Automatic,Hybrid,"Tk 3,390,000",2020,"1,800 cc","29,000 km",6
Toyota Esquire GI PREMIUM BLACK 2020,Toyota,Esquire,Automatic,Hybrid,"Tk 3,710,000",2020,"1,800 cc","65,000 km",6
Toyota Yaris Cross G LED WINE 2020,Toyota,Yaris Cross,Automatic,Hybrid,"Tk 3,220,000",2020,"1,500 cc","41,000 km",6
Toyota Noah x 2004,Toyota,Noah,Automatic,"CNG, Octane","Tk 950,000",2004,"2,000 cc","87,000 km",22
Toyota Axio aa. aoaa 2011,Toyota,Axio,Automatic,"CNG, Octane","Tk 1,590,000",2011,"1,500 cc","84,000 km",15
Toyota Corolla X 2004,Toyota,Corolla,Automatic,CNG,"Tk 1,035,000",2004,"1,500 cc","82,000 km",22
Nissan X-Trail 2004,Nissan,X-Trail,Automatic,Octane,"Tk 1,075,000",2004,"2,000 cc","72,000 km",22
Toyota Corona Premio Octane Drive- 1999,Toyota,Corona,Automatic,Octane,"Tk 780,000",1999,"1,600 cc","85,100 km",27
Toyota Hiace GL 2012,Toyota,Hiace,Automatic,"Octane, LPG","Tk 1,894,999",2012,"2,000 cc","72,000 km",14
Toyota Hiace SUPER GL 2013,Toyota,Hiace,Automatic,"CNG, Octane","Tk 2,680,000",2013,"2,000 cc","106,000 km",13
Toyota Corolla 110 All AUTO 1995,Toyota,Corolla,Automatic,"CNG, Octane","Tk 650,000",1995,"1,500 cc","97,572 km",31
Toyota Corolla fresh 2003,Toyota,Corolla,Automatic,"CNG, Octane","Tk 799,999",2003,"1,300 cc","80,000 km",23
Toyota ist All Auto Octane 2008,Toyota,ist,Automatic,Octane,"Tk 1,450,000",2008,"1,500 cc","91,476 km",18
Hyundai Tucson SEL Premium package 2022,Hyundai,Tucson,Automatic,"Hybrid, Octane","Tk 4,310,000",2022,"1,600 cc","49,385 km",4
Mitsubishi Outlandar 7 seater 2010,Mitsubishi,Outlandar,Automatic,"Octane, LPG","Tk 1,700,000",2010,"1,935 cc","134,439 km",16
Toyota Corolla X Full Fresh 2004,Toyota,Corolla,Automatic,"CNG, Octane","Tk 1,320,000",2004,"1,500 cc","70,485 km",22
Toyota Axio 2006 2007,Toyota,Axio,Automatic,"Petrol, Octane","Tk 1,140,000",2007,"1,500 cc","85,000 km",19
Toyota Hiace a.aaoaaaa2 a.aa2aa a-aaoa 2015,Toyota,Hiace,Automatic,Octane,"Tk 3,150,000",2015,"2,000 cc","83,842 km",11
Toyota Voxy G Push 2018,Toyota,Voxy,Automatic,"Hybrid, Octane, LPG","Tk 2,530,000",2018,"1,800 cc","64,000 km",8
Toyota Sienta 7 sit 2013,Toyota,Sienta,Automatic,"Octane, LPG","Tk 1,390,000",2013,"1,500 cc","68,000 km",13
Toyota Hiace Super GL Dark Prime 2022,Toyota,Hiace,Automatic,Petrol,"Tk 4,560,000",2022,"2,000 cc","36,100 km",4
Toyota Fielder EX PUSH START 2020,Toyota,Fielder,Automatic,Hybrid,"Tk 2,140,000",2020,"1,500 cc","97,609 km",6
Toyota Hiace GL 2016 2011,Toyota,Hiace,Automatic,"CNG, Octane","Tk 1,990,000",2011,"2,000 cc","97,604 km",15
Toyota Noah PUSH POWER DOORS 2020,Toyota,Noah,Automatic,Hybrid,"Tk 3,350,000",2020,"1,800 cc","94,205 km",6
Toyota Probox Full Fresh 2004,Toyota,Probox,Automatic,Octane,"Tk 780,000",2004,"1,300 cc","87,563 km",22
Toyota Axio X PACKAGE 2019,Toyota,Axio,Automatic,Hybrid,"Tk 2,380,000",2019,"1,500 cc","51,236 km",7
Toyota Prius 2017,Toyota,Prius,Automatic,Hybrid,"Tk 24,000,000",2017,"1,800 cc","52,000 km",9
Toyota Axio EX PUSH START 2020,Toyota,Axio,Automatic,Hybrid,"Tk 2,450,000",2020,"1,500 cc","43,224 km",6
Toyota Aqua G 2016,Toyota,Aqua,Automatic,"Hybrid, Octane","Tk 1,360,000",2016,"1,500 cc","64,000 km",10
Toyota Axio Ex Hybrid 2022,Toyota,Axio,Automatic,"Hybrid, Octane","Tk 2,650,000",2022,"1,500 cc","57,489 km",4
Toyota Allion . 2010,Toyota,Allion,Automatic,"CNG, Octane","Tk 2,000,000",2010,"1,500 cc","88,000 km",16
Toyota Corolla X LTD 2005,Toyota,Corolla,Automatic,"CNG, Octane","Tk 1,370,000",2005,"1,500 cc","76,358 km",21
Toyota Aqua Octane 2013,Toyota,Aqua,Automatic,"Octane, LPG","Tk 1,090,000",2013,"1,500 cc","112,000 km",13
Toyota Prius A Package 2021,Toyota,Prius,Automatic,"Hybrid, Octane","Tk 3,350,000",2021,"1,800 cc","23,440 km",5
Toyota Fielder X 2004,Toyota,Fielder,Automatic,"Octane, LPG","Tk 1,330,000",2004,"1,500 cc","69,354 km",22
Toyota Noah X limited 2003,Toyota,Noah,Automatic,"CNG, Octane","Tk 1,500,000",2003,"2,000 cc","150,000 km",23
Toyota Allion 2011,Toyota,Allion,Automatic,Octane,"Tk 2,280,000",2016,"1,500 cc",69 km,10
Honda CR-V octane drive 2007,Honda,CR-V,Automatic,Octane,"Tk 980,000",2007,"2,400 cc","78,543 km",19
Toyota Corolla . 2004,Toyota,Corolla,Automatic,"CNG, Octane","Tk 1,190,000",2004,"1,500 cc","84,000 km",22
Honda CR-V . 2003,Honda,CR-V,Automatic,"Octane, LPG","Tk 1,180,000",2003,"2,000 cc","89,000 km",23
Toyota Noah SI 2 Door PWR 2011,Toyota,Noah,Automatic,"CNG, Octane","Tk 2,350,000",2011,"2,000 cc","69,214 km",15
Toyota Esquire 2020,Toyota,Esquire,Automatic,Octane,"Tk 4,180,000",2020,"2,000 cc","63,000 km",6
Nissan Tiida Latio 2005,Nissan,Tiida,Automatic,"Octane, LPG","Tk 980,000",2005,"1,500 cc","85,000 km",21
Toyota Corolla Cross Z LTH Moonroof 360 2021,Toyota,Corolla Cross,Automatic,"Petrol, Hybrid, Octane","Tk 4,750,000",2021,"1,800 cc","42,150 km",5
Toyota C-HR G-LED 2017,Toyota,C-HR,Automatic,"Hybrid, Octane","Tk 2,290,000",2017,"1,800 cc","66,541 km",9
Toyota Esquire XI NON HYBRID PUSH 2020,Toyota,Esquire,Automatic,Octane,"Tk 4,000,000",2020,"2,000 cc","132,123 km",6
Toyota Fielder Ex HYBRID 2020,Toyota,Fielder,Automatic,Hybrid,"Tk 2,270,000",2020,"1,500 cc","103,000 km",6
Mitsubishi Pajero 2002,Mitsubishi,Pajero,Automatic,"Octane, LPG","Tk 1,370,000",2006,"2,970 cc","122,000 km",20
Toyota Harrier Z Leather Hybrid 2020,Toyota,Harrier,Automatic,Hybrid,"Tk 6,800,000",2020,"2,500 cc","25,300 km",6
Toyota Premio G Only Octane 2016,Toyota,Premio,Automatic,Octane,"Tk 2,950,000",2016,"1,500 cc","51,225 km",10
Toyota Corolla new shape 2004,Toyota,Corolla,Automatic,"Petrol, CNG, Octane","Tk 1,190,000",2004,"1,500 cc","100,000 km",22
Kia Sportage 2011,Kia,Sportage,Automatic,Octane,"Tk 1,480,000",2011,"2,000 cc","34,000 km",15
Nissan Sunny 2007,Nissan,Sunny,Automatic,Octane,"Tk 750,000",2007,"1,597 cc","110,000 km",19
Toyota Hiace super GL push 2015,Toyota,Hiace,Automatic,Octane,"Tk 3,150,000",2015,"2,000 cc","78,468 km",11
Toyota Dyna Freezer Van 2004,Toyota,Dyna,Manual,Diesel,"Tk 1,130,000",2004,"2,400 cc","123,000 km",22
Toyota Hilux 2006,Toyota,Hilux,Automatic,Octane,"Tk 2,490,000",2009,"2,697 cc","85,000 km",17
Toyota Hiace Super GL Key 2020,Toyota,Hiace,Automatic,Petrol,"Tk 3,950,000",2020,"2,000 cc","70,000 km",6
Suzuki Ertiga 2019 7SEATER,Suzuki,Ertiga,Automatic,Octane,"Tk 1,790,000",2019,"1,500 cc","58,758 km",7
Toyota Noah 2003,Toyota,Noah,Automatic,"CNG, Octane","Tk 1,280,000",2007,"2,000 cc","200,000 km",19
Toyota Noah Si 2012,Toyota,Noah,Automatic,"CNG, Octane","Tk 2,400,000",2012,"2,000 cc","72,346 km",14
Toyota Passo 2005 reg 2010 1000cc,Toyota,Passo,Automatic,Octane,"Tk 590,000",2005,Toyota Passo 2005 reg 2010 1000cc,"78,000 km",21
Toyota Esquire Gi Premium 2016,Toyota,Esquire,Automatic,Octane,"Tk 3,220,000",2016,"2,000 cc","73,422 km",10
Toyota 110 Original 1500cc 1997,Toyota,Other Model,Automatic,"CNG, Octane","Tk 730,000",1997,"1,500 cc","115,000 km",29
Toyota Fielder WXB 2013,Toyota,Fielder,Automatic,Hybrid,"Tk 1,580,000",2013,"1,500 cc","68,209 km",13
Toyota Axio 2008 limited edition,Toyota,Axio,Automatic,"CNG, Octane","Tk 1,390,000",2008,"1,500 cc","90,000 km",18
Toyota Camry XLE 2019,Toyota,Camry,Automatic,Octane,"Tk 5,790,000",2019,"2,500 cc","24,000 km",7
Toyota Hiace GL LED DUAL AC BLACK 2020,Toyota,Hiace,Automatic,Octane,"Tk 3,650,000",2020,"2,000 cc","74,300 km",6
Toyota Allion A15 2014,Toyota,Allion,Automatic,"Petrol, Octane","Tk 2,230,000",2014,"1,500 cc","90,000 km",12
Toyota Prado TX 2011,Toyota,Prado,Automatic,Octane,"Tk 6,800,000",2011,"2,700 cc","55,421 km",15
Toyota Axio 2014 reg 2019,Toyota,Axio,Automatic,"CNG, Octane","Tk 1,690,000",2014,"1,500 cc","75,000 km",12
Toyota RAV4 2006,Toyota,RAV4,Automatic,"Octane, LPG","Tk 1,550,000",2009,"2,369 cc","169,000 km",17
Toyota Corsa All Original 1996,Toyota,Corsa,Automatic,"CNG, Octane","Tk 525,000",1996,"1,331 cc","115,000 km",30
Toyota Corsa Excellent Condition 1997,Toyota,Corsa,Automatic,"CNG, Octane","Tk 525,000",1997,"1,331 cc","99,000 km",29
Toyota Axio 2011,Toyota,Axio,Automatic,"Octane, LPG","Tk 1,600,000",2017,"1,500 cc","84,321 km",9
Toyota Axio G Octane Use Only 2013,Toyota,Axio,Automatic,Octane,"Tk 1,820,000",2013,"1,500 cc","61,000 km",13
Toyota Corolla X Full Fresh 2005,Toyota,Corolla,Automatic,"CNG, Octane","Tk 1,380,000",2005,"1,500 cc","72,229 km",21
Nissan X-Trail Full package 2015,Nissan,X-Trail,Automatic,Octane,"Tk 3,475,000",2015,"2,000 cc","89,961 km",11
Toyota Hilux surf 2004,Toyota,Hilux,Automatic,Octane,"Tk 1,830,000",2004,"2,700 cc","86,500 km",22
Toyota Hiace SUPER GL DARK PRI-2 2020,Toyota,Hiace,Automatic,"Petrol, Octane","Tk 4,300,000",2020,"2,000 cc","62,000 km",6
Toyota Allion G Push Start 2010,Toyota,Allion,Automatic,Octane,"Tk 1,870,000",2010,"1,500 cc","70,000 km",16
Toyota Axio super fresh 2018,Toyota,Axio,Automatic,"Octane, LPG","Tk 2,375,000",2018,"1,500 cc","61,000 km",8
Toyota Corona My Road 1992,Toyota,Corona,Automatic,"CNG, Octane","Tk 290,000",1992,"1,500 cc","120,000 km",34
Toyota Hiace SUPER GL DARK PRIME 2021,Toyota,Hiace,Automatic,"Petrol, Octane","Tk 4,400,000",2021,"2,000 cc","88,500 km",5
Honda Insight Ex Pearl 2020,Honda,Insight,Automatic,Hybrid,"Tk 3,970,000",2020,"1,500 cc","42,163 km",6
Honda Insight Ex 2020,Honda,Insight,Automatic,Hybrid,"Tk 3,990,000",2020,"1,500 cc","40,460 km",6
Toyota C-HR G Led 2020,Toyota,C-HR,Automatic,Hybrid,"Tk 3,590,000",2020,"1,800 cc","39,000 km",6
Toyota Corolla Cross -- --z-s 2024,Toyota,Corolla Cross,Automatic,Hybrid,"Tk 5,650,000",2024,"1,800 cc",300 km,2
Toyota Prado TXL 2021,Toyota,Prado,Automatic,"Petrol, Octane","Tk 15,900,000",2021,"2,700 cc","6,049 km",5
Toyota Premio Fex 2020,Toyota,Premio,Automatic,Octane,"Tk 4,300,000",2020,"1,500 cc","58,000 km",6
Toyota Yaris Cross Z 2020,Toyota,Yaris Cross,Automatic,Petrol,"Tk 3,550,000",2020,"1,500 cc","38,000 km",6
Toyota Premio Fex Red wine 2020,Toyota,Premio,Automatic,"Petrol, Octane","Tk 4,340,000",2020,"1,500 cc","21,000 km",6
Toyota Voxy S-G 2022,Toyota,Voxy,Automatic,Hybrid,"Tk 4,400,000",2022,"1,800 cc","34,000 km",4
Toyota Noah Si Wxb 2019,Toyota,Noah,Automatic,Hybrid,"Tk 3,450,000",2019,"1,800 cc","54,000 km",7
Toyota Voxy SZ 2022,Toyota,Voxy,Automatic,Hybrid,"Tk 5,200,000",2022,"1,800 cc","9,000 km",4
Nissan X-Trail 2011,Nissan,X-Trail,Automatic,"Octane, LPG","Tk 1,670,000",2017,"2,000 cc","68,000 km",9
Mazda Axela super fresh 2011,Mazda,Axela,Automatic,Octane,"Tk 1,450,000",2011,"1,500 cc","66,000 km",15
Toyota Premio Octne Drive Japan 2005,Toyota,Premio,Automatic,Octane,"Tk 1,580,000",2005,"1,500 cc","78,000 km",21
Mitsubishi X-Pander 7 Seat 2021,Mitsubishi,X-Pander,Automatic,Octane,"Tk 2,990,000",2021,"1,500 cc","20,000 km",5
Mitsubishi Outlandar Sunroof 2021,Mitsubishi,Outlandar,Automatic,Octane,"Tk 4,650,000",2021,"2,000 cc","22,000 km",5
Toyota Axio G 2018,Toyota,Axio,Automatic,Octane,"Tk 2,190,000",2018,"1,500 cc","61,375 km",8
Mitsubishi Pajero 2006,Mitsubishi,Pajero,Automatic,Octane,"Tk 3,290,000",2009,"3,000 cc","126,000 km",17
Toyota Fielder Non Hybrid EX 4 AP 2020,Toyota,Fielder,Automatic,"Petrol, Octane","Tk 2,850,000",2020,"1,500 cc","100,000 km",6
Toyota Allion A-15 White Pearl 2004,Toyota,Allion,Automatic,"CNG, Octane","Tk 1,450,000",2004,"1,500 cc","76,000 km",22
Toyota C-HR G-MODE NERO 2 TON 2020,Toyota,C-HR,Automatic,"Petrol, Hybrid, Octane","Tk 3,400,000",2020,"1,800 cc","56,000 km",6
Toyota Hiace super GL 2012,Toyota,Hiace,Automatic,"CNG, Octane","Tk 2,490,000",2012,"2,000 cc","127,540 km",14
"Toyota Noah X, None Hybrid 2022",Toyota,Noah,Automatic,Octane,"Tk 4,890,000",2022,"2,000 cc","70,000 km",4
Toyota Hiace GL 2013,Toyota,Hiace,Automatic,"Octane, LPG","Tk 2,200,000",2013,"2,000 cc","97,384 km",13
Toyota Hiace SUPER GL 2011,Toyota,Hiace,Automatic,"CNG, Octane","Tk 2,450,000",2011,"2,000 cc","87,545 km",15
Toyota Noah Si 2010,Toyota,Noah,Automatic,Octane,"Tk 2,130,000",2010,"2,000 cc","72,170 km",16
Toyota Hiace GLDual AC Ready 2020,Toyota,Hiace,Automatic,Octane,"Tk 3,520,000",2020,"2,000 cc","36,985 km",6
Toyota Corolla G Super condition 2000,Toyota,Corolla,Automatic,"Octane, LPG","Tk 990,000",2000,"1,500 cc","87,000 km",26
Toyota Axio 2020 EX,Toyota,Axio,Automatic,Hybrid,"Tk 2,350,000",2020,"1,500 cc","56,000 km",6
Toyota Noah X 2002,Toyota,Noah,Automatic,"CNG, Octane","Tk 1,055,000",2002,"2,000 cc","99,500 km",24
Toyota Axio G 2008,Toyota,Axio,Automatic,"CNG, Octane","Tk 1,280,000",2008,"1,500 cc","99,800 km",18
Toyota Noah X SMART NON HYBRID 2021,Toyota,Noah,Automatic,Octane,"Tk 3,690,000",2021,"2,000 cc","77,000 km",5
Toyota RAV4 G Z Package 2020,Toyota,RAV4,Automatic,"Petrol, Octane","Tk 7,500,000",2020,"2,000 cc","33,800 km",6
Toyota Corolla Cross Z-LEATHER PKG G-4.5 2021,Toyota,Corolla Cross,Automatic,Hybrid,"Tk 4,600,000",2021,"1,800 cc","17,000 km",5
Toyota Aygo Axio 2014,Toyota,Aygo,Automatic,Octane,"Tk 1,845,000",2014,"1,500 cc","72,143 km",12
Toyota Hiace Touring 2001,Toyota,Hiace,Automatic,"CNG, Octane","Tk 850,000",2001,"2,000 cc","145,000 km",25
Toyota Axio Fielder 2014,Toyota,Axio,Automatic,"CNG, Octane","Tk 1,950,000",2014,"1,500 cc","59,000 km",12
MG ZS Blue 2019,MG,ZS,Automatic,Octane,"Tk 2,180,000",2019,"1,500 cc","39,450 km",7
Toyota Axio G Hybrid 2013,Toyota,Axio,Automatic,"Hybrid, Octane","Tk 1,410,000",2013,"1,500 cc","54,619 km",13
Toyota Noah X New Shape 2003,Toyota,Noah,Automatic,"CNG, Octane","Tk 1,280,000",2003,"2,000 cc","85,100 km",23
Toyota Premio F EX Package Octane 2020,Toyota,Premio,Automatic,Octane,"Tk 3,950,000",2020,"1,500 cc","33,721 km",6
Nissan Tiida Latio With LPG 2005,Nissan,Tiida,Automatic,Octane,"Tk 980,000",2005,"1,500 cc","85,100 km",21
Toyota Harrier Z Leather non hybrid 2020,Toyota,Harrier,Automatic,Octane,"Tk 8,050,000",2020,"2,000 cc","7,000 km",6
Honda Civic EK3 1997,Honda,Civic,Automatic,Octane,"Tk 590,000",1997,"1,500 cc","120,000 km",29
Toyota Axio G Push-Octane Use 2013,Toyota,Axio,Automatic,Octane,"Tk 1,815,000",2013,"1,500 cc","62,000 km",13
Honda CR-V Petrol EX Mas. Pearl 2020,Honda,CR-V,Automatic,Petrol,"Tk 6,220,000",2020,"1,500 cc","44,000 km",6
Toyota Esquire GI PREMIUM HYBRID 2020,Toyota,Esquire,Automatic,"Petrol, Hybrid, Octane","Tk 3,820,000",2020,"1,800 cc","41,000 km",6
Toyota Premio G Octane Deven Idle 2016,Toyota,Premio,Automatic,Octane,"Tk 2,940,000",2016,"1,500 cc","51,200 km",10
Mitsubishi Lancer Ex Super Fresh 2010,Mitsubishi,Lancer,Automatic,Octane,"Tk 1,470,000",2010,"1,500 cc","66,100 km",16
Nissan X-Trail 2010,Nissan,X-Trail,Automatic,Octane,"Tk 1,800,000",2016,"2,000 cc","100,000 km",10
Toyota Succeed . 2004,Toyota,Succeed,Automatic,"CNG, Octane","Tk 770,000",2004,"1,500 cc","83,000 km",22
Toyota Raum . 2005,Toyota,Raum,Automatic,"Octane, LPG","Tk 1,130,000",2005,"1,500 cc","90,000 km",21
Toyota Fielder WXB Hybrid 2013,Toyota,Fielder,Automatic,"Hybrid, Octane","Tk 1,450,000",2013,"1,500 cc","236,100 km",13
Toyota Avanza G 7 Seater 2010,Toyota,Avanza,Automatic,Octane,"Tk 1,350,000",2010,"1,500 cc","73,000 km",16
Toyota Noah Liteace GL 2011,Toyota,Noah,Automatic,"CNG, Octane","Tk 780,000",2011,"1,500 cc","78,000 km",15
Toyota Noah X SMART BLACK 2021,Toyota,Noah,Automatic,Octane,"Tk 3,780,000",2021,"2,000 cc","65,000 km",5
Toyota Aqua S pkg 2017,Toyota,Aqua,Automatic,"Hybrid, Octane","Tk 1,450,000",2017,"1,500 cc","70,000 km",9
Toyota Corolla X 2004,Toyota,Corolla,Automatic,"CNG, Octane","Tk 1,050,000",2004,"1,500 cc","123,000 km",22
Toyota Fielder Axio Ex 3.5 2020,Toyota,Fielder,Automatic,Octane,"Tk 2,980,000",2020,"1,500 cc","74,000 km",6
Toyota Passo G GRAD Octane Use 2011,Toyota,Passo,Automatic,Octane,"Tk 1,220,000",2011,"1,320 cc","67,000 km",15
Toyota Fielder EX PUSH 38000 km 2020,Toyota,Fielder,Automatic,"Petrol, Octane","Tk 2,890,000",2020,"1,500 cc","38,000 km",6
Mitsubishi Lancer Sunroof 2012,Mitsubishi,Lancer,Automatic,Octane,"Tk 1,890,000",2012,"1,500 cc","48,000 km",14
Toyota Allion A15 2014,Toyota,Allion,Automatic,"CNG, Octane","Tk 2,370,000",2014,"1,500 cc","86,000 km",12
Toyota Corolla 2004,Toyota,Corolla,Automatic,"Octane, LPG","Tk 1,130,000",2004,"1,500 cc","100,000 km",22
Toyota Allion G Push Start 2007,Toyota,Allion,Automatic,Octane,"Tk 1,730,000",2007,"1,500 cc","900,000 km",19
Toyota Axio X Hybrid 3.5 2019,Toyota,Axio,Automatic,"Hybrid, Octane","Tk 2,320,000",2019,"1,500 cc","74,000 km",7
Toyota Fielder X Fresh Unit 2005,Toyota,Fielder,Automatic,"CNG, Octane","Tk 1,280,000",2005,"1,500 cc","76,000 km",21
Toyota Hiace GL 2021,Toyota,Hiace,Automatic,Octane,"Tk 3,650,000",2021,"2,000 cc","740,000 km",5
Toyota Noah 2011,Toyota,Noah,Automatic,"Octane, LPG","Tk 2,198,000",2017,"2,000 cc","88,000 km",9
Toyota Premio FE-X 2018,Toyota,Premio,Automatic,"Octane, LPG","Tk 2,560,000",2018,"1,500 cc","98,000 km",8
Toyota Vitz Octane Deven 2011,Toyota,Vitz,Automatic,Octane,"Tk 1,040,000",2011,"1,000 cc","66,000 km",15
Toyota Axio G 2015,Toyota,Axio,Automatic,"Hybrid, Octane","Tk 1,680,000",2015,"1,500 cc","55,209 km",11
Toyota Noah HV X BLACK 2020,Toyota,Noah,Automatic,Hybrid,"Tk 3,240,000",2020,"1,800 cc","55,421 km",6
Toyota Noah G OCTANE BLACK 2021,Toyota,Noah,Automatic,Octane,"Tk 3,745,000",2021,"2,000 cc","91,000 km",5
Toyota Esquire Gi premium F 2018,Toyota,Esquire,Automatic,"Hybrid, Octane","Tk 3,235,000",2018,"1,800 cc","47,209 km",8
Toyota Axio HYBRID SUPER FRESH 2015,Toyota,Axio,Automatic,"Hybrid, Octane","Tk 1,650,000",2015,"1,500 cc","77,000 km",11
Toyota Wagon 100 . 1998,Toyota,Wagon 100,Automatic,LPG,"Tk 245,000",1998,"1,331 cc","140,000 km",28
Toyota Hiace SUPER GL PEARL 2017,Toyota,Hiace,Automatic,Petrol,"Tk 3,500,000",2017,"2,000 cc","77,000 km",9
Toyota Axio EX HV WHITE 2020,Toyota,Axio,Automatic,Hybrid,"Tk 2,270,000",2020,"1,500 cc","48,872 km",6
Toyota Corolla G-X 2020,Toyota,Corolla,Automatic,"Hybrid, Octane","Tk 3,100,000",2020,"1,790 cc","76,700 km",6
Toyota Hiace SUPER GL KEY 2020,Toyota,Hiace,Automatic,Hybrid,"Tk 3,999,999",2020,"2,000 cc","130,000 km",6
Toyota Corolla Fielder EX Package 2020,Toyota,Corolla,Automatic,Hybrid,"Tk 2,700,000",2020,"1,500 cc","34,000 km",6
Toyota RAV4 Hybrid G Package 2020,Toyota,RAV4,Automatic,Hybrid,"Tk 6,800,000",2020,"2,500 cc","41,000 km",6
Honda Insight EX Black Style 2020,Honda,Insight,Automatic,Hybrid,"Tk 4,200,000",2020,"1,500 cc","33,000 km",6
Honda Fit EHEV HOME 2020,Honda,Fit,Automatic,Hybrid,"Tk 2,200,000",2020,"1,500 cc","35,000 km",6
Honda CR-V Hybrid EX Master 2020,Honda,CR-V,Automatic,Hybrid,"Tk 5,970,000",2020,"2,000 cc","40,000 km",6
Toyota Axio EX PACKAGE HYBRID 2020,Toyota,Axio,Automatic,"Hybrid, Octane","Tk 2,200,000",2020,"1,500 cc","101,168 km",6
Toyota Corolla Cross Z Black Full Option 2023,Toyota,Corolla Cross,Automatic,Hybrid,"Tk 4,950,000",2023,"1,800 cc","17,000 km",3
Toyota Premio FL PUSH PEARL 2021,Toyota,Premio,Automatic,"Petrol, Octane","Tk 4,550,000",2021,"1,500 cc","52,000 km",5
Toyota Prado Land Cruiser TX 2017,Toyota,Prado,Automatic,Octane,"Tk 10,900,000",2017,"2,700 cc","52,292 km",9
Toyota Axio EX 2020,Toyota,Axio,Automatic,"Hybrid, Octane","Tk 2,370,000",2020,"1,500 cc","36,560 km",6
Toyota Hiace GL DUAL AC READY 2020,Toyota,Hiace,Automatic,Octane,"Tk 3,200,000",2020,"2,020 cc","41,782 km",6
Toyota Hiace SUPPER GL DHAKAREADY 2020,Toyota,Hiace,Automatic,Octane,"Tk 3,900,000",2020,"2,000 cc","51,726 km",6
Toyota Axio EX hybrid 2020,Toyota,Axio,Automatic,"Petrol, Hybrid, Octane","Tk 2,100,000",2020,"1,500 cc","161,000 km",6
Toyota Hiace Ambulance Silver 5D 2020,Toyota,Hiace,Automatic,"Petrol, Octane","Tk 2,900,000",2020,"2,000 cc","68,000 km",6
Toyota Hiace Super GL Key Black 2020,Toyota,Hiace,Automatic,"Petrol, Octane","Tk 4,000,000",2020,"2,000 cc","108,000 km",6
Toyota Harrier S-GRAY 2022,Toyota,Harrier,Automatic,"Petrol, Hybrid, Octane","Tk 8,200,000",2022,"2,000 cc","74,538 km",4
Toyota Vitz 2012,Toyota,Vitz,Automatic,Octane,"Tk 1,320,000",2017,"1,000 cc","67,509 km",9
Toyota Premio F 2010,Toyota,Premio,Automatic,"CNG, Octane","Tk 2,195,000",2010,"1,500 cc","153,000 km",16
Toyota Harrier PREMIUM SUNROOF 360 2020,Toyota,Harrier,Automatic,Octane,"Tk 6,550,000",2020,"2,000 cc","54,321 km",6
Toyota Voxy Hybrid 2 Door power 2020,Toyota,Voxy,Automatic,Hybrid,"Tk 3,250,000",2020,"1,800 cc","69,289 km",6
Toyota Vitz 2009,Toyota,Vitz,Automatic,Octane,"Tk 830,000",2016,"1,000 cc","123,000 km",10
Toyota Aqua Cross over G 2020,Toyota,Aqua,Automatic,Hybrid,"Tk 2,150,000",2020,"1,500 cc","85,000 km",6
Toyota Axio G Push-Octane Use 2013,Toyota,Axio,Automatic,Octane,"Tk 1,845,000",2013,"1,500 cc","66,000 km",13
Honda Fit Pearl 2019,Honda,Fit,Automatic,Hybrid,"Tk 2,050,000",2019,"1,500 cc","38,450 km",7
Toyota Noah Pearl hv 2019,Toyota,Noah,Automatic,"Hybrid, Octane","Tk 3,280,000",2019,"2,000 cc","46,285 km",7
Honda CR-V OctaneOriginalColor 2014,Honda,CR-V,Automatic,Octane,"Tk 2,750,000",2014,"2,000 cc","64,380 km",12
Toyota Axio G Super Fresh LPG 2014,Toyota,Axio,Automatic,"Octane, LPG","Tk 1,830,000",2014,"1,500 cc","59,800 km",12
Hyundai Creta Standard 2023,Hyundai,Creta Standard,Automatic,Octane,"Tk 2,580,000",2023,"1,500 cc","28,000 km",3
Toyota Yaris Cross Ready Stock 2021,Toyota,Yaris Cross,Automatic,Hybrid,"Tk 3,399,999",2021,"1,500 cc","48,542 km",5
Toyota Premio FG Superior 2015,Toyota,Premio,Automatic,Octane,"Tk 2,670,000",2015,"1,500 cc","63,000 km",11
Toyota Etios all auto 2008,Toyota,Etios,Automatic,"Petrol, CNG, Octane","Tk 865,000",2008,"1,300 cc","95,352 km",18
"Hyundai Sonata G Ltd,  Sun Roof 2011",Hyundai,Sonata,Automatic,Octane,"Tk 1,590,000",2011,"2,000 cc","56,000 km",15
Nissan Bluebird Sylphy G.Ltd Octane 2006,Nissan,Bluebird,Automatic,Octane,"Tk 1,180,000",2006,"1,500 cc","62,000 km",20
Toyota Corolla 2005,Toyota,Corolla,Automatic,"CNG, Octane","Tk 1,330,000",2005,"1,500 cc","91,208 km",21
Toyota Harrier Z PACKAGE 2022,Toyota,Harrier,Automatic,Octane,"Tk 9,300,000",2022,"2,000 cc","14,000 km",4
Mitsubishi Lancer 2011,Mitsubishi,Lancer,Automatic,"Octane, LPG","Tk 880,000",2011,"1,300 cc","247,376 km",15
Toyota Esquire Gi 2019,Toyota,Esquire,Automatic,Octane,"Tk 3,950,000",2019,"2,000 cc","44,000 km",7
Toyota Vista 1996,Toyota,Vista,Automatic,"CNG, Octane","Tk 599,000",2002,"1,800 cc","110,000 km",24
Toyota Starlet 1997,Toyota,Starlet,Automatic,"CNG, Octane","Tk 570,000",2003,"1,331 cc","97,000 km",23
Toyota Axio X Hybrid 2019,Toyota,Axio,Automatic,"Hybrid, Octane","Tk 2,300,000",2019,"1,500 cc","113,000 km",7
Toyota Corolla G-FAMILY USED CAR 2005,Toyota,Corolla,Automatic,"Octane, LPG","Tk 1,380,000",2005,"1,500 cc","81,000 km",21
Toyota Noah X Smart 2010,Toyota,Noah,Automatic,Octane,"Tk 2,090,000",2010,"2,000 cc","2,015 km",16
Toyota Noah G Hybrid 2020,Toyota,Noah,Automatic,"Hybrid, Octane","Tk 3,480,000",2020,"1,800 cc","90,250 km",6
Toyota Noah G HYB 2022,Toyota,Noah,Automatic,Hybrid,"Tk 3,800,000",2022,"1,800 cc","180,000 km",4
Honda Vezel Japan Colour Pearl 2014,Honda,Vezel,Automatic,"Hybrid, Octane","Tk 1,595,000",2014,"1,500 cc","114,080 km",12
Toyota Crown READY SHOWROOM 2020,Toyota,Crown,Automatic,"Petrol, Hybrid, Octane","Tk 7,400,000",2020,"2,500 cc","49,013 km",6
Toyota Prius S TOURING SELECTION 2020,Toyota,Prius,Automatic,Hybrid,"Tk 3,400,000",2020,"1,800 cc","54,000 km",6
Toyota Premio F-L PKG 2021,Toyota,Premio,Automatic,Octane,"Tk 4,400,000",2021,"1,490 cc","33,298 km",5
Toyota Axio EX PKG HYB 2020,Toyota,Axio,Automatic,Hybrid,"Tk 2,200,000",2020,"1,500 cc","172,000 km",6
Toyota C-HR G 2020,Toyota,C-HR,Automatic,"Hybrid, Octane","Tk 3,675,000",2020,"1,790 cc","66,100 km",6
Toyota Noah X PKG 2021,Toyota,Noah,Automatic,Octane,"Tk 4,200,000",2021,"1,980 cc","93,396 km",5
Toyota Kluger V 7 Sitter 2003,Toyota,Kluger,Automatic,Octane,"Tk 1,340,000",2003,"2,400 cc","76,000 km",23
Toyota Hiace GL Bank Loan 2019,Toyota,Hiace,Automatic,"CNG, Octane","Tk 2,130,000",2019,"2,000 cc","55,000 km",7
Toyota Harrier Z pkg 2021,Toyota,Harrier,Automatic,Hybrid,"Tk 7,800,000",2021,"2,500 cc","45,000 km",5
Toyota Axio X Limited 2010,Toyota,Axio,Automatic,"CNG, Octane","Tk 1,560,000",2010,"1,500 cc","82,000 km",16
